:020000040800F2
:1000000050D400206102000833700008E15100085C
:1000100031700008C1160008059F000800000000AC
:10002000000000000000000000000000A101000826
:10003000B91E000800000000FD010008197B00083F
:100040007B0200087B0200087B0200087B0200089C
:100050007B0200087B020008BB1E00087B02000830
:100060007B020008C11E0008C71E00087B020008B2
:10007000191C00087B0200087B0200087B020008B4
:100080007B0200087B0200087B020008D1160008F2
:10009000C51600087B0200087B020008CD1E000880
:1000A0007B0200087B0200087B0200087B0200083C
:1000B000E97B00087B0200087B0200087B02000845
:1000C0007B0200087B0200087B0200087B0200081C
:1000D0007B020008F58300087B0200087B02000811
:1000E0007B0200087B0200087B0200087B020008FC
:1000F0007B0200087B0200087B0200087B020008EC
:100100007B0200087B0200087B0200087B020008DB
:100110007B0200087B0200087B0200087B020008CB
:100120007B020008251C00087B0200087B020008F7
:100130007B0200087B0200087B020008E916000829
:100140007B020008DD1600087B0200086D720008C3
:10015000311C00083D1C0008491C000801840008EF
:100160007B0200087B0200087B0200087B0200087B
:100170007B0200087B0200087B02000800000000F0
:100180007B0200087B020008DFF810D001F058F86D
:100190000048004739BC0008AFF3008050D400206D
:1001A0002C4B19680868B0E8F04F80F30988BFF35A
:1001B0006F8F4FF0000080F311887047000000003F
:1001C00008480068006880F308884FF0000080F35A
:1001D000148862B661B6BFF34F8FBFF36F8F00DF35
:1001E00000BF00BF08ED00E0DFF80C00016841F43B
:1001F00070010160704700BF88ED00E0EFF30980F7
:10020000BFF36F8F134B1A681EF0100F08BF20ED5D
:10021000108A20E9F04F106009B44FF0500080F3CD
:100220001188BFF34F8FBFF36F8F0CF0A9FD4FF014
:10023000000080F3118809BC19680868B0E8F04F25
:100240001EF0100F08BFB0EC108A80F30988BFF3CE
:100250006F8F70475C010020EFF30580704700004E
:100260000648804706480047FEE7FEE7FEE7FEE750
:10027000FEE7FEE7FEE7FEE7FEE7FEE7D97B0008C4
:10028000890100089FED1A1AF5EE000A40EE010AF6
:10029000BDEEE00AF5EEC00A10EE100AF1EE10FA1B
:1002A00038BF401E00EE100A1349F7EE001AB8EEF0
:1002B000C00A30EEC00ADFED0F0A20EE200AFCEE85
:1002C000C00A10EE900AC0F3080000EE900A01EB9D
:1002D0008000F8EE600A90ED011A70EE600A90ED71
:1002E000000A71EEE01A21EE800A00EE810A7047E2
:1002F00083F9223E0000004400D60008B5EEC00A93
:10030000F1EE10FA07D2DFED1E0AB4EEE00AF1EECC
:1003100010FAA8BF7047DFED1B0AB5EEC00A60EE09
:10032000200ABDEEE01A11EE100AF1EE10FA38BF05
:10033000401E00EE100A1549F7EE001AB8EEC00A8A
:1003400030EEC00ADFED100A60EE200ABCEEE00AD3
:1003500010EE100AC0F3080000EE100A01EB800056
:10036000B8EE400A90ED011A70EEC00A90ED000A56
:1003700071EEE01A21EE800A00EE810A704700005B
:10038000CD024CB483F9223E0000004400D60008A0
:1003900070B405880E884468D1F804C05368B5422B
:1003A00008D140884988884201BF11888D42518810
:1003B000884203D070BC6FF00200704705FB00F16B
:1003C000880827D094ED001ADCED000A94ED010AAC
:1003D000DCED011A31EE201AD4ED020A70EE211A7A
:1003E0009CED020A83ED001AC3ED011A94ED031A85
:1003F000DCED031A30EE800A401E71EE210A83ED17
:10040000020A04F11004C3ED030A03F110030CF116
:10041000100CD7D111F0030030D0B0F1004F30D222
:1004200000282BDD211F1B1FACF1040210F0010F6F
:100430000AD091ED010AD2ED010A091D121D30EE1C
:10044000200A83ED010A1B1D400817D091ED010A17
:10045000D2ED010A401E30EE200A83ED010A91ED33
:10046000020AD2ED020A01F1080102F1080230EE9F
:10047000200A83ED020A03F10803E7D170BC0020D3
:100480007047B4EC010A401EFCEC010A30EE200A71
:10049000A3EC010AF5D1F1E7018042804360704787
:1004A0002DE9F34F84B004984068009048680190AB
:1004B0000498B0F800E04588DFEDFE0A00200290C5
:1004C000B0EE600AAE4506D108884988884204BF6C
:1004D0007146864504D06FF0020006B0BDE8F08F8B
:1004E00001985FEA010C18BFB7EE001A3DD000BFBB
:1004F000BEEB0C0117D0B1F1004F80F01F82002934
:1005000011DD021F11F0010F1CBFC2ED010A121D07
:100510004B1006D0C2ED010AC2ED020A08325B1E82
:10052000F8D100EB8100BCF10102A0EC011A19D056
:10053000B2F1004F80F00882002A13DD031F12F091
:10054000010F1CBFC3ED010A1B1D511008D000BFD5
:10055000C3ED010AC3ED020A491E03F10803F7D1F6
:1005600000EB8200BCF1010CC2D14FF000080395F2
:10057000002D14BFB0EE602A002000F0BF8100BF44
:10058000009908FB05F001EB800B0199DBED002AD7
:1005900001EB80000346F0EE421AC64552D9AEEB9D
:1005A0000802ABEB850112F0010F17D001EB8501BA
:1005B00091ED000AB5EEC00AF1EE10FA07DDB4EED7
:1005C000E10AF1EE10FA09DDF0EE401A06E0B1EEB4
:1005D000400AF4EEC01AF1EE10FAF5D3521031D001
:1005E00001EB850C9CED000AB5EEC00AF1EE10FAA5
:1005F00005DDB4EEE10AF1EE10FA09DD06E0B1EE38
:10060000400AF4EEC01AF1EE10FA01D2F0EE401AF0
:1006100001EBC50191ED000AB5EEC00AF1EE10FA4A
:1006200005DDB4EEE10AF1EE10FA09DD06E0B1EE07
:10063000400AF4EEC01AF1EE10FA01D2F0EE401AC0
:10064000521ECDD1F5EEC01AF1EE10FA00F0738112
:10065000F5EEC02A0126F1EE10FA0099D4BFB1EEF2
:10066000620AB0EE620AB4EE610AF1EE10FA1CBF43
:10067000AEEB0802B2F1010C47D005FB08F201EB2A
:10068000820292ED001A00BFB0EE410A05FB06F4AB
:10069000B5EEC00A00EB8404F1EE10FACCBFF0EE28
:1006A000400AF1EE400AF4EE610AF1EE10FA28D1A8
:1006B000B5EB080C11D0BCF1004F7DD2BCF1000F9E
:1006C0000BDD00BF92ED000AD1ED000ABCF1010C78
:1006D000E2EC010AA1EC010AF4D129000ED0B1F13B
:1006E000004F6AD2002909DD94ED000AD0ED000A1E
:1006F000491EE4EC010AA0EC010AF5D101200290A8
:100700000BE0761CBCF1010CBED10298012804D08C
:10071000F5EEC02AF1EE10FA7ED09BED000AB5EBA3
:1007200008009A465946064622D0B0F1004F74D2CE
:1007300000281DDD091F10F0010F06D0F0EE400A61
:1007400080EEA01A81ED011A091D401010D000BFE3
:10075000D1ED010A401E80EE801A81ED011A91ED63
:10076000021AC1EE000AC1ED020A01F10801EFD13F
:10077000280026D0B0F1004F7ED2002821DDAAF15A
:10078000040110F0010F06D0D1ED010A80EE801AAD
:1007900081ED011A091D401013D000BFD1ED010AEF
:1007A000401E80EE801A81ED011AD1ED020A80EE22
:1007B000801A81ED021A01E0CBE0D6E001F10801D8
:1007C000ECD1DDE900124FF000095FEA0E0773D0AB
:1007D000C14504BF01EB860102EB850274D091EDA7
:1007E000000ADC465046331E35D01C46B6F1004F99
:1007F0007ED2002C2FDD0B1FABF1040C16F0010F85
:100800000FD0F0EE400ADCED011AB0EE601A00EEF7
:10081000E11A83ED011A01E08DE0B1E01B1D0CF13E
:10082000040C741015D000BFD3ED010A9CED011A21
:1008300040EE410AC3ED010AD3ED020A9CED021A13
:100840000CF1080C40EE410AC3ED020A0833641EA5
:10085000EAD101EB86012B0036D0B3F1004F72D202
:10086000002B31DDA2F1040CAAF1040013F0010FFA
:100870000CD0DCED010A00E08BE090ED011A001DC8
:1008800040EE410ACCED010A0CF1040C5C1019D0C9
:10089000DCED010A90ED011A40EE410ACCED010AAF
:1008A000DCED020A90ED021A083040EE410ACCED70
:1008B000020A03E0000000000DE005E0641E0CF1F8
:1008C000080CE5D102EB830201EB88017F1E09F1E0
:1008D00001097FF47DAF009808F10108001D009028
:1008E0000398401E03907FF44BAE0299012900E06B
:1008F00058E004BF06B0BDE8F08F00BFB5EEC00AF7
:10090000F1EE10FA7FF4E9AD04990EFB05F3002B2C
:100910004A684FF000010BD902EB810C9CED000AF4
:10092000B5EEC00AF1EE10FA02D1491C8B42F3D8A1
:100930008B427FF4D2AD6FF00400CEE5E0EC010A0B
:10094000491EFBD1EFE538E0E0EC010A521EFBD175
:1009500008E692ED000AD1ED000ABCF1010CE2ECD0
:10096000010AA1EC010AF4D1B7E694ED000AD0ED3A
:10097000000A491EE4EC010AA0EC010AF5D1BDE62B
:10098000D1ED000A401E80EE801AA1EC011AF7D1C9
:10099000EEE6D3ED000A401E80EE801AA3EC011AA9
:1009A000F7D10EE7BCEC011AD1ED000A5B1E40EE58
:1009B000410AE1EC010AF5D14DE7B0EC011AD2EDA4
:1009C000000A5B1E40EE410AE2EC010AF5D17BE72A
:1009D0002DE9F04F82B04668536801930588478837
:1009E0004B88002000900888874201BFB2F800C001
:1009F0006545528893421EBF6FF0020002B0BDE809
:100A0000F08F9FED412A4FEA970EC7F3400B00BFCE
:100A1000DDE9000202EB800A4A6898464FF00009BF
:100A2000B0EE420AB4465FEA0E0025D092ED001AFD
:100A3000DCED001A02EB8302DCED010A01EE810A13
:100A400092ED001A02EB8302401ED2ED001A02EB77
:100A5000830200EE810A9CED021ADCED030A000419
:100A60000CF1100C000C01EE210A92ED001A02EBC1
:100A7000830200EE810AD9D117F0030026D0ACF131
:100A80000404A2EB830210F0010F08D002EB8302F2
:100A9000D4ED010A92ED001A241D00EE810A5FEAEE
:100AA0000B0013D002EB830CD4ED010A9CED001A6D
:100AB00002EBC302401E00EE810AD4ED020A92ED61
:100AC000001A04F1080400EE810AEBD109F10100DB
:100AD000AAEC010A1FFA80F9486800EB8902A8F124
:100AE00001001FFA80F8B8F1000F99D1009806EBC9
:100AF0008706184480B20090681E05042D0C87D12B
:100B000002B00020BDE8F08F0000000070B405883E
:100B10000E884468D1F804C05368B54208D14088B3
:100B20004988884201BF11888D425188884203D08C
:100B300070BC6FF00200704705FB00F1880827D0F9
:100B400094ED001ADCED000A94ED010ADCED011AC7
:100B500031EE601AD4ED020A70EE611A9CED020AC1
:100B600083ED001AC3ED011A94ED031ADCED031AAC
:100B700030EEC00A401E71EE610A83ED020A04F1F4
:100B80001004C3ED030A03F110030CF1100CD7D1CC
:100B900011F0030030D0B0F1004F30D200282BDD2F
:100BA000211F1B1FACF1040210F0010F0AD091EDC0
:100BB000010AD2ED010A091D121D30EE600A83ED13
:100BC000010A1B1D400817D091ED010AD2ED010A60
:100BD000401E30EE600A83ED010A91ED020AD2ED6B
:100BE000020A01F1080102F1080230EE600A83ED09
:100BF000020A03F10803E7D170BC00207047B4EC8F
:100C0000010A401EFCEC010A30EE600AA3EC010A66
:100C1000F5D1F1E72DE9F04F02884768B0F802807E
:100C20004888D1F8049082B04FF0000A16468242FC
:100C300007BF098888456FF0020002B018BFBDE801
:100C4000F08F4FEA980B02EB42000190C8F340008E
:100C5000CDF8000009EB8A01BBF1000F33D00198F9
:100C600001EB820C01EB80043B46E64601EBC2053A
:100C70004FEA0B0093ED000A401E81ED000A93ED50
:100C8000010A01EB02118CED000A93ED020A0CEB54
:100C9000021C85ED000A93ED030A05EB021584EDB5
:100CA000000A04EB021403F11003E3D10EEB8200FF
:100CB00000EB820000EB8201ABF10100504307EB37
:100CC0000B1701EB001118F0030C21D03B1FA1EB17
:100CD00082011CF0010F06D093ED010A01EB8201A5
:100CE0001B1D81ED000A009880B100BF93ED010A41
:100CF00001EB820401EBC20184ED000A93ED020ACC
:100D0000401E81ED000A03F10803EFD107EB8C07C9
:100D10000AF101001FFA80FA701E0604360C99D100
:100D200002B00020BDE8F08F2DE9F05F05460020FD
:100D300092469B4688460646814640241BE028464C
:100D400041464746224600F0C4F953465A46C01A67
:100D5000914110D311461846224600F0ABF92D1AE6
:100D600067EB01084F4622460120002100F0A2F95E
:100D700017EB00094E41201EA4F10104DFDC4846B8
:100D800031462A464346BDE8F09F40EA01039B07EF
:100D900003D009E008C9121F08C0042AFAD203E0F0
:100DA00011F8013B00F8013B521EF9D27047D2B254
:100DB00001E000F8012B491EFBD270470022F6E744
:100DC00010B513460A4604461946FFF7F0FF2046C1
:100DD00010BD2DE9FE4F804681EA0300C00F0C468E
:100DE000009021F0004123F00045B8EB0200A9413A
:100DF00005D24046214690461C460B46024623F04B
:100E00000040104347D0270DC7F30A00C3F30A512F
:100E10000290401A019040286BDAC3F3130040F4AB
:100E2000801B0098924620B10023D2EB030A63EBAB
:100E30000B0B01985946C0F14002504600F03AF9B8
:100E400006460D4650465946019A00F052F910EBFD
:100E500008006141002487EA115284EAE7731A43CB
:100E600040D0009A62B3019A012A4FEA075215DC7A
:100E7000001B61EB02014FF0004202EA0752CDE98C
:100E80000042001C41F5801132462B4600F089F9E2
:100E900003B0BDE8F08F40462146F9E7001B61EB47
:100EA0000201001C41F5801300185B412018A2F5D7
:100EB000001747EB030140EAD570B6196D4111E008
:100EC0006D084FEA360645EAC0754FEA0752001B27
:100ED00061EB0201001C41F5801149084FEA300026
:100EE0000019514132462B4603B0BDE8F04F00F0E7
:100EF00049B90098012240000023D0EB020263EBC5
:100F0000E073009821464FEAE074B8EB000061EB13
:100F10000401E9E783F000435BE781F0004158E713
:100F20002DE9FE4F81EA030404F0004421F0004162
:100F300000944FF0000B23F0004350EA01045ED010
:100F400052EA03045BD0C3F30A54C1F30A552C449C
:100F5000A4F2F3340194A0FB0254C1F3130141F451
:100F60008011C3F3130343F4801301FB024400FB1D
:100F7000034E840A970A44EA815447EA8357A4FB44
:100F8000076802958D0A05FB07854FEA932C04FB41
:100F90000C542705029D4FEA065847EA1637B5EB71
:100FA00008056EEB070C870E920E47EA811742EA9E
:100FB0008312A7FB0201B6EB0B0164EB00042B0DBF
:100FC00043EA0C335E1844EB1C50DA465146E7FB0B
:100FD0000201C5F313044FEA0B3343EA14534FEAFB
:100FE0000432019C43EA0603A4F10C040294009C21
:100FF000CDE900B400F0D5F803B0BDE8F08F0020D3
:101000000146F9E70EB5C10F80EAE0700844CA074F
:10101000002140F233438DE80E000A460B4600F0F3
:10102000C0F803B000BD00F0004230F000400AD02C
:10103000C10D01F56071C0F3160042EA0151C2080A
:1010400040071143704700200146704730B5041E29
:1010500071F1000404DB4FF00044404264EB0101F5
:10106000141E73F1000405DB1C464FF0004352428E
:1010700063EB04038B4208BF824230BD01F00043A2
:1010800030B421F0004150EA010206D00A0DA2F569
:101090006072C1F31301002A02DC30BC00207047EB
:1010A000440F44EAC104C100E01830BC00EBC25058
:1010B00000F031B8202A04DB203A00FA02F10020C7
:1010C00070479140C2F1200320FA03F31943904086
:1010D0007047202A04DB203A21FA02F000217047F1
:1010E00021FA02F3D040C2F1200291400843194690
:1010F0007047202A06DBCB17203A41FA02F043EA78
:10110000E07306E041FA02F3D040C2F120029140C0
:101110000843194670470029A8BF7047401C490082
:1011200008BF20F00100704710B4B0FA80FC00FA4C
:101130000CF050EA010404BF10BC704749B1CCF177
:10114000200421FA04F411FA0CF118BF0121214303
:101150000843A3EB0C01CB1D4FEA00614FEA1020BE
:1011600042BF002010BC704700EBC3501044002960
:10117000A4BF10BC7047401C490008BF20F001000C
:1011800010BC704710B5141E73F1000408DA401C3F
:1011900041F1000192185B411A4301D120F0010096
:1011A00010BD2DE9F04D92469B4611B1B1FA81F286
:1011B00002E0B0FA80F220329046FFF77BFF04464F
:1011C0000F4640EA0A0041EA0B0153465A460843DB
:1011D00013D0114653EA010019D0C8F1400250461D
:1011E000FFF777FF05460E46504659464246FFF741
:1011F00061FF084305D0012004E020463946BDE8E0
:10120000F08D0020054346EAE0762C4337430A98E8
:101210006305E40AA0EB08000022FD0A44EA4754F3
:101220000A3002D500200146E9E70105101969419D
:10123000DDE9084500196941BDE8F04DA2E700006D
:10124000064C074D06E0E06840F0010394E8070013
:1012500098471034AC42F6D3FEF79AFF68DE0008D8
:1012600088DE000870B58C1810F8015B15F00703D4
:1012700001D110F8013B2A1106D110F8012B03E02F
:1012800010F8016B01F8016B5B1EF9D12B0705D437
:101290000023521E0DD401F8013BFAE710F8013B80
:1012A000CB1A921C03E013F8015B01F8015B521E9C
:1012B000F9D5A142D8D3002070BD0000DFED0C0AA3
:1012C00020EE200ADFED0B0A80EE201ABDEEC11AD7
:1012D00011EE100AC10702D0002807DB401C01EE06
:1012E000100AB8EEC11A01EE600A7047401EF6E718
:1012F000DE2E65420000344301221021014801F036
:101300007FBD00000000024000221021014801F0D2
:1013100077BD00000000024001221146014801F0A3
:101320006FBD00000004024000220121014801F0CD
:1013300067BD00000004024070B50546FFF7E4FFFA
:10134000922000F02DF906226549122000F00AF9DA
:10135000FFF7D2FF624CA4F11C06607821780002EE
:1013600000B2084300EE100AD6ED030AB8EEC00A38
:1013700060EE200A95ED080A60EE800AC5ED000ACD
:10138000E078A178000200B2084300EE900A96EDE2
:10139000031AF8EEE00A60EE810A60EE800AC5EDFD
:1013A000010A60792179000200B2084300EE900A38
:1013B0003081F8EEE00A60EE810A20EE800A85EDC9
:1013C000020AFFF7B1FF08222146002000F0CAF808
:1013D000FFF7A2FF20780F285AD1F078A1780028D3
:1013E000E0784FEA002000B240EA01002BD000EE86
:1013F000100AD5ED090AB8EEC01A96ED040A51EEAE
:10140000000AC5ED030A60792179000200B20843A1
:1014100000EE900A95ED0A1AF8EEE00A10EE801A36
:1014200085ED041AE079A179000200B2084300EECC
:10143000900A308195ED0B1AF8EEE00A10EE801A52
:1014400085ED051A24E000EE100AF8EEC00A96EDCC
:10145000040A60EE800AC5ED030A60792179000272
:1014600000B2084300EE900AF8EEE00A60EE800A4F
:10147000C5ED040AE079A179000200B2084300EE4C
:10148000900A3081F8EEE00A20EE800A85ED050A28
:10149000FFF73AFFA22000F083F802221049222031
:1014A00000F060F8FFF728FF20786178C00040EA7C
:1014B00051103081B0F5806F02DBA0F50060308103
:1014C000B6F90800B4EE001A00EE100AF8EEC00AF1
:1014D000B3EE070A00EE810A85ED070A70BD000031
:1014E0008802002070B50D461649174C0860002090
:1014F000A07009F0F9F8A1780843A07009F088F904
:10150000A1780843A0701DB1104800F037F916E02B
:101510000E489FED0F0A80ED090A9FED0E0A80ED3F
:101520000A0A80ED0B0A9FED0C0A80ED0C0A9FED74
:101530000B0A80ED080A9FED0A0A80ED060AA078E2
:1015400070BD0000B40200206C020020A48E0020B8
:10155000AC38223BB016CE393F161B41C48B813FBD
:101560000000204270B514460D4640F0800000F0A7
:1015700017F806E0552000F013F8641E05F8010B7B
:10158000E4B2002CF6D170BD10B50C4640F08000DE
:1015900000F006F8552000F003F8207010BD0000A0
:1015A00001B582B04FF47A7000900548012301AA7A
:1015B00002A9006802F0DEFE9DF804000EBD0000E6
:1015C000B402002010B50C46FFF7EAFF2046BDE844
:1015D0001040FFF7E5BFB6EE000AD2ED020AF0EECA
:1015E000401A92ED031A40EEE01A90ED002AD2ED77
:1015F000012AD0ED013A22EEA03A41EE411A21EE45
:10160000822AD2ED001A01EEC13A22EE811A01EED1
:10161000A01A03EE232AD0ED020AF0EE001A01EE22
:10162000202A62EE210AC1ED000A92ED011AD2EDE4
:10163000023A92ED002AD2ED030A61EE232A90EDE0
:10164000003A90ED014A42EE202A62EE832AB0EE83
:10165000403A01EE413A00EEE03A63EEA00A42EE73
:10166000410A43EE042A90ED021A40EE812A62EE0E
:10167000A10AC1ED010A92ED011AD2ED032AD2EDC1
:10168000020A92ED003A21EE222A60EEA22AD0ED63
:10169000003A01EE410A03EE602A43EE012A90ED82
:1016A000013A00EEE00A22EE232AD0ED020A02EE11
:1016B000832A00EE202A22EE210A81ED020A7047D9
:1016C000FEE70000014800F0F6BD0000B00C00206D
:1016D000014800F0F0BD0000B00C0020014800F00F
:1016E000EABD0000D80C0020014800F0E4BD000075
:1016F000D80C0020002070470020704710B5002251
:101700000449054807F062F80449034807F051F816
:10171000002010BDA41E0020C8110020A416002027
:1017200070B50D4604460146064807F042F80548E4
:1017300007F018F8214604482A6806F041FC00200A
:1017400070BD0000C8110020080A0020002070476A
:10175000094A10B5D2F8BC22D2F814220AB10120ED
:1017600010BD0A460146044807F030F8BDE81040B5
:10177000014807F0A5B80000C81100202DE9F04F7E
:1017800004462DED048B89B000200090019000F0FC
:1017900003FBED4DDFF8B4B3DFF8B49385ED050A34
:1017A00002AE0DF114084FF07C5A00BF00F0F4FABD
:1017B000D5ED050A30EE600A10EE100A584512DD2C
:1017C0009FEDE40A84ED090A9FEDE30A84ED0A0A1D
:1017D00084ED0B0A9FEDE10A84ED0C0A9FEDE00A0F
:1017E00084ED060A8BE19FEDDF0A00F099FA9FED88
:1017F000DE0A002784ED0C0A84ED090A84ED0A0A4A
:1018000084ED0B0AFBE000BFFFF77EFD9220FFF79F
:10181000C7FE062269461220FFF7A4FEFFF76CFD03
:101820009DF801009DF80010000200B2084300EE90
:10183000100AD5ED030AB8EEC00A60EE201AC4ED16
:10184000001A9DF803009DF80210000200B2084340
:1018500000EE100A95ED031AB8EEC00A60EE010A18
:10186000C4ED010A9DF805009DF80410000200B2C5
:10187000084300EE100AB8EEC00A20EE011A21EE6D
:10188000A10A84ED021A00EEA00A01EE010A08F096
:101890009FFEB0EE408A94ED0C0A30EE080A84ED0B
:1018A0000C0AFFF741FD082269460020FFF75AFEA7
:1018B000FFF732FD9DF800000F2840D19DF803008E
:1018C0009DF80210000200B2084300EE100AD5EDA8
:1018D000040AB8EEC00A20EE200A84ED030A94ED53
:1018E000091A31EE000A84ED090A9DF805009DF8F9
:1018F0000410000200B2084300EE100AB8EEC00A5D
:1019000020EE200A84ED040A94ED0A1A31EE000A52
:1019100084ED0A0A9DF807009DF80610000200B247
:10192000084300EE100AB8EEC00A20EE200A84ED4B
:10193000050AD4ED0B0A30EE800A84ED0B0A002F65
:101940007ED0B4EEC98AF1EE10FA01DDB0EE489A0D
:10195000B4EEE88AF1EE10FA01D2F0EE488A0020E7
:101960004FEA080204EB800191ED030A06EB8001C7
:10197000D1ED000AB4EEE00AF1EE10FA01DD81EDDE
:10198000000A02EB8001D1ED000AB4EEE00AF1EEAC
:1019900010FA01D281ED000A401CC0B20328E1D345
:1019A00039EE680A0020424685ED060A4FEA090131
:1019B00006EB8003D3ED000A02EB800393ED001ADF
:1019C00001EB8003401C70EEC10AC0B20328C3EDD6
:1019D000000AEDD310EE100A504514DC63480A6883
:1019E000824210DC4A6882420DDCD9F8081081423C
:1019F00009DC9FED5F0A00F093F97F1CBFB2E88815
:101A00008742FFF401AFE988D4ED0C0A00EE101A0A
:101A10002F460020B8EE400A80EE801A84ED0C1AA2
:101A200000EE101A04EB8002401CB8EE400AD2ED22
:101A3000090AC0B2032880EE801A82ED091A00E07C
:101A40006AE0EDD3FFF760FCA220FFF7A9FD0222B8
:101A500069462220FFF786FDFFF74EFC9DF8000047
:101A60009DF80110C00040EA5110B0F5806F01DB15
:101A7000A0F5006000EE100AB4EE001AF8EEC00AFD
:101A8000B3EE070A00EE810A84ED060AB888401C0E
:101A9000B880B86950453FF789AE94ED0C0ADFED88
:101AA000350A30EE600AB0EEC00A10EE100A50455A
:101AB000F1DC2E48D9F800104A468142EBDC51682F
:101AC0008142E8DCD9F808108142E4DC94ED090A8F
:101AD0002948B0EEC00A10EE101A8142DBDC94ED0A
:101AE0000A0AB0EEC00A10EE101A8142D3DC94ED5F
:101AF0000B0AB0EEC00A10EE101A8142CBDC94ED56
:101B00000C0ADFED1E0A80EE801A84ED081A09B077
:101B1000BDEC048BBDE8F08FB0EE489AF0EE488A39
:101B20000020414604EB800292ED030A06EB80029E
:101B300082ED000A01EB8002401CC0B282ED000A77
:101B40000328EFD32CE700006C02002000002041A6
:101B5000988E0020AC38223BB016CE393F161B4180
:101B6000000020420AD7A33B000000009A99193ECA
:101B70006F12033ACDCC1C410AD7233CC3F51C415C
:101B800030B587B014216846FFF718F90E48016890
:101B900041F48071016000680C4D00F480704FF4D6
:101BA0008064059000222146284601F029F9012091
:101BB000CDE90040022002900320039069462846A8
:101BC00001F026F807B030BD30380240001C02405A
:101BD00008F03AFF0F4C002505EB450004EBC0016F
:101BE00054F83020521C44F830204B689A4207D9F0
:101BF00001220A7244F83030C86818B1804701E009
:101C0000002008726D1CEDB2082DE5D305200BF005
:101C100053F8E0E790040020014800F067BE0000A0
:101C200060100020014800F061BE0000201100207B
:101C3000014800F05BBE0000A00F0020014800F04A
:101C400055BE0000C0100020014800F04FBE00004B
:101C50000010002001681823CAB2103AB2FBF3F258
:101C6000054B6FF30901032A9B5CC36500D9091D6D
:101C7000816508467047000020D2000810B5014673
:101C800000208B698A6A4FF0C07453B1B3F5005FCE
:101C900015D072B1012A0CD0022A0AD0032A09D128
:101CA00004E01AB1012A06D0022A03D1C96AC90187
:101CB00000D5012010BDC96AA142FAD010BD002A8A
:101CC000F7D0012AF2D0022AF3D0032AF3D010BDB4
:101CD00030B50468256825F48025256004686360B4
:101CE0008368402B036803D099600068C26030BDF0
:101CF0009A600068C16030BD074808B54068009030
:101D0000014606480269914202D2C168491CC1607D
:101D10000099016108BD0000001000E09003002060
:101D20000A4948680A4AD2ED000A4A68121AF8EECF
:101D3000601A01EE102AB8EE411A60EE211AB4EED4
:101D4000E11AF1EE10FAF0D370470000001000E045
:101D50009003002000B50E492DED028B81B049683B
:101D600000910168009A511A00EE101A0949F8EE24
:101D7000400A91ED000A0260B8EE400A80EE808AC7
:101D8000FFF7BAFF01B0B0EE480ABDEC028B00BD10
:101D9000001000E09003002010B500F043F80C485C
:101DA0009FED0C1A818890ED000A00EE901AC08811
:101DB000B8EE400AF8EE600A00EE810A00EE900AE2
:101DC0009FED051AF8EE600A00EE810A10BD0000D2
:101DD000C00300206F12833ABD3786350D490A686B
:101DE00042F080720A600C4900224A600B6843F09E
:101DF00001030B6009494FF47A734843B0FBF3F3D6
:101E00000749C1E90003054BB0FBF3F0C1E9020249
:101E100070470000FCED00E0001000E040420F00C1
:101E2000900300202DE9F843214840680090FFF717
:101E300063FF204F0024009EF8684FF0FF312546D5
:101E4000E0FB0165C7E90E65D7F8008023464246EE
:101E500030462946FEF768FFA0FB083CC7E90601AB
:101E600001FB08C100FB0411F61A65EB0105C7E987
:101E7000086507F130080023C8F80000D7F804907F
:101E800030464A462946FEF74FFF80B2A8F80400C4
:101E900000FB09F0301A65EB0405C7E90A0529467D
:101EA0000023BA68FEF740FFA8F80600BDE8F883F3
:101EB000001000E0900300207047012000F09CBE5D
:101EC000082000F099BE102000F096BE202000F0FF
:101ED00093BEB6EE000AD2ED020AF0EE401A92ED81
:101EE000031A40EEE01A90ED002AD2ED012AD0ED5F
:101EF000013A22EEA03A41EE411A21EE822AD2EDB9
:101F0000001A01EE813A22EE811A01EEE01A03EE88
:101F1000232AD0ED020AF0EE001A01EE202A62EE2A
:101F2000210AC1ED000A92ED011AD2ED023A92EDBA
:101F3000002AD2ED030A61EE232A90ED003A90EDDB
:101F4000014A42EE602A62EE832AB0EE403A01EE88
:101F5000413A00EEE03A63EEA00A42EE010A43EE97
:101F6000042A90ED021A40EE812A62EEA10AC1ED28
:101F7000010A92ED011AD2ED032AD2ED020A92ED86
:101F8000003A21EE222A60EEA22AD0ED003A01EEBC
:101F9000410A03EE202A43EE412A90ED013A00EE79
:101FA000E00A22EE232AD0ED020A02EE832A00EE96
:101FB000202A22EE210A81ED020A704772B6FEE75E
:101FC00090F82020012A07D0022A05D0416A41F466
:101FD0008021416201207047006842690A434261E2
:101FE00000207047F0B590F820500468A468012DD7
:101FF00005D0022D03D0416A41F4802157E014F04E
:10200000406F01D1E5004FD5C4F301640125A5401F
:102010001D608D684FF4C0739DB1CE6835434E6826
:1020200045EAC605066803EB0417F5514FF4C2757F
:10203000076805EB04150E697E51097D012905D05D
:1020400009E00E88CD6845EA4655EBE701684E5930
:1020500046F480764E511179D579567941EA056179
:1020600095792D0445EA062529434FF4C67605687F
:1020700006EB0416A9511178D57841EA05619578E7
:1020800052782D0445EA022211434FF4C4750268C8
:1020900005EB04155151006803EB0411425842F05E
:1020A000010242500020F0BD416A41F4001141623A
:1020B0000120F0BD10B590F82020012A07D0022A97
:1020C00005D0416A41F480214162012010BD3B48A6
:1020D000D0F8002242F00102C0F80022D0F800221D
:1020E00022F47C52C0F80022D0F800224B6A42EA67
:1020F0000322C0F800220A7D02F01F0301229A4049
:10210000D0F81C329343C0F81C32CB69B3B9D0F875
:102110000C329343C0F80C328C894B6864F31F4334
:102120004C6900EBC404C4F840320C890B6864F3BA
:102130001F434C6900EBC404C4F84432CB69012B43
:1021400016D1D0F80C321343C0F80C320C884B680F
:1021500064F31F434C6900EBC404C4F840320C899B
:10216000CB6864F31F434C6900EBC404C4F84432E9
:102170008B69002BD0F804320ED01343C0F8043220
:102180000B69002BD0F8143208D01343C0F8143276
:10219000096A012904D008E09343EFE79343F5E788
:1021A000D0F81C121143C0F81C12D0F8001221F014
:1021B0000101C0F80012002010BD000000640040C2
:1021C000704770B590F82040012C05D0022C03D048
:1021D000416A41F4802128E0046809B32469A40716
:1021E00020D04FF4D874056804EB01142D5915F074
:1021F0000405956005682D591AD0ED0855600568ED
:102200002C5904F00204D4604FF4DA74056804EB2E
:1022100001142E5906F00F06082E0CD308250DE0E8
:10222000E468DCE7416A41F400114162012070BDBD
:102230006D0D1560E3E72D5905F00F051561056873
:102240002D59C5F30725956105682C59240C546157
:102250004FF4DC72046802EB0112A4581C7004688D
:10226000A458240A5C700468A458240C9C70046868
:10227000A258120EDA704FF4DE72046802EB0112FB
:10228000A4581C710468A458240A5C710468A458FA
:10229000240C9C710468A258120EDA71006829B1EE
:1022A000016941F020010161002070BDC16841F069
:1022B0002001C160F8E72DE9F05F054600680024C1
:1022C0004669D0F804908768D0F80CB0D0F810A018
:1022D000D0F81880F10748D0F90714D001218160A7
:1022E000B80703D5284600F0A0FA0CE0780702D51D
:1022F0004FF4006407E0380702D54FF4805402E041
:10230000284600F091FAF80516D529684FF4807038
:102310008860B80503D5284600F089FA0CE07805F6
:1023200002D544F4005407E0380502D544F4804453
:1023300002E0284600F07AFAF80316D529684FF42F
:1023400080308860B80303D5284600F072FA0CE0AC
:10235000780302D544F4004407E0380302D544F47E
:10236000803402E0284600F063FA300707D55FEAC0
:10237000CB6004D52968102044F40074C86070074D
:102380004FF0080707D55FEA0B7004D52868C760CF
:10239000284600F0A9F9B00706D52868C06880076C
:1023A00002D0284600F0A2F9700607D55FEACA609D
:1023B00004D52968102044F480640861B00607D56C
:1023C0005FEA0A7004D528680761284600F0D4F94E
:1023D000F00606D528680069800702D0284600F07C
:1023E000CDF9B00308D55FEAC96005D5296810208A
:1023F0004860284600F0EAF9F00307D55FEA097063
:1024000004D528684760284600F014FA300446D501
:102410005FEA497040D5F00504D55FEAC87001D085
:1024200044F00104B00504D55FEA887001D544F09A
:102430000204700504D55FEA487001D544F0040435
:10244000300529D518F0700F26D008F0700040280C
:1024500015D006DC102809D020280AD0302816D143
:102460000AE050280ED0602811D10EE044F0080494
:102470000DE044F010040AE044F0200407E044F0CA
:10248000400404E044F0800401E044F480742868CF
:10249000816921F070018161296804204860002C65
:1024A00005D0686A204368622846FFF789FEBDE8C8
:1024B000F09F70B5040003D094F8200010B104E040
:1024C000012070BD204600F081F82068016841F0CD
:1024D0000101016000F09AFC0546052604E000F0C9
:1024E00095FC401B0A2811D820684068C007F6D028
:1024F0002068016821F00201016000F087FC0546B8
:102500000BE000F083FC401B0A2806D9606A40F407
:102510000030606284F82060D2E72068406880075D
:10252000EFD4207E0128206801683DD021F0800191
:102530000160607E01282068016838D021F04001E8
:102540000160A07E01282068016833D021F02001BD
:102550000160E07E0128206801682ED041F0100162
:102560000160207F01282068016829D021F008013E
:102570000160607F01282068016824D021F00401F7
:102580000160D4E902010843D4E90412114308436D
:102590006168491E08432168C8610020606201200B
:1025A00084F82000002070BD41F08001C0E741F0B8
:1025B0004001C5E741F02001CAE721F01001CFE753
:1025C00041F00801D4E741F00401D9E7F0B587B044
:1025D000044614216846FEF7F1FB3E4B3E48DFF807
:1025E000F0E01968D4F800C03B4A03250226092709
:1025F00010300024491CF4452AD11960012907D163
:10260000016841F000710160006800F00070059001
:10261000106840F0080010601068CDE9005600F026
:102620000800CDE9047069462C48CDE9024500F068
:10263000EFFA00220521132000F086FC132000F0A1
:1026400075FC00220521142000F07EFC14203AE0E5
:10265000DFF88CE0F44538D1D0F800C04CF0806C45
:10266000C0F800C0D0F800C001290CF0806CCDF893
:1026700014C0196007D1016841F000710160006861
:1026800000F000700590106840F0020010601068C3
:1026900002AB00F0020005906020CDE9000683E85F
:1026A000B00069460F4800F0B3FA002205213F2030
:1026B00000F04AFC3F2000F039FC002205214120B7
:1026C00000F042FC412000F031FC07B0F0BD0000FA
:1026D00000640040E400002030380240000C02405A
:1026E00000680040000402407047000000B51F4A27
:1026F000016889B01268914223D16B4602AA002179
:10270000FFF75FFD00281CD119480168491C0160D2
:102710000298B0F5017F16D008DCA0F500700238F1
:1027200015D001280DD16946124813E0A0F540707C
:10273000023812D0022804D10E496846903108F0C0
:1027400038FD09B000BD0B4869465C3002E009481D
:102750006946343808F0FAFCF3E7064968469031D8
:1027600008F0C0FC062008F04BF9EAE7B00C0020A6
:10277000D0030020589200207047000000B5114A95
:10278000016889B01268914210D107AB6A460121F5
:10279000FFF717FD002809D1009848B1A0F5007097
:1027A000053803D107A9084808F0D0FC09B000BDDE
:1027B000054807A99C3008F047FC042008F020F9E0
:1027C000F4E70000D80C0020F091002070470000D2
:1027D00070B5044690F82000012804D0606A40F4E7
:1027E0000020606218E0022084F820002068016860
:1027F00021F00101016000F009FB05460EE000BF79
:1028000000F004FB401B0A2808D9606A40F400303D
:102810006062052084F82000012070BD20684068B7
:10282000C007EDD1606270BD704770477047704758
:102830007047704770472DE9F0410446876D00F0FE
:10284000E5FA064694F835000025022806D08020D7
:10285000606584F834500120BDE8F081206801688B
:1028600021F0160101602068416921F08001416179
:10287000206C08B9A06C20B12068016821F0080123
:1028800001602068016821F0010101600CE000F0A6
:10289000BDFA801B052807D920206065032084F835
:1028A000350084F83450D7E720680068C007EED1BF
:1028B00094F85C103F208840B860012084F835000F
:1028C00084F834500020C7E790F83510022903D06F
:1028D0008021416501207047052180F8351000688E
:1028E000016821F001010160002070472DE9F843E3
:1028F00004464FF00009CDF8009063484FF416519C
:10290000A56D0068B0FBF1F72E6894F85C10082004
:1029100000FA01F131420FD021680A6852070BD545
:102920000A6822F004020A6094F85C108840A860EB
:10293000606D40F00100606594F85C104FF0010894
:1029400008FA01F0304208D021684969090604D527
:10295000A860606D40F00200606594F85C1004208F
:102960008840304208D021680968890704D5A860EA
:10297000606D40F00400606594F85C1010208840A1
:10298000304218D021680968090714D5A86020686A
:102990000168490304D50068000308D5A16C07E06D
:1029A0000168C90503D4016821F008010160216CA8
:1029B00009B12046884794F85C10202088403042B6
:1029C00031D021680968C9062DD5A86094F8350072
:1029D00005282068016806D0490347D50068000330
:1029E0001DD4616C1CE021F0160101602068416972
:1029F00021F080014161206C08B9A06C20B12068F1
:102A0000016821F00801016094F85C103F208840C3
:102A1000A86084F8358084F83490216D1FE0E16B64
:102A200009B120468847606D00282BD0606DC00733
:102A300014D0052084F835002068016821F00101D8
:102A400001600098401C0090B84203D820680068DC
:102A5000C007F6D184F8358084F83490E16C002901
:102A600010D001B02046BDE8F04308470168C90511
:102A7000D5D4016821F01001016084F8358084F814
:102A80003490CCE7BDE8F883580100202DE9F041EF
:102A9000044600F0BBF906465CB1022084F835001C
:102AA000002584F834502068016821F0010101609C
:102AB0000DE00120BDE8F08100F0A8F9801B052899
:102AC00005D920206065032084F83500F2E72068EE
:102AD0000068C007F0D12268116820480140D4E99D
:102AE00001031843D4E90336334318436369184399
:102AF000A3691843E3691843236A18430843616ACA
:102B0000042903D1D4E90B1319430843106020684A
:102B10004069666A20F0070130460E430127042809
:102B20000CD1A06A0643E06A40B12046FFF7A6F840
:102B300020B14020606584F83570BAE720684661AE
:102B40002046FFF787F894F85C203F219140816090
:102B5000656584F835700020ACE700003F8010F018
:102B60002DE9F0410446866D90F8340000250128D7
:102B70000DD0012084F8340094F835700020012F26
:102B800007D084F8340002252846BDE8F0810220F1
:102B9000FBE7022784F8357060652046FFF798F858
:102BA00094F85C103F208840B0602068016841F0D4
:102BB00016010160206C20B12068016841F0080115
:102BC00001602068016841F001010160DCE700005C
:102BD00070B5044600F01AF90546601C02D004489E
:102BE0000078044400F012F9401BA042FAD370BDF3
:102BF0004C01002070470000044910B50A680242E9
:102C000002D00860FFF7F6FF10BD0000143C014041
:102C10002DE9F84FDFF8BCA10022012503264FF073
:102C20000F090AF1040BAAF1040E00BF0B6805FAA4
:102C300002F42340A34270D10F7907F00307012F5C
:102C400001D0022F16D187684FEA420806FA08FC25
:102C500027EA0C07D1F80CC00CFA08FC4CEA070C68
:102C6000C0F808C04768A7430C79C4F30014944027
:102C70003C4344600C79E443A4070AD0C4684FEA9B
:102C8000420C06FA0CF7BC438F6807FA0CF727438F
:102C9000C7600C7904F00304022C12D1D40800EBB5
:102CA000840CDCF820405707FF0E09FA07F824EAE5
:102CB0000804D1F8108008FA07F848EA0408CCF8AC
:102CC000208004684FEA420C06FA0CF7BC430F79E7
:102CD00007F0030707FA0CF7274307604C6814F462
:102CE000403F70D03C4C276847F4804727602468F9
:102CF00022F0030704F480440094384C07EB040CE2
:102D0000DCF8084897074FEA177809FA08F7BC4338
:102D1000334FB84202D1002724E054E0314FB8428B
:102D200001D101271EE0304FB84201D1022719E03E
:102D30002E4FB84201D1032714E02D4FB84201D1E4
:102D400004270FE02B4FB84201D105270AE02A4F94
:102D5000B84201D1062705E0284FB84201D1072724
:102D600000E0082707FA08F72743CCF80878DAF8D4
:102D700000405746D1F804C09C435FEACC2C00D5F4
:102D80001C433C60DBF800405F46D1F804C09C4324
:102D90005FEA8C2C00D51C433C60DEF8004077468F
:102DA000D1F804C09C435FEA8C3C00D51C433C60D6
:102DB000084F083F3C68D1F804C09C435FEACC3C14
:102DC00000D51C433C60521C102AFFF42FAFBDE815
:102DD000F88F0000083C01404438024000300140B8
:102DE000000002400004024000080240000C0240C3
:102DF000001002400014024000180240001C024073
:102E00000AB1816170470904FBE70000014880684E
:102E1000704700004C01002002488168027811448C
:102E2000816070474C0100200B4810B5016841F4E7
:102E300000710160016841F480610160016841F442
:102E400080710160032000F09FF80F2000F006F869
:102E500000F050F8002010BD003C024030B505469F
:102E6000204887B00024016841F00101016000683A
:102E700006A900F00100009001A800F0E9FE049806
:102E8000B0B100F00BFF400017494FF08042B0FB9B
:102E9000F1F11648491E026040F2E732C0E903240E
:102EA000C0E90114846101F0D1FB040003D015E0F6
:102EB00000F0F4FEE8E70D4801F00AFC04000DD133
:102EC0001C2000F033F8102D07D2002229461C20C8
:102ED00000F03AF80648056000E0012407B02046FB
:102EE00030BD00004038024040420F0080110020F9
:102EF000500100200C4882B0016841F4804101601B
:102F0000006800F4804000900748001F016841F00D
:102F1000805101600068002200F0805000900F2175
:102F2000901E02B000F010B844380240002809DBBF
:102F300000F01F02012191404009800000F1E020D3
:102F4000C0F8001170470000F0B40E4B1B680C462F
:102F5000C3F30223C3F10705042D00D90425191D6D
:102F6000072901D2002300E0DB1E012606FA05F145
:102F7000491E214099409E40761E16403143F0BCC8
:102F800007F093B80CED00E0064900F0070208686E
:102F90004FF6FF03184040EA0220034A104308603E
:102FA000704700000CED00E00000FA057047006873
:102FB000416200207047F0B50368586A39B19C6AD5
:102FC0004FF4827600EB144400204D1E0AE040EAE4
:102FD000024098620FE006EB8007DF59401C04EBCB
:102FE0001744C0B2A842F6D344EA02404FF48072BC
:102FF00002EB810158500020F0BDD0F8E00405F04C
:10300000E5BE01EBC10200EB8202D0F8E004126AD7
:1030100005F03ABE01EBC10200EB8202D0F8E004F9
:10302000D2F8602205F08BBED0F8E00405F0D0BEE7
:103030000A0601F00F0101EBC10100EB810101D58E
:10304000143101E001F51571006806F0A9BD70B5F5
:1030500004460B0601F00F0000EBC00104EB8101F8
:103060004FF001024FF0000502D54A75143103E01C
:1030700081F8555201F51571087094F894040128EF
:1030800008D084F89424206806F0A8FA84F89454B0
:10309000002070BD022070BD70B5044601F00F0025
:1030A0002279904201D9012070BD0B0601F00F0179
:1030B00001EBC10104EB81014FF001024FF000056B
:1030C00002D54A75143103E081F8555201F51571A6
:1030D0008D70087094F89404012808D084F8942422
:1030E000206806F0EDFB84F89454002070BD0220A7
:1030F00070BD01F00F0101EBC10100EB8100D0F8C0
:10310000680270472DE9F04104460F0601F00F00F8
:1031100000EBC00104EB81014FF001064FF0000508
:1031200002D54E75143103E081F8555201F5157141
:1031300008708A600B714A7802B14883022B00D173
:103140004D7194F89404012809D084F8946420689F
:1031500006F096F9284684F89454BDE8F0810220E0
:10316000FBE710B501F00F0404EBC40100EB810193
:10317000C1E998230023C1F8683281F8553281F8FB
:103180005442837901F51571012B00D1CA6182790E
:10319000006806F0EDFB002010BD70B504460D463A
:1031A00001F00F002179884201D9012070BD290664
:1031B0004FF000064FF0010206D500EBC00104EB12
:1031C00081014A75143107E005EBC50104EB81016B
:1031D00081F8556201F515718A70087094F89404AD
:1031E000012807D084F89424206806F095FB28076E
:1031F00002D007E0022070BDA17904F29C42206851
:1032000006F032FB84F89464002070BD10B501F024
:103210000F0404EBC40100EB8101C1E90823002382
:103220008B6201234B7501F8144F8379012B00D178
:10323000CA618279006806F09BFB002010BD000087
:103240002DE9FC5F05680446284606F045FD002888
:103250007DD1206806F06CFD002878D0D5F80808EC
:10326000C0F30D20C4F8D404206806F061FD800787
:1032700004D52068416901F002014161206806F02F
:1032800057FDC10604F29C40009034D52068816946
:1032900021F0100181612F6A07F00F0000EBC000E0
:1032A00004EB8006C7F3434006F51576022802D0EA
:1032B000062811D01AE047F6F070074216D0C7F37F
:1032C0000A1217462846F16806F036FDF0683844C1
:1032D000F0607069384408E008222846009906F03A
:1032E0002BFD7069C7F30A11084470612068816979
:1032F00041F010018161206806F01AFD00034FF0D3
:10330000080B4FF0000A4FF001097CD50026206819
:1033100006F0EDFC074674E0F80770D0F1B22068C3
:1033200006F0FEFC8046C00707D005EB4611C1F849
:10333000089B3146204603F09FFF5FEA087024D5C2
:1033400005EB4611C1F808BB2068016C00E023E2E0
:1033500000EB46100191D0F8082BFB4B994205D9A0
:10336000110403D54FF40041C0F8081B204600F0BB
:10337000F6FAF5490198884207D9A079012804D1C5
:1033800020680121009A06F06FFA5FEAC86004D550
:1033900005EB46111020C1F8080B5FEA88701DD5B7
:1033A0006869000605D5D5F8040840F48061C5F8C1
:1033B000041806EBC60004EB800090F8571200F5E5
:1033C0001570012905D180F803A0F1B2204600F064
:1033D000E9F905EB46110220C1F8080B5FEA8860A5
:1033E00004D505EB46102021C0F8081B5FEA884091
:1033F00005D505EB46104FF40051C0F8081B7F08B7
:10340000761C002F88D1206806F092FC40036ED510
:10341000206806F065FC0746002666E0F80762D0E3
:10342000F1B2206806F06AFC8046C00723D006F09F
:103430000F01D5F8342809FA01F18A43C5F8342878
:1034400005EB4611C1F80899A07901280FD106EBC8
:10345000C60004EB8000D0E907211144016236B9AF
:10346000606A20B920680121009A06F0FDF9F1B2E6
:103470002046FFF7C6FD5FEA087003D505EB46114D
:10348000C1F808B95FEAC86004D505EB4611102001
:10349000C1F808095FEA486004D505EB46104021F1
:1034A000C0F808195FEA887016D53146284606F03C
:1034B000E8FB06EBC60004EB8000C17D1430012957
:1034C00005D180F803A0F1B2204600F067F905EBC2
:1034D00046110220C1F808095FEA086003D53146A9
:1034E000204603F02FFF7F08761C002F96D120681E
:1034F00006F01EFC002811DAD5F8040820F00101BE
:10350000C5F8041894F8CC0401282BD0204600F00C
:103510000BFA2068416901F000414161206806F022
:1035200007FC00050BD5D5F80808C00702D02046D7
:1035300000F03EFA2068416901F4006141612068B1
:1035400006F0F6FBC00467D5D5F8040820F00100AA
:10355000C5F804081021206806F093FB00214FF6FF
:103560007F3220E084F8CCA400212046FFF71EFD26
:10357000CFE700BF05EB4110C0F80829D0F80039AB
:1035800023F40013C0F80039C0F8082BD0F8003B32
:1035900023F40013C0F8003BD0F8003B43F0006375
:1035A000C0F8003B491C20798842E3D8D5F81C08B4
:1035B00040F00111C5F81C18E07B002828460DD00A
:1035C000D0F8840840F00B01C5F88418D5F84408F9
:1035D00040F00B012846C5F844180DE0D0F8140857
:1035E00042F22B010843C5F81408D5F8100840F042
:1035F0000B012846C5F81018D0F8000820F4FE6129
:10360000C5F80018A1792068009A06F02DF9206805
:10361000416901F480514161206806F089FB800412
:1036200015D5206805F06CFF206806F048FBE071B6
:1036300000F02EFB0146E279206806F0DBFB204615
:1036400000F05CF92068416901F400514161206893
:1036500006F06EFB000707D5204600F069F92068E8
:10366000416901F008014161206806F061FB000634
:1036700016D5A86920F08001A96101260DE000BFE0
:1036800006EBC60004EB800090F85702012803D136
:10369000F1B22046FFF7CCFC761C2079B042EFD87F
:1036A000206806F045FBC0021FD501264F4614E0F6
:1036B00005EB4610D0F8001906EBC60004EB8002BB
:1036C000107E012808D1002906DAF0B240F080010E
:1036D000D7752046FFF7ACFC761C2079B042E7D8BE
:1036E0002068416901F480114161206806F020FBE7
:1036F000800234D501204A4629E000BF05EB401185
:10370000D1F8001B00EBC00304EB830393F858626D
:10371000012E1BD1002919DA94F8D46401F4803108
:1037200006F00106B14211D183F85722A96941F090
:103730008003AB616969090608D4D5F8040840F430
:103740000070C5F8040805E00A30544F401C217988
:103750008142D3D82068416901F400114161206899
:1037600006F0E6FA400007D52046FFF746FC206841
:10377000416901F080414161206806F0D9FA4007B3
:103780000AD520684568680702D52046FFF74CFC3B
:103790002068416829434160BDE8FC9FD0F8E004FF
:1037A00005F069BBD0F8E00405F079BBF8B504007A
:1037B00005D094F895042668002510B106E0012094
:1037C000F8BD84F89454204600F056F8032084F89D
:1037D0009504B6F1A04F00D1A571206806F03EF81F
:1037E000207C8DF8000094E80F0005F097FE02267B
:1037F000B8BB0021206806F0BEFA90BB002001276C
:103800000DE000BF00EBC00104EB81014F750875AE
:10381000C8850D76CD610D62401CC0B24D62217924
:103820008142EFD8002011E000EBC00104EB8101E0
:1038300081F8555281F8540281F85852C1F85C520F
:10384000C1F86052401CC0B2C1F864522179814273
:10385000EAD8207C8DF8000094E80F0005F040FFC6
:1038600010B184F89564AAE7657484F895742068AB
:1038700005F028FF0020F8BD10B586B004461421DD
:103880006846FDF79BFA2068B0F1A04F2FD1194888
:103890000021026842F001020260006800F00100AD
:1038A00005904FF4C05000900220CDE901010320A3
:1038B00003900A20049069460F48FFF7A9F90D48C4
:1038C000001D016841F0800101600A481430016860
:1038D00041F4804101600068002200F480400590BE
:1038E00005214320FFF730FB4320FFF71FFB06B005
:1038F00010BD0000303802400000024070B50446A0
:10390000C079012570B1022801D0FEF757FB294686
:10391000D4F8E00405F031FBD4F8E004BDE87040D1
:1039200005F0E6BA0025F2E7D0F8E00405F00EBB9A
:10393000D0F8E00405F014BB10B5044690F89404E8
:1039400001280AD0012084F894046174206806F0EC
:1039500040FA002084F8940410BD022010BDD0F875
:10396000E02400F29C41104605F013BB10B504465C
:10397000006894F89414012909D0012184F8941462
:10398000C168490609D5617B012902D005E0022002
:1039900010BD816B41F480318163206806F04FF9DE
:1039A000206805F081FE002084F8940410BD00001A
:1039B00010B50446D0F8E00405F02DFB2068D0F8DF
:1039C000001E41F00101C0F8001EE07A002804D07A
:1039D0000248016841F00601016010BD10ED00E0F1
:1039E0002DE9F843054600684FF00109C1074FF083
:1039F000000601D1400727D5DFF80C81C8F86860C0
:103A0000FFF704FA0746414C05E000BFFFF7FEF957
:103A1000C01B022857D820680001F7D468688101CC
:103A2000287A41EA0070394984310860C8F8689002
:103A3000FFF7ECF9074604E0FFF7E8F9C01B02289E
:103A400041D820680001F7D52878800752D52F4843
:103A50004030016841F08051016000682C4C00F05A
:103A600080500090206840F480702060FFF7CEF90D
:103A7000074604E0FFF7CAF9C01B022823D82068D4
:103A8000C005F7D5214C7034206810F4407020D068
:103A9000A98901F4407181421BD020681D4920F49E
:103AA0004070C1F800900E6020602068C00710D000
:103AB000FFF7ACF9064641F2883707E0FFF7A6F9B1
:103AC000801BB84202D90320BDE8F8832068800734
:103AD000F4D5E9680D48C1F301220830032A0BD060
:103AE000016821F4F81101602068A989C1F30B0174
:103AF000084320600020E7E70268074B22F4F81231
:103B000019400A430260EFE70000474200380240D4
:103B100000700040400E4742FFFCFF0F2DE9F047C8
:103B20000E46050065D0DFF81481D8F80000F7B222
:103B300000F00700B04207D288F80070D8F8000003
:103B400000F00700B04254D128683D4C810712D5DF
:103B5000400703D5206840F4E05020602878000733
:103B600003D5206840F4604020602068A96820F0F8
:103B7000F000084320602878C0072DD030496868DD
:103B80000839012812D0022813D0032811D009685F
:103B9000890700292DDA216821F003010143216002
:103BA000FFF734F9814641F2883A0EE0096889034B
:103BB000EFE709688901ECE7FFF728F9A0EB0901B5
:103BC000514502D90320BDE8F0872068696800F0FC
:103BD0000C00B0EB810FEFD1D8F80010404601F097
:103BE0000701B14207D90770006800F00700B04232
:103BF00001D00120E7E72878400705D52068E9686B
:103C000020F4E050084320602878000706D520689B
:103C1000296920F4604040EAC100206000F05EF8AD
:103C20002168084AC1F30311515CC8400649086085
:103C300006480068FFF712F90020C4E7003C024084
:103C40000838024028D20008580100205001002006
:103C50000F2202600C4A136803F0030343601368E9
:103C600003F0F0038360136803F4E053C360126849
:103C70004FF4E05303EAD20202610448006800F006
:103C8000070008607047000008380240003C02400E
:103C900001480068704700005801002004480549A9
:103CA00000680968044AC1F38221515CC84070472A
:103CB000580100200838024038D20008044805495D
:103CC00000680968044AC1F34231515CC84070473A
:103CD000580100200838024038D20008154810B5B5
:103CE000006810F00C02144813D01449042A0FD0B5
:103CF000082A0ED10F4C241F2268236802F03F02CD
:103D00005B0207D52068C0F38810A0FB010106E024
:103D1000084610BD2168C1F38811A1FB00010023F2
:103D2000FDF702F82168C1F30141491C4900B0FBCD
:103D3000F1F010BD083802400024F400001BB70069
:103D40002DE9F84F04006ED02078DFF84C93C007BF
:103D5000A9F104054AD009F104000168C1F3810109
:103D6000012908D00068C0F3810002280AD1D9F8DF
:103D70000000400206D52868800337D56068002817
:103D8000E1D033E06068B0F5803F10D0B0F5A02FEF
:103D9000286810D020F480302860286820F4802023
:103DA00028606068A8B1FFF731F806460DE0286882
:103DB00040F48030F4E740F480202860F7E700BF4B
:103DC000FFF724F8801B642873D828688003F7D590
:103DD0000CE0FFF71BF8064605E000BFFFF716F8FA
:103DE000801B6428F0D828688003F7D42078DFF897
:103DF000AC8280074FF0000A3ED5A748001D01683D
:103E000011F00C0F08D00068C0F3810002280BD11C
:103E1000D9F80000400207D42868800716D5E0686A
:103E2000012800D112E033E1E068B8B10120C8F800
:103E30000000FEF7EBFF064605E000BFFEF7E6FFD9
:103E4000801B0228C0D828688007F7D52868216918
:103E500020F0F80040EAC10028600DE0C8F800A09A
:103E6000FEF7D4FF064604E0FEF7D0FF801B0228D1
:103E70001FD828688007F7D42078000722D5864FFE
:103E800087486169703771B101210160FEF7BEFF9B
:103E9000064604E0FEF7BAFF801B022809D83868FE
:103EA0008007F7D50EE0C0F800A0FEF7AFFF06468A
:103EB00005E082E0FEF7AAFF801B02287DD8386863
:103EC0008007F7D42078400768D5DFF8CCB1002709
:103ED0000BF13C0BDBF80000C0000BD4DBF800104A
:103EE00041F08051CBF80010DBF80000012700F012
:103EF000805000906B4E3068C00510D4306840F49C
:103F000080703060FEF782FF009005E0FEF77EFFD4
:103F10000099401A022850D83068C005F6D55E4E88
:103F2000A0686C3601280FD00528306810D020F02A
:103F300001003060306820F004003060A068B8B143
:103F4000FEF764FF00900FE0306840F00100F4E7F6
:103F500040F004003060F7E7FEF758FF0099411A7F
:103F600041F28830814266D830688007F4D50EE08F
:103F7000FEF74CFF009007E0FEF748FF0099411A5A
:103F800041F28830814256D830688007F4D42FB18E
:103F9000DBF8001021F08051CBF80010A069C8B305
:103FA0003D49091D0968C1F3810102294AD002284F
:103FB000504607D0C8F8600000E03CE0FEF726FF5E
:103FC00004463BE04746C8F86000FEF71FFF064680
:103FD00005E000BFFEF71AFF801B02282BD82868D7
:103FE0008001F7D4D4E907010843A16A2E4A4908A1
:103FF00002EB0141626A41EA8211084394F82C10F5
:1040000040EA0161C9F8001001203866FEF7FEFEA3
:10401000044606E03EE000BFFEF7F8FE001B022863
:1040200009D828688001F7D534E000BFFEF7EEFE1E
:10403000001B022802D90320BDE8F88F2868800100
:10404000F4D427E00128F7D0D9F80000E26900F4A1
:10405000800191421CD1226A00F03F01914217D1A8
:1040600047F6C071626A0140B1EB821F10D1A26AAB
:104070004FF0FF3300F4403103EB5202B1EB024F3B
:1040800006D194F82C1000F07060B0EB016F01D0F5
:104090000120D1E70020CFE704380240000047426A
:1040A000800E4742007000400000FFFF10B5040082
:1040B00002D0607F10B106E0012010BD0020207703
:1040C000204600F041F8022060772068C168C943AB
:1040D000C90632D5CA214162216853204862204670
:1040E00003F0E0FB20BB20688168164A1140816024
:1040F0002168886862681043D4E904231A43104396
:1041000088602168E068086120680169228941EAC5
:1041100002410161204603F0E9FB48B921680A6CBD
:1041200022F480220A6421680A6CA3691A430A6493
:104130002268FF21516208B110BD00200121617782
:1041400010BD0000BFFF8FFF1FB50021009101913E
:10415000029103910068084988420CD10220009026
:10416000064803906846FFF73BFC08B1FDF726FFC1
:104170000349012008601FBD0028004000031E0005
:104180003C0E474270B504460B482168C860FEF7F4
:104190003DFE05464FF47A7607E000BFFEF736FE97
:1041A000401BB04201D9032070BD2068C068800662
:1041B000F4D5002070BD00005F7F010070B50400E1
:1041C00009D0606A002540B125616561A56294F857
:1041D000510040B10CE0012070BD6068B0F5827FF5
:1041E000F4D0E561F2E784F85050204600F044F83E
:1041F000022084F851002068016821F0400101602C
:10420000A088218900F4827001F404410843A18947
:1042100001F400610843217C01F002010843217D83
:1042200001F001010843218B01F400710843217F53
:1042300001F03801084394F8201001F08001084390
:10424000218D01F40051084321680860A069042110
:1042500001EA104094F8241001F01001084321688D
:1042600048602068C16921F40061C1616565012071
:1042700084F85100002070BD2DE9F04387B0064658
:1042800014216846FCF79AFD34493068884261D1B0
:1042900033480025016841F480510160006800F452
:1042A000805005902E481438016841F002010160E9
:1042B000016801F002010591016841F0010101600E
:1042C0000068022400F001000590182001274FF03B
:1042D00003084FF005098DE8910369462148FEF770
:1042E00097FC80208DE8910369461F48FEF790FCFB
:1042F0001F4C1E484FF0C0672060C4E901754FF4A1
:104300008068C4E9035865617812A561C4E9075063
:1043100020466562FEF7BAFB08B1FDF74FFEF46474
:10432000A663134C114860341830E4E802074020BB
:10433000A4E82101C00244F81459A561C4E907505A
:104340000B4865626030FEF7A1FB08B1FDF736FE51
:10435000B464A66307B0BDE8F083000000300140FC
:104360004438024000040240000002404064024021
:10437000780D00202DE9FF4F81B0044690F85000E1
:1043800000260E9F1D4693464FF0010901280FD0CD
:104390004FF0010A84F850A0FEF738FD804694F8EB
:1043A0005100616801280DD0B1F5827F08D103E08A
:1043B000022005B0BDE8F08FA16809B9042801D03A
:1043C0000226C9E00298002865D0BBF1000FFBD09F
:1043D000002DF9D094F85100042802D0052084F86B
:1043E000510000206065C4F838B0E587A5870299C0
:1043F0002163E586A586206460642068016849061B
:1044000003D4016841F040010160E068B0F5006F3D
:10441000606803D0F0B3012D47D081E008B1012DD1
:104420003CD1206B21680088C860206B801C206311
:10443000E08E401EE08631E02068816889070FD554
:10444000E18E69B1B9F1010F0AD1216B0988C16010
:10445000206B801C2063E08E401EE0864FF0000938
:1044600020688168C9070CD0E18F51B1C068A16B89
:104470000880A06B801CA063E08F401EE0874FF097
:104480000109FEF7C3FCA0EB0800B84206D3781C74
:1044900004D001E009E05BE003265BE0E08E002849
:1044A000CAD1E08F0028C7D140E0206B2168007896
:1044B0000873206B401C2063E08E401EE0862FE0D6
:1044C0002068816889070FD5E18E69B1B9F1010FC4
:1044D0000AD1216B09780173206B401C2063E08EA8
:1044E000401EE0864FF0000920688168C9070CD0A3
:1044F000E18F51B1C068A16B0870A06B401CA06334
:10450000E08F401EE0874FF00109FEF77FFCA0EB33
:104510000800B84202D3781C02D0BAE7002FB8D006
:10452000E08E0028CCD1E08F0028C9D14246394620
:10453000204603F0F1F918B10126202060650BE058
:10454000A06818B92068C16880680090606D08B1E3
:10455000012601E084F851A0002084F85000304684
:1045600027E77047704710B590F83C20012A22D009
:10457000012280F83C20CA688C6822F440722243F1
:104580004C6822F4806222430C6822F400622243C9
:104590000C6922F4805222434C6922F400522243D7
:1045A000C969002322F480420A4301684A6480F802
:1045B0003C30002010BD022010BD000070B590F806
:1045C0003C20012A32D0012480F83C40022280F8AD
:1045D0003D2003685A689D6822F070060A683243DD
:1045E0005A60134B02689A4214D0B2F1804F11D036
:1045F000104B9A420ED0104B9A420BD00F4B9A425E
:1046000008D00F4B9A4205D00E4B9A4202D00E4B67
:104610009A4204D1496825F080031943916080F8DB
:104620003D40002180F83C10084670BD022070BD5E
:10463000000001400004004000080040000C004061
:1046400000040140004001400018004010B5040083
:1046500003D094F83D0010B107E0012010BD002008
:1046600084F83C00204600F01FF8022084F83D004A
:10467000211D206803F0BEFA012084F8460084F86A
:104680003E0084F83F0084F8400084F8410084F83C
:10469000420084F8430084F8440084F8450084F81C
:1046A0003D00002010BD000008B5006806498842A2
:1046B00008D10648016841F400310160006800F447
:1046C0000030009008BD0000004401404438024022
:1046D00090F83D10012901D001207047022180F897
:1046E0003D100168CA6842F00102CA6000681149C1
:1046F000884214D0B0F1804F11D00F4988420ED0BB
:104700000E4988420BD00E49884208D00D49884294
:1047100005D00D49884202D00C49884204D18168F5
:1047200001F00701062903D0016841F00101016091
:1047300000207047000001400004004000080040D5
:10474000000C0040000401400040014000180040FF
:1047500070472DE9F04104460068C66805694FF0CE
:104760000007A90713D5B10711D5F91E0161012072
:104770002077206880698007204602D0FFF7E8FF95
:1047800004E000F0C3F8204600F068F927776807D6
:1047900016D5700714D521686FF004000861022057
:1047A00020772068806910F4407F204602D0FFF710
:1047B000CFFF04E000F0AAF8204600F04FF9277779
:1047C000280715D5300713D521686FF00800086158
:1047D000042020772068C0698007204602D0FFF7B8
:1047E000B7FF04E000F092F8204600F037F9277791
:1047F000E80616D5F00614D521686FF010000861A0
:10480000082020772068C06910F4407F204602D03D
:10481000FFF79EFF04E000F079F8204600F01EF953
:104820002777E80708D0F00706D021686FF001006D
:104830000861204600F078F9280608D5300606D52C
:1048400021686FF0800008612046FFF78AFE680645
:1048500008D5700606D521686FF040000861204633
:1048600000F069F9A8060AD5B00608D521686FF0EE
:10487000200008612046BDE8F041FFF773BEBDE8A7
:10488000F081000010B586B0044614216846FCF79C
:1048900095FA2368184C002118480222A34212D12D
:1048A000036843F010030360006800F010000590F7
:1048B0004FF420600090CDE901210120CDE90310E3
:1048C00069460F4813E00F4CA34212D1036843F02E
:1048D00020030360006800F0200005904020009055
:1048E000CDE901210320CDE9031069460648FEF712
:1048F0008FF906B010BD00000000014030380240C2
:10490000001002400044014000140240704770B59E
:10491000044690F83C0000260D4601280FD00120E7
:1049200084F83C006AB1042A1DD0082A2FD00C2A32
:104930003FD00126002084F83C00304670BD0220A4
:1049400070BD206803F0D0F92068816941F008014A
:1049500081612068816921F0040181612068816999
:104960002A69114311E0206803F0EEF9206881699B
:1049700041F4006181612068816921F48061816175
:10498000206881692A6941EA02218161D2E72068B1
:1049900003F010FA2068C16941F00801C161206884
:1049A000C16921F00401C1612068C1692A6911430C
:1049B00011E0206803F032FA2068C16941F4006117
:1049C000C1612068C16921F48061C1612068C16949
:1049D0002A6941EA0221C161ACE710B5040003D0A5
:1049E00094F83D0010B107E0012010BD002084F8CC
:1049F0003C00204600F01EF8022084F83D00211DF6
:104A0000206803F0F7F8012084F8460084F83E009F
:104A100084F83F0084F8400084F8410084F84200A4
:104A200084F8430084F8440084F8450084F83D008D
:104A3000002010BD08B500680649884208D1064824
:104A4000016841F001010160006800F00100009080
:104A500008BD0000000001404438024070470000DB
:104A600010B50446022249B104290ED0082913D0FA
:104A700094F84100012816D0012010BD94F83E00A2
:104A80000128F9D184F83E200FE094F83F00012876
:104A9000F2D184F83F2008E094F840000128EBD1DF
:104AA00084F8402001E084F841200122206803F0CE
:104AB0000DF916492068164A884201D0904203D168
:104AC000436C43F4004343642068884213D0B0F140
:104AD000804F10D00F4988420DD00F4988420AD02C
:104AE0000E49884207D0904205D00D49884202D035
:104AF0000C49884204D1816801F00701062903D0DE
:104B0000016841F001010160002010BD000001407A
:104B1000000401400004004000080040000C004078
:104B200000400140001800400068B0F1804F01D102
:104B3000FEF772B97047704770477047F8B5016863
:104B400004460868CA684B6910F00F0F4FF0000563
:104B500059D003F0010602F49077374365D0C107BE
:104B600005D0D10503D5616C41F0010161644107B5
:104B700005D5D90703D0616C41F00201616481075A
:104B800005D5D90703D0616C41F0040161640107C8
:104B900007D502F02001314303D0616C41F00801D8
:104BA0006164616C00293AD0800604D5900602D574
:104BB000204603F037FB20684069616CC0F3801029
:104BC000090700D460B3204603F0F7FA2068406973
:104BD000400621D52068143050E8001F21F0400124
:104BE00040E80012002AF5D1E06BA8B16E490165DA
:104BF000E06BFDF769FE002811D0E06B016D01B09C
:104C0000BDE8F040084783060FD593060DD5204632
:104C1000BDE8F84003F006BB2046FFF78EFFF8BD65
:104C20002046FFF78AFF6564F8BD266B2023012E1E
:104C30007DD1C6067BD5D60679D508684868009030
:104C400048694FF00206400641D5E16B08684068AC
:104C50000004000CE8D0A28D8242E5D9E085C86945
:104C6000B0F5807F2DD020680C3050E8001F21F473
:104C7000807140E80012002AF5D12068143050E815
:104C8000001F21F0010140E80012002AF5D1206840
:104C9000143050E8001F21F0400140E80012002AC3
:104CA000F5D184F84230256320680C3050E8001FAD
:104CB00021F0100140E80012002AF5D1E06BFDF769
:104CC000BAFD6663A08DE18D401A81B22AE0A08D05
:104CD000E18D401A81B2E08D0028A5D00029A3D033
:104CE00022680C3252E8000F20F4907042E800076E
:104CF000002FF5D12068143050E8002F22F0010277
:104D000040E80027002FF5D184F842302563206861
:104D10000C3050E8002F22F0100240E80023002B56
:104D2000F5D166632046FFF707FFF8BDFFE70506EC
:104D30002BD5150629D594F841002128F5D1A06876
:104D4000B0F5805F01D12069B0B1206A411C2162B9
:104D5000216800784860E08C401E0004000CE0846C
:104D6000E3D12068C16821F08001C1602068C1687A
:104D700041F04001C160D8E7206A0088C0F3080014
:104D80004860206A801C2062E5E74006CDD55006C9
:104D9000CBD5CA68204622F04002CA6084F8413070
:104DA00000F09EF9C1E700001581000870B504000D
:104DB00004D094F84100002510B106E0012070BD38
:104DC00084F84050204600F023F8242084F8410065
:104DD0002068C16821F40051C160204603F084FAC4
:104DE0002068016921F4904101612068416921F046
:104DF0002A0141612068C16841F40051C1606564C5
:104E0000202084F8410084F842006563002070BDD2
:104E10002DE9F04F87B0044614216846FBF7CEFF1A
:104E20008548DFF810821438D4F800C0824A022185
:104E300003260723002507154FF0400B4FF0006AAB
:104E4000C44564D1D2F800C04CF0100CC2F800C0C8
:104E5000126802F010020592026842F0020202603B
:104E6000026802F002020592026842F0010202604A
:104E70000068884600F0010005908020CDE9000818
:104E80000DF1080C99468CE8600269466B48FDF705
:104E9000BFFE7810CDE900080DF10808694688E8E2
:104EA00060026748FDF7B4FE674E66484FF400396C
:104EB0003060C6E901A5C6E903577561B561C6E969
:104EC0000759D04630467562FDF7E0FD08B1FDF7A1
:104ED00075F8E663B4635C4E5A4860363030C6E914
:104EE00003577561B561C6E90759756286E801091E
:104EF0003046FDF7CBFD08B1FDF760F8A663002250
:104F000005212520B463FEF71FF825203CE0DFF8DB
:104F10003C81C4453DD1484A121FD2F800C04CF430
:104F2000802CC2F800C0126802F480220592026848
:104F300042F0040202600068049300F0040005904F
:104F40004FF440608DE8630069464148FDF760FE1C
:104F50003D4E4048C0363060C6E901A5C6E903575A
:104F600080157561C6E90650356230467562FDF7F9
:104F70008DFD08B1FDF722F8E66300220521272008
:104F8000B463FDF7E1FF2720FDF7D0FF07B0BDE8D0
:104F9000F08F314B9C45F9D1136843F02003136027
:104FA000126802F020020592026842F0400202609C
:104FB000006800F0400005904FF484408DE86300E5
:104FC0000820049069462548FDF722FE244E1D481E
:104FD0004FF02068C6E903577561B561F561356228
:104FE0001830756286E801093046FDF74FFD08B1BB
:104FF000FCF7E4FFA663B463194E124860366038CC
:105000003060C6E90185C6E903577561B561F56190
:10501000356230467562FDF739FD08B1FCF7CEFF09
:10502000E663002207214720B463FDF78DFF472088
:10503000AAE700000010014044380240000402408A
:105040000000024088640240A00F00200048004099
:10505000000802402860024000140140001802408D
:10506000C01000207047000070B5044690F8410061
:10507000202801D0022070BD49B342B32162A2842E
:10508000E28400206064212384F84130A56B114B39
:10509000EB63A56B104B2B64A56B104BEB64A36B00
:1050A0001865256813462A1DA06BFDF759FD216878
:1050B0006FF0400008602068143050E8001F41F095
:1050C000800140E80012002AF5D1002070BD0120C7
:1050D00070BD00006F810008B181000825810008C3
:1050E0007047704770B5044600203C4D2074A27B89
:1050F000288861684243D4F8F400FBF746FEA17BA0
:10510000288841436068FBF759FEA07B10FB00F143
:1051100028884143D4F81801FBF750FE207BA17B7F
:1051200010FB01F128884143D4F80C01FBF746FE3F
:1051300000202BE0D4F8F41001EB800292ED000A7D
:10514000B5EEC00AF1EE10FA1ED0227C01EB82010E
:1051500081ED000A227C616A8854A169227B01EBFF
:105160008001237C91ED000A6169095C12FB031147
:105170006FF0030202EB8101D4F80C21114481EDA0
:10518000000A217C491C2174401CC0B2A17B8142D1
:10519000D0D8002010E0636AE2691B5C02EB830256
:1051A00092ED000A10FB0101D4F81821401C02EB1B
:1051B0008101C0B281ED000A217C8142EBD8C8B2E6
:1051C00024F8780F14F86C0C6080208161812183B1
:1051D00061832084618424F8301C70BD5402002057
:1051E000FEE70000F0B58D4C0F462DED068B054611
:1051F00087B01646D0ED040A94ED050A884830EED3
:10520000C00AB0EEC00A10EE101A814219DC95ED0A
:10521000050A94ED061A30EE410AB0EEC00A10EE0F
:10522000101A81420DDC95ED060A94ED071A30EE56
:10523000410AB0EEC00A10EE101A814201DC287853
:10524000F0B39FED789A80EE890AFBF71BF8F0EE39
:10525000400AF0EE609AD5ED050A80EE890AFBF768
:1052600011F8D5ED060AF0EE401A80EE890AB0EE8C
:1052700061AAFBF707F8D5ED040AF0EE40AA80EE2C
:10528000890AFBF73BF8F0EE400AB0EE608AD5EDF4
:10529000050A80EE890AFBF731F8D5ED060AF0EE33
:1052A000408A80EE890AFBF729F829EEAA2A68EEDF
:1052B000280AB0EE401AB0EE420A00EE810A00E081
:1052C0002BE084ED080A2AEE080A6AEE880A00201C
:1052D00084ED090A29EE810A00EEE80A84ED0A0A43
:1052E00029EEA80A20EE010A0AEEC80A84ED0B0A8C
:1052F00029EE8A0A84ED0C0A28EE410A02EE680AB9
:1053000084ED0D0A2AEE410A84ED0E0A2AEE2A0ADD
:10531000C4ED0F8A84ED100A287000204FEA0D01B9
:1053200007EB800292ED000A05EB8002D2ED010A44
:1053300001EB8002401C20EE200AC0B2032882ED5F
:10534000000AEDD39DED000AD4ED085A9DED011A37
:1053500094ED094A20EE252ADDED020AD4ED0A1A61
:10536000002004EE012A03A901EEA02A87ED002AFD
:1053700094ED0B3AD4ED0C2A94ED0D2A60EE033A2D
:1053800042EE813A42EE203AC7ED013AD4ED0E3AB0
:10539000D4ED0F4A94ED105A20EE230A04EE810A50
:1053A00005EE200A87ED020A06EB800292ED000A64
:1053B00001EB8002401CC0B282ED000A0328F3D347
:1053C0009DED031ADDED040A9DED050A61EE255AF7
:1053D00044EE205A41EE805A61EE031A21EE231A60
:1053E00042EEA01A04EEA01AC6ED005A42EE001AD0
:1053F00005EE001AC6ED011A86ED021A95ED040AB3
:1054000084ED050A95ED050A84ED060A95ED060A78
:1054100084ED070A07B0BDEC068BF0BDD403002075
:105420006F12833AE12E654210B504462DED048BD0
:10543000D0F8EC00D0ED009A90ED019AD0ED028A00
:1054400029EEA90A90ED038A09EE090A08EEA80AD6
:1054500008EE080A06F07EFB5FF00000D4F8EC10BE
:1054600001EB8001401CD1ED000AC0B2042860EEBF
:10547000800AC1ED000AF1D33E48D4F8001190ED46
:105480006F0A60EE090AB6EE000A60EE800AC1ED0E
:10549000040AD0ED6F0AD4F8001160EEA80A60EE9D
:1054A000800AC1ED050AD0ED6F0AD4F8001120EE94
:1054B000A91AFEEE000A21EE201A81ED0A1A90EDDB
:1054C0006F1AD4F8001121EE081A21EE001A81EDAE
:1054D0000B1A90ED6F1AD4F8001121EE081A21EE84
:1054E000201A81ED101A90ED6F1AD4F8001121EEF8
:1054F000291A21EE201A81ED111A90ED6F1AD4F8B5
:10550000001121EE281A21EE000A81ED160A90ED15
:105510006F0AD4F8001120EE090A20EE200A81ED6E
:10552000170AD4F8F810D0ED740A91ED1C0A80EE39
:10553000201A81ED1C1AD4F8F810D0ED740A0E4828
:1055400091ED230A80EE201A9FED0C0A81ED231ABB
:10555000D4F8F8100A6F824201DD81ED1C0AD4F8FC
:10556000F810D1F88C20824201DD81ED230ABDECD8
:10557000048B10BDD88E002000401C4600401C4605
:1055800070B52C4C01252DED028B04F5D8702570DB
:10559000B7EE008A80EC030A00209FED270A84ED15
:1055A000730A84F83801C4E95000C4E9520011EECE
:1055B000900AB0F17E5F01DDF0EE481AC4ED741A76
:1055C00084ED642A032300220621201D00F042FE00
:1055D0001A4B01221146A3F10800FAF75DFF54F8B7
:1055E000EC0F9FED170A902280ED008A54F86409B1
:1055F000184980ED010A606E80ED020A606E80ED50
:10560000030A1048A0641048E06410482065104860
:10561000606504F85A5C04F8595CE06FFBF7B5FB71
:10562000606F9022BDEC028B0B49BDE87040FBF728
:10563000ACBB0000D88E002077CC2B32A09000208D
:10564000000000005D56000829540008915600082B
:10565000695B000840D20008FC02002010B5044637
:10566000902254F8F81F0848FBF78FFB48220748A0
:10567000616AFBF78AFB054861694822BDE8104072
:105680004830FBF782BB0000FC020020B8900020ED
:1056900070B50446B0EE000A54F8EC0F2B4DD0ED77
:1056A000000A60EE800AC5ED090AD0ED010A60EE3D
:1056B000800AC5ED0A0AD0ED020A60EE800AC5ED47
:1056C0000B0AD0ED030A20EE800A85ED0C0A14F8CF
:1056D000DE0C14F8E01C10FB01F11D48008841436A
:1056E000206AFBF76BFBD5ED0B1A206AB1EE612A3D
:1056F00080ED002A206AD5ED0C0AC0ED010A95ED77
:10570000090A206AB1EE401A80ED021A206A95ED6E
:105710000A1A80ED031A206A80ED061A206A80EDCD
:10572000070A206AC0ED080A206AC0ED091A206A3B
:1057300080ED0C0A206AB1EE410A80ED0D0A206A64
:1057400080ED0E2A206AC0ED0F0A70BDB80200205D
:105750005402002070B5F74C2DED088BB0EE438A53
:10576000F0EE629AB0EE42AAF0EE61AA2078B0EEB6
:10577000419AB0EE60BAF0EE40BADFEDEF8A58B968
:10578000B0EE682AF7EE001A9FEDEC1ADFEDEC0A96
:10579000B2EE040AFFF7F4FE84ED6F8A94ED580A26
:1057A000E84D90227BEEC00AE749C4ED5B0A94ED18
:1057B000590A3BEE401A84ED5C1A94ED5A0A79EED0
:1057C000401AB6EE000A60EE800AC4ED5D1A60EE83
:1057D000880AC5ED000A61EE000A21EE800A60EE3B
:1057E000880A20EE080AC5ED010A85ED020AD4F800
:1057F000040104F58274FBF7C8FA95ED000A2068ED
:10580000B1EE402A80ED012A95ED011A2068F1EEF3
:10581000412AC0ED022AD5ED021A2068F1EE610A94
:10582000C0ED030A206880ED060A2068C0ED081A62
:105830002068C0ED092A206880ED0C1A2068C0EDB0
:105840000D0A206880ED0F0A2068C0ED121A20684A
:1058500080ED131A54F8440B80ED142A74E85201B9
:10586000084305D1C4ED5EAA84ED5FAAC4ED609A39
:1058700094ED5E0AD4ED640A94ED6F1A20EE202AAE
:1058800031EE200AC2EE001A21EE2A2AC2EE002AC8
:1058900031EEA22A84ED5E2AD4ED5F1A61EEA02AD1
:1058A000C2EE801A61EE0A2A21EE291A82EE803AAF
:1058B00071EE831AC4ED5F1AD4ED602A62EEA02A5D
:1058C000C2EE800AC1EE002A22EE020A01EEA10A0F
:1058D00070EEA20AC4ED600A00EEA00A06F03AF9E2
:1058E00085ED030A5FF0000004EB8001D1ED5E0A54
:1058F000A16801EB800160EE800A401CC0B2C1EDDE
:10590000000A0328F0D394ED5B0AD4ED5C0A20EE84
:10591000000A00EEA00AD4ED5D0A00EEA00A06F02F
:1059200019F9B7EE008A8949C8EE000AC4ED650A84
:1059300095ED031A10EE900A88EE010A884284ED74
:10594000660A0BDA10EE100A8149884206DD10EE75
:10595000100A8049884201DA012000E0002084F822
:10596000390194ED6C0AD4ED6F0AD4F8180120EED9
:10597000200A80ED000A94ED6C0AD4ED6F0AD4F889
:10598000180120EE200A80ED070A94ED6C0AD4ED90
:105990006F0AD4F8180120EE200A80ED0E0A94ED6B
:1059A0006C0AD4ED6F0AD4F8180120EE200A80EDBD
:1059B000150A94ED6D0AD4ED6F0AD4F8180120EEA3
:1059C000200A80ED1C0A94ED6D0AD4ED6F0AD4F81C
:1059D000180120EE200A80ED230AD4F81C0194ED72
:1059E0006E0A80ED000AD4F81C0194ED6E0A80ED79
:1059F000040AD4F81C0194ED6E0A80ED080A201DFB
:105A000000F012FF606890ED001A84ED541A90EDDA
:105A1000010A61EE012A84ED550AD0ED021AC4EDA7
:105A2000561A90ED032A40EE002A84ED572AD0ED55
:105A3000040A21EE021AC4ED580AD0ED050AC4ED9D
:105A4000590A00EE211AC4ED5A8AF0EE008AF0EEEF
:105A5000480A52EEA80A21EE280A04F059FC9FEDEC
:105A60003E9AF0EE480A20EE090A84ED6A0A94EDA7
:105A7000541A94ED570A61EE011A40EE001A51EEE5
:105A8000A80AD4ED551A21EE211AD4ED561A01EECA
:105A9000801A21EE280A04F03BFC20EE090A84ED6E
:105AA000690A94ED550AD4ED570A94ED561A20EE82
:105AB000200AD4ED540A00EEC10AF8EE000A20EEE6
:105AC000200A04F08FFB20EE090A244984ED680ABD
:105AD00094ED6A0AD4ED760A70EE600A10EE900A30
:105AE000884203DDB4F8D401401E07E010EE900AAE
:105AF0001B49884204D9B4F8D401401CA4F8D4014D
:105B0000B4F9D401DFED171A00EE900AB8EEE01AEE
:105B1000F0EE400A41EE210AC4ED6B0A84ED760AEC
:105B2000F4E95201401C41F10001C4E90001BDEC5F
:105B3000088B70BDD88E0020000000008096184BA6
:105B40006F12833AB802002040D200089A99993E19
:105B5000CDCC1441CDCC2441E12E6542000034432C
:105B6000000034C30000B4432DE9F84F00F1800178
:105B70000446783005460091FBF74CF884F8C800DD
:105B8000B4F87800A4F8A800B4F85A00A4F8AA0061
:105B900004F1A80204F1580191468B462846FAF711
:105BA00017FF84F8C800B4F8A800A4F8B000B4F84F
:105BB0008200A4F8B20004F1B00290464846009971
:105BC000FAF706FF84F8C800B4F89000A4F8A00023
:105BD000B4F89200A4F8A20004F1A002154604F162
:105BE00090014046FAF7D4FB84F8C80041462846A5
:105BF000B034FAF755FC2076E16BBF480126D1EDB1
:105C0000001AB0EE002AC0ED0D1AD1ED010A0027EE
:105C1000C0ED0E0A91ED020AB84D80ED0F0A91ED2C
:105C2000031A80ED101A60EE812A34F8380C2081B6
:105C3000668141EEC02AE06F62EE822AC0ED002A42
:105C400061EEA02A61EEA11AE06F40EE012A40EE5B
:105C5000E01A22EE822A40EE401A80ED012AE06F1F
:105C6000B4F1B00441EE011AC0ED021AD4F82C01CF
:105C700000EB870090ED000AB0EEC00A04F026FAAF
:105C800005EB87007F1CFFB280ED610A032FEDD387
:105C9000B4F84800A4F8C00004F1C00204F1B8014F
:105CA000A4F8C26017468A4604F14800FAF72EFFAE
:105CB00084F8C800B4F8C000A4F8A80024F8AA6FBB
:105CC0004A4639464046FAF783FEA077E681E08AE5
:105CD000208251463846FAF79DFFA077884A494608
:105CE0005046FAF775FEA07795ED730AB6EE001AE6
:105CF000D5ED720A20EE011AAA3CF4EEC10AF1EECB
:105D000010FA01D285F83861F4EEC00A0020F1EEF5
:105D100010FA35DD95F8381189B395F8391139B194
:105D2000D5E95021521C41F10001C5E9502102E0A2
:105D30000021C5E95011D5E950234FF0320C002164
:105D4000BCEB0202994102D285F8380136E06D4D74
:105D500014F80C2F28884243D4E937017434FBF738
:105D600014F814F8740C10FB00F228884243D4E9AC
:105D70001E01FBF70AF804F8546CBDE8F88FFFE742
:105D80009FED611A20EE011AF4EEC10AF1EE10FA4D
:105D90000DDD95F8381151B170EE600A9FED5B1A78
:105DA00020EE010A80EE801A85ED671A03E0B7EE57
:105DB000000A85ED670A0021C5E9501184F82C001E
:105DC000B4F85800A4F8A800B4F88200A4F8AA0017
:105DD0004A4658466C340099FAF7FAFD04F85C0F0D
:105DE000A4F13002934641464846C83CFAF7F0FD1C
:105DF00084F8C80000200DE0D4F81C11D5ED670A26
:105E000001EB8001401C91ED000AC0B220EE200A97
:105E100081ED000AB4F89810B4F89A2051438142F9
:105E2000EADC04209FED3A0A002105EB800C00EB30
:105E3000400300BF9CED5D1AD4F81C2103EB010860
:105E4000C1EE000A02EB8802491C92ED001AC9B2A9
:105E5000032960EE810AC2ED000AEBD3401CC0B2F8
:105E60000628E1D334F8980F5246208466843946D8
:105E70005846FAF7ADFD84F8300095F83801983CA3
:105E800050B39FED240ADFED240A0420D4F8BC109F
:105E900095ED6F1A01EB800121EE001AD1ED001A89
:105EA000F4EEC11AF1EE10FA01DD81ED001AD4F81A
:105EB000BC1095ED6F1A01EB800121EE201AD1ED97
:105EC000001AF4EEC11AF1EE10FA01D281ED001AB7
:105ED000401CC0B20628D9D3D4F8BC009FED0F0AED
:105EE00004F1300280ED030A514604F13800FAF75C
:105EF0004FFA84F8C80040E7B8020020D88E00208E
:105F00009890002054020020CDCCCC3D6666663FC0
:105F1000DA0FC93F0AD7233C0AD723BC0000000090
:105F2000114810B590ED070A1048D0ED030A10484B
:105F300001F05AFA0E4890ED0D0A04F0D7FF00EE7A
:105F4000100A9FED0C1ADFED0C0AB8EEC00A04F03F
:105F5000BDFFBCEEC00ABDE8104010EE100A0021E3
:105F600082B2064801F082BFA48E0020D403002034
:105F7000049300200000804F00000000800E0020ED
:105F800010B52348B7EE000A2DED028B012180EDFC
:105F9000010A80ED020A9FED1F8A80ED030A80ED61
:105FA000048A80ED058A80ED068A0170B0EE482AE9
:105FB000F7EE001A9FED181ADFED180AB2EE040A88
:105FC000FFF7DEFA00221146F0EE484AB0EE484AEA
:105FD000F0EE483AB0EE483AF0EE482AB3EE042A22
:105FE000DFED0F1AB0EE481ADFED0E0A9FED0E0A34
:105FF0000E4801F01FFC00210D48FEF731FD04485A
:106000009FED0C0A843880ED100ABDEC028B10BDA8
:1060100034940020000000008096184B6F12833AE1
:1060200000007A44000096430000FA4404930020E4
:10603000800E002096430B3C70B563492DED028B1A
:1060400088B007C904AB83E807006048FBF782FE0D
:106050005E4D5F4885ED010AD5ED020A30EE800AFB
:1060600085ED020AFBF768F959485A4C90ED000A91
:1060700004F11C0284ED070A90ED010AA2F10C0163
:1060800084ED080A90ED020A84ED090A90ED030AF6
:1060900084ED040A90ED040A84ED050A90ED050AEA
:1060A00001F1740084ED060AFFF79CF8D4ED090AAB
:1060B00094ED070A04F02CF99FED478A20EE080AB8
:1060C000DFED460A80EE201A84ED1A1AD4ED090A93
:1060D00094ED080A04F01CF920EE080ADFED400AEE
:1060E00004F1100080EE201A84ED1B1A95ED013AA0
:1060F00090EC060AFFF72EFB3A4E20464ECE80E883
:106100004E00024600F144012F482438FBF763FAA1
:106110002D48224602F150011838FBF75CFA2A4854
:10612000224602F15C010C38FBF755FA224669461B
:1061300004A8FBF7CEFE95ED010A00204FEA0D0200
:1061400004EB800102EB8003D1ED070A93ED001A06
:10615000401CC0B270EEC10A032820EE802AD4EDA4
:10616000100A30EE801AC2EE011A91ED0A2A62EE90
:10617000200A80EE812A71EE820AC1ED0A0ADFD37D
:10618000144A02F13401A1F10C00FBF724FA16487D
:1061900090ED6A0A84ED1E0A90ED690A84ED1D0AED
:1061A00090ED680A84ED1C0A90ED6B0A84ED1F0ADD
:1061B000287CC00701D1FFF7B3FE2869401C286185
:1061C00008B0BDEC028B70BDF4D20008D4030020EF
:1061D000A48E0020B093002000003443DB0F49C0A0
:1061E000DB0F494028900020D88E0020F0B5002316
:1061F0000A24302537261F4611E000BFB4EB107F7C
:1062000002D905EB107C01E006EB107C01F813C00D
:1062100001EB430C00015B1C8CF80170DBB2934274
:10622000ECD3F0BD9FED0A1A80ED001A80ED051A3F
:1062300080ED090AC0ED0A0AB7EE000A80ED070AF0
:1062400080ED081A80ED0B0A80ED011A70470000FE
:10625000000000002DE9F047DFF8DC830D46042143
:10626000A8F800100821A8F8021005734273837380
:106270004FF000091E46044680F81090174630463D
:1062800005F012FD31466061FAF798FDB8F800009C
:10629000704305F009FDA061B8F800107143FAF7EA
:1062A0008DFDB8F80000704305F0FEFCE061B8F821
:1062B00000107143FAF782FDB8F80000684305F05A
:1062C000F3FC2062B8F800106943FAF777FD304616
:1062D00005F0EAFC31466062FAF770FDB8F800009C
:1062E000684305F0E1FC2060B8F800106943FAF754
:1062F00065FDB8F80000704305F0D6FC6060B8F8A2
:1063000000107143FAF75AFDB8F80000784305F021
:10631000CBFCA060B8F800107943FAF74FFDB8F84D
:106320000000684305F0C0FCC4F8E800B8F80010AD
:106330006943FAF743FD217B012204F13000D4F8D0
:10634000E830FAF7A9F8B8F80000684305F0ACFCAB
:10635000C4F8EC00B8F800106943FAF72FFD217B70
:10636000012204F13800D4F8EC30FAF795F89FB127
:10637000B8F80000784305F097FCC4F8F000B8F8CE
:1063800000107943FAF71AFD617B012204F1400005
:10639000D4F8F030FAF780F8B8F80000704305F050
:1063A00083FCC4F8F400B8F800107143FAF706FD56
:1063B000A17B012204F14800D4F8F430FAF76CF81C
:1063C000B8F800006843684305F06EFCC4F8F800B4
:1063D000B8F8001069436943FAF7F0FC217B04F137
:1063E00050000A46D4F8F830FAF756F8B8F800002A
:1063F0006843684305F058FCC4F8FC00B8F8001086
:1064000069436943FAF7DAFC217B04F158000A4634
:10641000D4F8FC30FAF740F8B8F800006843684355
:1064200005F042FCC4F80001B8F800008834684365
:10643000684305F039FCE067B8F80010A06F6943C5
:106440006943FAF7BBFCB8F80010E06F6943694391
:10645000FAF7B4FC54F8783FA4F1A00014F8F41C47
:10646000A4F580740A46FAF717F8217B04F1680056
:106470000A46D4F80431FAF70FF8AFB1B8F80000C3
:106480006843784305F010FCC4F80801B8F8001020
:1064900069437943FAF792FC627B217B04F1700037
:1064A000D4F80831F9F7F8FFB8F800004746704310
:1064B000684305F0F9FBC4F80C013888943468434C
:1064C000704305F0F1FBE0673988A06F71436943C1
:1064D000FAF774FC3988E06F69437143FAF76EFC90
:1064E00014F8882C14F8861CA4F11C00A36F943CAB
:1064F000F9F7D2FFA27B217B04F18000D4F81031A0
:10650000F9F7CAFF38886843684305F0CDFBC4F843
:106510001401398869436943FAF750FC217B04F17F
:1065200088000A46D4F81431F9F7B6FF388870436A
:10653000704305F0B9FBC4F8180139887143714301
:10654000FAF73CFCA17B04F190000A46D4F818311C
:10655000F9F7A2FF38886843704305F0A5FBC4F83B
:106560001C01398869437143FAF728FCA27B217B1F
:1065700004F19800D4F81C31F9F78EFF207B10FB52
:1065800000F03988484305F08FFBC4F82001207BD8
:1065900010FB00F03988484305F086FBC4F824015D
:1065A000207B10FB00F03988484305F07DFBC4F8E0
:1065B0002801207B3988484305F076FBC4F82C017C
:1065C000207B3988484305F06FFBC4F83001217BFC
:1065D00004F1A0000A46D4F82031F9F75DFF217BD1
:1065E00004F1A8000A46D4F82431F9F755FF217BBD
:1065F00004F1B0000A46D4F82831F9F74DFF217BA9
:10660000012204F1B800D4F82C31F9F745FF217BC1
:10661000012204F1C000D4F83031F9F73DFF04F84D
:10662000289F84F8019084F8029084F8039084F8FD
:106630000490BDE8F08700005402002070B50446C5
:10664000C07B0F4D18B12046FEF74CFD0DE0A27B3C
:10665000288861684243D4F8F400FAF796FBA17BDE
:10666000288841436068FAF7A9FB627B2888A16803
:106670004243D4F8F000BDE87040FAF786BB000052
:10668000540200202DE9F041044690F82C00002827
:106690002BD1B4F89800A4F8A800B4F87A10A4F8A4
:1066A000AA10A4F8B000B4F85A00A4F8B20004F19B
:1066B000A802174604F1780104F19800FAF788F966
:1066C00084F8C80004F1B00204F1580116460D46E2
:1066D0003846FAF77DF984F8C80004F150023146D3
:1066E0002846FAF713FA84F8C800BDE8F0812DE9CE
:1066F000F041044690F8290000282CD104F16801EB
:1067000004F160000F460546FAF784FA84F8C800E1
:1067100004F15802164604F150012846FAF758F9D8
:1067200084F8C800B4F85800A4F8A800B4F86A00C7
:10673000A4F8AA0004F1A802154639463046FAF733
:1067400047F984F8C800324604F188012846F9F771
:106750001FFE84F8C800BDE8F0812DE9F04704462B
:1067600090F82A0000285CD104F1800104F178003F
:1067700089460546FAF74EFA84F8C800B4F878005E
:10678000A4F8A800B4F85A00A4F8AA0004F1A802DA
:1067900004F1580190460F462846FAF719F984F893
:1067A000C800B4F8A800A4F8B000B4F88200A4F8B7
:1067B000B20004F1B002154649464046FAF708F91E
:1067C00084F8C800B4F89000A4F8A000B4F89200CF
:1067D000A4F8A20004F1A002164604F19001284694
:1067E000F9F7D6FD84F8C80029463046AA34F9F7EF
:1067F00057FEA07734F8520C24F8020C34F8280C19
:106800002080424649463846FAF7E2F804F81E0F5F
:10681000A4F1300229464046C83CFAF7D9F884F87A
:10682000C800BDE8F087000070B50446FFF706FF1A
:10683000D4F8CC1009B120468847204600F068F80B
:10684000D4F8D01009B1204688472046FFF74FFF03
:10685000D4F8D41009B120468847207C2B4DC0B90C
:10686000E07BB0B1227B28884243D4E93A01FAF7B1
:106870008CFA207B10FB00F228884243D4E93E01C9
:10688000FAF783FAD4F8E01009B1204688470020CF
:106890002AE02046FFF761FFD4F8D81009B120465E
:1068A0008847204600F06EF8D4F8DC1009B1204685
:1068B00088472046FFF7E6FEE4E700BF10FB010132
:1068C000D4F8F82002EB8101226AD1ED000A02EB34
:1068D000800292ED000AF4EEC00AF1EE10FA01D245
:1068E00081ED000A401CC0B2217B8142E6D8CAB2C9
:1068F0002888D4F8E81042432068FAF746FAD4F81A
:10690000E41009B120468847206870BD5402002079
:106910002DE9F041044690F8280000282AD1627B36
:1069200004F1300104F1600004F1380522B3227B48
:10693000A4F8B820012604F1B802A4F8BA601746FA
:10694000FAF746F884F8C800207BA4F8C000A4F841
:10695000C26004F1C002164604F1400104F1700067
:10696000FAF736F804F8C80F2A4631463846F9F7E0
:106970000FFD2070BDE8F0812A46FAF729F884F867
:10698000C800F7E72DE9F041044690F82B000028F5
:1069900038D1B4F87800A4F8B800012504F1B802A1
:1069A00004F13801A4F8BA5090460F4604F178007B
:1069B000FAF70EF884F8C800B4F84800A4F8C0004C
:1069C00004F1C002A4F8C2501646414604F1480042
:1069D000FAF79CF884F8C800B4F89800A4F8B80056
:1069E000A4F8BA504246314604F19800F9F7F0FF96
:1069F00084F8C80004F1300241463846F9F7C8FC73
:106A000084F8C800BDE8F0810F4810B50D49016059
:106A10000321416000214FF410228160C0E903127C
:106A20004FF400124261017641768176C17601779A
:106A30004177FBF73EFD002803D0BDE81040FBF78F
:106A4000BDBA10BD00640040B00C00200F4810B566
:106A50000D4901600321416000214FF41022816043
:106A6000C0E903124FF4001242610176417681764B
:106A7000C17601774177FBF71CFD002803D0BDE804
:106A80001040FBF79BBA10BD00680040D80C0020F6
:106A9000254808B5016841F480010160016801F4EE
:106AA00080010091016841F400110160006800223A
:106AB00000F40010009005210C20FCF745FA0C2092
:106AC000FCF734FA002205213920FCF73DFA392081
:106AD000FCF72CFA002205213A20FCF735FA3A207F
:106AE000FCF724FA002205213B20FCF72DFA3B207D
:106AF000FCF71CFA002205214420FCF725FA44206B
:106B0000FCF714FA002205214520FCF71DFA452068
:106B1000FCF70CFA002205214620FCF715FABDE827
:106B200008404620FCF702BA3038024010B5C0B029
:106B30001C2232496846FAF728F90021684605F018
:106B400019F92F4C2D491C2220601C3107A8FAF797
:106B50001CF9002107A805F00DF9284960601C22E6
:106B600038310EA8FAF711F900210EA805F002F944
:106B70002249A0601C22543115A8FAF706F9002119
:106B800015A805F0F7F81D4920621C2270311CA8D9
:106B9000FAF7FBF800211CA805F0ECF81749E060B3
:106BA0001C228C3123A8FAF7F0F8002123A805F065
:106BB000E1F8124920611C22A8312AA8FAF7E5F869
:106BC00000212AA805F0D6F80C4960611C22C431C6
:106BD00031A8FAF7DAF8002131A805F0CBF8074917
:106BE000E0611C22E03138A8FAF7CFF8002138A87C
:106BF00005F0C0F8A06140B010BD000024D100082D
:106C0000C00000202DE9F04387B014216846FAF750
:106C1000D5F85B480025016841F002010160016878
:106C200001F002010591016841F040010160016835
:106C300001F040010591016841F001010160016826
:106C400001F001010591016841F00801016001684E
:106C500001F008010591016841F00401016001683B
:106C600001F004010591016841F0800101600168B3
:106C700001F080010591016841F020010160016887
:106C800001F020010591016841F0100101600068E8
:106C9000DFF8F08000F010004FF4807405900022BF
:106CA00021464046FCF7ACF8374E012240213046E1
:106CB000FCF7A6F8354F012210213846FCF7A0F862
:106CC000DFF8CC90012211464846FCF799F8009471
:106CD0000124CDE90145694640460395FBF798FF3D
:106CE0004020CDE900040294694630460394FBF746
:106CF0008FFF09204FF40415CDE900056946029481
:106D00003046FBF785FF1020CDE900040226CDE9CF
:106D1000024669463846FBF77BFF3020CDE9000587
:106D2000694602944046FBF773FFCDE902460094A2
:106D3000694648460194FBF76BFF0621002208468E
:106D4000FCF702F90620FCF7F1F8002205210920E2
:106D5000FCF7FAF80920FCF7E9F8002205210A20DF
:106D6000FCF7F2F80A20FCF7E1F8002205211720D1
:106D7000FCF7EAF81720FCF7D9F807B0BDE8F08374
:106D80003038024000080240001802400000024073
:106D9000000402400C4810B50A49016000217C2221
:106DA000C0E9011240F67F42C0E9032141618161DF
:106DB000FDF77CF9002803D0BDE81040FBF7FEB8D2
:106DC00010BD000000280040000D0020104810B544
:106DD0000E4901604FF482714160002102228160FE
:106DE000C0E9031201224261520282611022C0E90D
:106DF0000721416281620A21C162FDF7DFF90028A3
:106E000003D0BDE81040FBF7D9B810BD00300140F9
:106E1000200D002010B588B01C216846F9F7CEFF80
:106E2000144813490024C0E9001441F28731C0E935
:106E3000024104618461FDF709FC08B1FBF7BEF86B
:106E40000C48FDF7CAFD08B1FBF7B8F86020CDE9A2
:106E5000000402940022694606480494FDF757FD99
:106E600008B1FBF7ABF80348FDF70CFD08B010BD07
:106E700000440140800E002010B592B000240F9411
:106E80001C2168461094F9F799FF202107A8F9F70B
:106E900095FF25482349016040F24731C0E90114BC
:106EA00040F2CF71C0E9031444618461FDF795FDA0
:106EB00008B1FBF783F80F940FA91B481094FDF756
:106EC0007DFB08B1FBF77AF86020CDE9000402945D
:106ED0000394049405940022694613480694FDF730
:106EE00016FD08B1FBF76AF8042269460E48FDF763
:106EF0000EFD08B1FBF762F80794089409944FF46B
:106F000000500A94CDE90B4007A907480E94FDF7FD
:106F10002AFB08B1FBF752F80348FDF7B3FC12B0A7
:106F200010BD000000000140380E00200C4810B5D4
:106F30000A4901604FF4E1314160002181600C2277
:106F4000C160C0E904128161C161FDF72FFF002813
:106F500003D0BDE81040FBF731B810BD0010014070
:106F6000C80E00200D4810B50B4901600C49416066
:106F700000214FF480628160C0E903120C22C0E955
:106F80000521C161FDF712FF002803D0BDE81040C4
:106F9000FBF714B810BD000000480040100F00209F
:106FA000A08601000C4810B50A4901604FF4E13198
:106FB0004160002181600C22C160C0E9041281613E
:106FC000C161FDF7F3FE002803D0BDE81040FAF7D9
:106FD000F5BF10BD00140140580F002010B500226D
:106FE0000F49104801F02BFE08B1FAF7E7FF0E49F0
:106FF0000C4802F03CF808B1FAF7E0FF0B490948E9
:1070000001F0CCFB08B1FAF7D9FF064802F0B2F85C
:10701000002803D0BDE81040FAF7D0BF10BD000033
:10702000E8000020C81100201C02002038010020C8
:10703000FEE7FEE770B50446D0F8060090ED011AB1
:10704000784880ED031A0020042217E0D4F80610D7
:1070500002EB8003CD1801EB8001D5ED001A71EE33
:10706000C11AC1ED001AD4F80A100B4401EB8001DB
:10707000D3ED001A401CC1ED001A80B22188491ED0
:107080008142E3DC2188D4F806006FF0070202EBAE
:107090008102024492ED001A6FF0030202EB8101BB
:1070A00031EE000A084480ED000A2188D4F80A0075
:1070B00002EB81010844C0ED000AD4F802002188E7
:1070C000884202D2401CC4F80200102104F11A00C8
:1070D000F9F774FE2088D4F80210431A99B23BE005
:1070E000D4F80620D4F81A5002EB810200EE905A30
:1070F00092ED000A40EE000A10EE905AC4F81A50C1
:10710000D4F81E50D2ED000A00EE105A30EE800A7C
:1071100010EE105AC4F81E50D2ED000AD4F80A201E
:10712000D4F8225002EB810200EE105A92ED001AC0
:10713000491C89B200EE810A10EE105AC4F82250A0
:10714000D2ED000AD4F8262000EE102A30EE800A94
:1071500010EE102AC4F826208842C1D800EE100A8A
:10716000D4F82210D4F82620B8EE400A00EE901A87
:10717000D4F81E1001EE102A60EE800A00EE101AFC
:10718000D4F81A2040EE410A00EE100A01EE102A4F
:10719000B8EE400A21EE001A00EE101A002100EEAF
:1071A000401A80EE810A10EE102AC4F80E20C4F8AE
:1071B000161099B224E000BFD4F8063000EE902AF1
:1071C00003EB810393ED001AD4F8123000EE103A6D
:1071D000D4F80A3000EE810A03EB8103491CD3ED99
:1071E000000AD4F8163089B230EE600AF0EEC00A18
:1071F00000EE103A30EE800A10EE103AC4F8163065
:107200008842D9D800EE100A54F8161FB8EE401A7A
:1072100000EE901A80EE810A10EE100A00EE102A9D
:10722000206070BD5802002070B50446002524F887
:10723000021B8E002560304604F0FEFF6060304681
:1072400004F0FAFFA060E560256160683146F9F757
:10725000B5FDA0683146A41EF9F7B0FD04F11A008F
:10726000BDE870401021F9F7A9BD00000148FBF707
:10727000E7BF0000C42800202DE9F04103680D4657
:1072800004461E6C03EB4511D1F8080B94F806E098
:107290004FF400474FF0200C04F29C42BEF1010F66
:1072A00009D0DFF898E0764539D1020432D500BF25
:1072B000C1F8087B3FE0224B5FEA007E04D59E4286
:1072C00039D90004F4D436E05FEA806E02D5C1F803
:1072D00008CB30E010F0280F2DD19E4201D90004D8
:1072E000E6D405EBC50004EB8000D1F8101BD0F804
:1072F0007432C1F31201591AC0F8681200F5157002
:10730000ADB903691BB1C2681144C1600FE001212E
:1073100020680AE080060AD5C1F808CB07E035B935
:10732000D4F8640218B90021184602F09DFAE9B2B7
:107330002046FBF76FFE0020BDE8F0810A31544F74
:107340000A30544F2DE9F84F0E4601EBC60100EB11
:10735000810481460568D4E909101434884202D9B1
:107360000120BDE8F88F081AA168814200D20846C2
:10737000C01C870805EB46181BE000BFA0EB010A04
:10738000A068504500D282460AF10300870899F8A8
:10739000060000901FFA8AF3F2B22846E16802F074
:1073A0009DFDE16801EB0A00E060616901EB0A0004
:1073B0006061D8F8180980B2B84205D3D4E9040155
:1073C000814201D20028D9D1D4E90401884208D8E9
:1073D00006F00F0101208840D5F834188143C5F824
:1073E00034180020BDE7000070B504462DED028B77
:1073F000B0EE608A90F89800F0EE408A000649D519
:10740000606B00EE100A206C00EE900A9FEDFE1AF1
:1074100060EE810AB4EEE00AF1EE10FA3AD3206889
:10742000FA4A00EE100AB0EEC00A10EE101A9142AD
:1074300030DB216900EE100A00EE901AF44930EEBC
:10744000600AF0EEC00A00EE100AB0EEC01A80EE3C
:10745000810A10EE100A88420ADD54F8990F61681B
:10746000401C44F8040B41F1000144F89D1904E06C
:107470000021C4F89910C4F89D10D4F89920D4F8CC
:107480009D104FF4FA7300209A1A884102D201200D
:1074900084F8A10004F18C00FAF75CFC10EE100AED
:1074A00018EE101AC4F8900018EE900A08EE101AA0
:1074B000206108EE900A216038EE680A10EE100A8A
:1074C000A061D4F8A21009B120468847A06900EE57
:1074D000100AB5EEC00AF1EE10FA00EE100A01DC57
:1074E000B1EE400AA16C00EE901AB4EEE00AF1EEA3
:1074F00010FA78DDD4F89420616804F16203E2B3F5
:1075000000EE101A116800EE901A70EE200A00EEDC
:10751000100A20EE800A10EE101A6162A16800EED7
:10752000101A516800EE901AD4F8901070EE200AEC
:1075300000EE100A60EE800A00EE101A20EE800ABB
:1075400010EE105A2563B4F86050022D4CD900EEAD
:10755000900A00EE101A1846FFF76CFDE06800EE86
:10756000900AD4F89400806801EE100A70EE810A47
:1075700020EE200A10EE100A4DE0FFE700EE901A10
:1075800000EE100A20EE800A10EE101A00EE100A2B
:107590006162A16800EE901AD4F8901060EE800A43
:1075A00000EE101A20EE800A10EE102A2263B4F8C2
:1075B0006020022A0AD900EE900A00EE101A18463E
:1075C000FFF738FDE06800EE900AD1E700EE100A00
:1075D000E06900EE900AE06870EE600A00EE100AC2
:1075E00020EE801A11E016E1E368926800EE103A8E
:1075F00000EE902A30EE201A00EE100AE06900EE4C
:10760000900A30EE600A21EE001A00EE101AC1EE68
:10761000000A10EE900AE062D4F8A61009B12046E4
:10762000884794F89810480721D5D4F89400B6EE0E
:10763000000AE8B3A268406800EE902A01EE100A42
:10764000A06970EE811A00EE900AE06901EE100A5E
:1076500070EE810A20EE800A61EE800AD4F8900074
:1076600000EE100A20EE800A10EE100A2063880651
:1076700002D5204603F0D6FA94F89800800702D588
:10768000204603F029FB94F89820500627D5E06A9D
:10769000E16D00EE900AD4F8900000EE100A60EE62
:1076A000801A00EE901A00EE100A30EE800A00E018
:1076B0003AE081EE801AE36B00EE101A00EE903A89
:1076C00060EE801A00EE101A00EE900A30EE200AEA
:1076D000C1EE800A31EE200A10EE100AE062D007F7
:1076E00002D0204603F055FBA06A00EE100A206B82
:1076F00000EE900A30EE200A10EE100AA062626AD4
:1077000000EE100A00EE902AE06A70EE800A00EEA9
:10771000100A30EE800A10EE100A606394F8981098
:10772000C90611D4606B34E0A06900EE900AE069EC
:1077300001EE100AA06870EE810A60EE800A00EE89
:10774000100A60EE800A89E700EE100AD4F8900073
:10775000A16D00EE900AA36B60EE201A00EE901A65
:1077600000EE100A30EE800A00EE903A81EE801AA8
:1077700000EE101A60EE801A00EE101A00EE900A69
:1077800030EE200AC1EE800A31EE200A10EE100A17
:10779000606300EE900A206C00EE100AF4EEC00A5E
:1077A000F1EE10FA00DD6063616B00EE100A00EE8E
:1077B000901AB1EE400AF4EEC00AF1EE10FA06D2C9
:1077C00000EE100AB1EE400A10EE101A616300EEEE
:1077D000102A00EE900AB4EEE00AF1EE10FA00DD95
:1077E0006062616A00EE100A00EE901AB1EE400A83
:1077F000F4EEC00AF1EE10FA0DD200EE100AB1EE6E
:10780000400A10EE100A05E06F12833A17B7D1381C
:107810003333733F606220696061606BA063E16A2B
:10782000E163A169E161216B216200EE100ABDEC08
:10783000028B70BD70B5044611EE100A0025A064DD
:1078400010EE900A1646606410EE100A206411EEE5
:10785000900A2560606012EE100AA06012EE900A95
:10786000E06013EE100A2563206513EE900A606550
:1078700014EE100AA06514EE900AE065A4F86010FA
:1078800004F16200FFF7D0FCC4F88C5084F89860D3
:107890000021C4F89910C4F89D1084F8A1506563C4
:1078A00070BD00002DE9F041044600680025C16864
:1078B000490618D4C16841F08001C160FBF7A6FAFF
:1078C00006464FF47A78042707E000BFFBF79EFADC
:1078D000801B404501D9677701252068C0684006B4
:1078E00001D4002DF2D02846BDE8F08170B50446E1
:1078F00000680025C16821F08001C16020688068AF
:10790000800606D42046FCF73DFC10B104206077C9
:107910000125284670BD0000F8B515460E460B46F9
:10792000009204460122022100F02CF8A0B913486D
:1079300013490068B0FBF1F04FF47A7148430090AE
:107940006068B0F5827F0DD1334600228021204649
:10795000009500F017F870B1606D40F02000606590
:107960000320F8BD009830B1401E00902068806868
:10797000C0430006F6D50020F8BD000058010020E5
:1079800000366E012DE9F8431E46914688460446AE
:10799000089DFBF73BFA401B351AFBF737FA074601
:1079A00025480068C0F3CB30684338E0701C37D0FE
:1079B000FBF72CFAC01BA84203D215B1009860B3A4
:1079C0002CE02068416821F0E00141606068B0F57A
:1079D000827F0BD1A068B0F5004F02D0B0F5806F68
:1079E00004D12068016821F040010160A06AB0F56F
:1079F000005F09D12068016821F40051016020680E
:107A0000016841F400510160012084F85100002018
:107A100084F850000320BDE8F8830025401E009044
:107A20002068816838EA010004D000214945BDD1B1
:107A30000020F0E70121F9E75801002001784078A3
:107A400041EA002070470000B4EEE00A0022F1EEA7
:107A500010FA164908D210EE103AB3F1824F03DD46
:107A60004B785B1C4B700BE0B4EEE00AF1EE10FAC1
:107A700006DBB4EEC10AF1EE10FA01D84A7009E053
:107A80004B78012B06D14A70D0ED000A70EEA10AA6
:107A9000C0ED000AB4EEC10AF1EE10FA05DD90ED7A
:107AA000000A30EE420A80ED000A704754000020C0
:107AB000012004F053F9FBE7FEF762FAFEF7BCFA87
:107AC000012004F04BF9F9E730B587B0142168467E
:107AD000F9F774F90E48016841F48071016000689B
:107AE000012200F480700B4D1403059021462846B6
:107AF000FBF786F90120CDE9004002200290032027
:107B0000039069462846FBF783F807B030BD0000B4
:107B100030380240001C024010B5502080F311881C
:107B2000BFF34F8FBFF36F8F05F02CFA18B10449E4
:107B30004FF080500860002080F3118810BD0000D5
:107B400004ED00E030B593B030216846F9F736F91E
:107B500014210CA8F9F732F91D480025016841F0FD
:107B600080510160006800F0805011901948016850
:107B700041F4804101600068022400F480401190CB
:107B800001200090000401908001CDE9064006200C
:107B90000890A820CDE9090407200B906846FCF75F
:107BA000CFF808B172B6FEE70CA90F2081E83100CA
:107BB0004FF4A0500F904FF48050109005210CA866
:107BC000FBF7ACFF002801D072B6FEE713B030BD62
:107BD00040380240007000400248016841F47001E2
:107BE0000160704788ED00E00148FCF7B2BD00007D
:107BF00080110020F0B50268294C2A4D2A4E2B4FE7
:107C00002B4B4FF0804CA04209D0604507D0A842D2
:107C100005D0B04203D0B84201D0984204D122F03E
:107C2000700E4A6842EA0E02A0421BD0604519D08D
:107C3000A84217D0B04215D0B84213D0984211D004
:107C40001C4DA8420ED01C4DA8420BD01B4DA84283
:107C500008D01B4DA84205D01A4DA84202D01A4D9B
:107C6000A84203D122F44075CA682A434D6922F024
:107C700080022A4302608A68C2620A688262A04265
:107C800001D0984201D10969016301214161016973
:107C9000C90703D0016921F001010161F0BD0000B5
:107CA000000001400004004000080040000C0040BB
:107CB00000040140004001400044014000480140F0
:107CC00000180040001C00400020004010B501F0EA
:107CD0001F030121046A99408C430462016A9A409F
:107CE0001143016210BD0000F0B5036A026A22F080
:107CF0000102026242688469124E24F073050C6826
:107D00002C4323F002058B682B430D4DA84201D074
:107D1000B04205D123F00807CB683B4323F00403AE
:107D2000A84201D0B04205D14D6922F440721543FA
:107D30008A692A4342608461496841630362F0BDF5
:107D40000000014000040140F0B5026A036A23F01C
:107D500010030362436884690D6824F4E64444EA2E
:107D600005248D6822F0200242EA05120F4D104EC4
:107D7000A84201D0B04206D1CF6822F0800242EA88
:107D8000071222F04002A84201D0B04207D14D694B
:107D900023F4406343EA85038D6943EA8503436026
:107DA0008461496881630262F0BD00000000014007
:107DB00000040140F0B5026A036A23F48073036291
:107DC0004368C46922F4007224F073050C68124EF3
:107DD0002C438D6842EA05220E4DA84201D0B042E4
:107DE00006D1CF6822F4006242EA072222F48062C0
:107DF000A84201D0B04207D14D6923F4405343EA71
:107E000005138D6943EA05134360C4614968C16382
:107E10000262F0BD000001400004014030B5046A78
:107E2000026A22F4805202624268C3690D6823F438
:107E3000E64343EA05238D6824F4005444EA0534FC
:107E4000084DA84202D0084DA84204D14D6922F441
:107E5000804242EA85124260C3614968016404625B
:107E600030BD000000000140000401400068C36A0A
:107E7000934201D2C26A92B239B1042907D00829CB
:107E800007D00C2900D102647047426370478263B7
:107E90007047C2637047000070B504462DED028B39
:107EA00053202070502060701D4D0120A07095ED72
:107EB000000A84ED010A95ED010A84ED020A95EDB0
:107EC000020A84ED030A95ED030A84ED040AA86F03
:107ED000F9F7A9F89FED138B53EC182BF9F720F85D
:107EE000F9F7CCF8606195ED060A84ED060A286F73
:107EF000F9F799F853EC182BF9F712F8F9F7BEF8DF
:107F0000E06195ED050A094884ED080AB3EE090A17
:107F100084ED090A00882085BDEC028B70BD00004D
:107F2000B0930020CAC342AD69DE913FE8920020C1
:107F30001F48DFED1D0A9FED1D2A817E90F84E003F
:107F400001EE101AB0EE420AF8EE411A01EE100AE4
:107F5000B8EE411A31EE811AF6EE001A21EE211A1E
:107F6000DFED141AB4EEE01AF1EE10FA07DBB0EE12
:107F7000600A71EE402A82EE803A23EE210AB4EEC6
:107F8000E01AF1EE10FA01D2B0EE420ADFED0A0A71
:107F9000F4EEC10AF1EE10FA01D2B0EE610A074820
:107FA00080ED020A7047000000000C420000000053
:107FB00024920020000028C300008C42D806002034
:107FC0002DE9F0430D46097887B0044601706878C2
:107FD0006070532963D1502861D1072002F010FD51
:107FE0000020694601AB02AE03AF0DF1100C0DF19C
:107FF00014092A1892F8038001F8008092F807808B
:1080000003F8008092F80B8006F8008092F80F8049
:1080100007F8008092F813800CF8008092F817801F
:1080200009F80080401C0428E3DBA878A0709DEDCF
:10803000000A1C4984ED010ADDED010A1A4AC4ED6B
:10804000020ADDED020AC4ED030ADDED030AC4ED08
:10805000040ADDED040AC4ED050ADDED050AC4EDF0
:10806000060AD1ED1E0A30EE600ADFED100A10EEAE
:10807000100A84ED090A904202DD30EE600A06E043
:1080800010EE100A0A4A904203D930EE200A84ED1D
:10809000090AD1ED1F0A30EE200A84ED080A07B064
:1080A000BDE8F083B0930020000034430000B443E7
:1080B000000034C310B50446FFF7EEFE13482188D4
:1080C0000184A17880F82210616840F8231FA1681C
:1080D0004160E16881602169C16061690161A169F4
:1080E0004161E1698161216AC161616A0162218D39
:1080F000818406482B21203002F0CAFA03482B2144
:108100002030F9F725FB0249487010BDBC0900205A
:10811000B400002010B5806B0021C185C184FCF73C
:108120000CFD10BD70B5846B2068406994F8411057
:10813000C0F3C0100025212904D118B1E5842046E0
:1081400000F062F82068406994F84210C0F3801093
:10815000222904D118B1E585204600F02EF8606C84
:1081600040F0100060642046FCF7E7FC70BD10B5DD
:108170000146806B09680968C90516D40021C184CD
:108180000168143151E8002F22F0800241E80023F9
:10819000002BF5D101680C3151E8002F42F040026C
:1081A00041E80023002BF5D110BDFCF799FF10BD6D
:1081B00010B5806BFCF795FF10BD01680C3151E8DC
:1081C000002F22F4907241E80023002BF5D10168C2
:1081D000143151E8002F22F0010241E80023002B66
:1081E000F5D1016B012909D101680C3151E8002F4B
:1081F00022F0100241E80023002BF5D1202180F865
:10820000421000210163704701680C3151E8002FD2
:1082100022F0C00241E80023002BF5D1202180F894
:108220004110704708B590F84210222901D0022071
:1082300008BD82684FF480539A4201D1016921B18F
:10824000816A9A421BD04AB10AE00268816A526888
:10825000C2F308020A80816A891C08E0026972B1CF
:108260000268526802F07F020A70816A491C8162CA
:10827000C18D491E0904090CC18503D01BE00268A9
:108280005268F1E70168CA6822F02002CA600168FA
:10829000CA6822F48072CA6001684A6922F0010249
:1082A0004A61202180F8421000214163026B012ABB
:1082B00003D0FCF7D7FE002008BD016301680C3134
:1082C00051E8002F22F0100241E80023002BF5D1E5
:1082D00001680A68D20602D50A6849680091818D52
:1082E000FCF72AFCE7E7000070B504460068016966
:1082F000E26821F44051114301612169A068E269FB
:1083000008436169114308432168CA6849F20C6354
:108310009A430243CA6020684169A26921F440710E
:108320001143416131492068884202D03049884276
:1083300002D1FBF7C3FC01E0FBF7B0FCE2690023CC
:10834000192164253226B2F5004F626828D0A0FBBF
:108350000101930F9200F8F7E7FC0146B0FBF5F03E
:108360006FF01802504301EB800006EB0010B0FBE9
:10837000F5F000F0F002B1FBF5F002EB0012B1FBFA
:10838000F5F06FF01803584301EB800006EB001086
:10839000B0FBF5F000F00F0021681044886070BD5C
:1083A000A0FB010192185B41F8F7BEFC0146B0FB4F
:1083B000F5F00201B1FBF5F06FF01803584301EB43
:1083C000800006EBC000B0FBF5F000F0F80002EB17
:1083D0004002B1FBF5F0584301EB800006EBC00012
:1083E000B0FBF5F000F00700D6E7000000100140F8
:1083F000001401400148FCF7A1BB0000C80E00209A
:108400000148FCF79BBB0000580F00202DE9F0410C
:108410000C46D0F8D412D0F8C82200EB8101D1F874
:10842000C01229B304F00F0606EB860300EB8305A8
:108430000027AB694BB106EBC60602EB8602D26998
:10844000B3FBF2F602FB1632A2B1C1F81472D0F8F7
:10845000D42200EB8200D0F8C40203692BB1D1F81A
:108460000802224601F5047198470020BDE8F0811A
:108470000320FBE700231A462146AF6100F0D8FD38
:10848000F3E770B50546D0F8D40205EB8000D0F8CC
:10849000C04294B1284600F0AAFCC4F80C02D5F8FA
:1084A000D412D4F8040205EB8101D1F8C412CA68D1
:1084B00004F503719047002070BD032070BD0000DB
:1084C00070B5224D0446297800F0D5FB28780026A7
:1084D00000F00F0000EB800004EB800086846978D8
:1084E000204600F0C8FB687800F00F0000EB800029
:1084F00004EB8000A0F86461A978204600F0BBFB83
:10850000A87800F00F0000EB800004EB8000868468
:10851000C684D4F8D40204EB8000D0F8C01299B11C
:10852000D0F8C40240688047D4F8D40204EB80003D
:10853000D0F8C00200F09FFFD4F8D40204EB800012
:10854000C0F8C062C4F8BC62002070BDC801002041
:1085500010B5D0F8D41200EB8100D0F8C04284B13D
:10856000D0F8C41259B194F80002FF2807D08B68E4
:1085700094F8012221469847FF2084F80002002049
:1085800010BD032010BD00000A2101800048704783
:10859000CC01002070B5064682210C4800F0FBFAA1
:1085A00005460121094800F0F6FA044681210748F2
:1085B00000F0F1FA0DB11021A971402104B1A180A0
:1085C00000B1818043203080004870BDD801002078
:1085D00070B5064682210D4800F0DDFA05460121FE
:1085E0000A4800F0D8FA04468121084800F0D3FA7E
:1085F0000DB11021A9714FF4007104B1A18000B137
:10860000818043203080014870BD0000D8010020E7
:1086100070B5064682210C4800F0BDFA05460121DE
:10862000094800F0B8FA04468121074800F0B3FA7F
:108630000DB11021A971402104B1A18000B1818048
:1086400043203080004870BDD80100202DE9F0475C
:1086500004464FF40775284600F00EFF06004FF061
:10866000000863D02946F8F7A9FBD4F8D4023C4DA2
:1086700004EB80004FF01009C0F8C062C4F8BC627F
:10868000207C4FF4007A0127F0B34023022229789E
:10869000204600F018FC2878402300F00F0000EB83
:1086A000800004EB8000878402226978204600F075
:1086B0000AFC6878082300F00F0000EB800004EB50
:1086C00080000322A0F86471A978204601F00F0110
:1086D00001EB810104EB8101A1F82690A97800F05B
:1086E000F2FBA87800F00F0000EB800004EB8000A4
:1086F0008784C6F80482D4F8D402474604EB80008D
:10870000D0F8C402006800E018E006F50176804762
:108710003761776132687AB1207CF8B1402369789B
:10872000204600F0DCFB0020BDE8F087D4F8D4122E
:1087300004EB8101C1F8C0820220F5E75346022212
:108740002978204600F0BFFB2878534600F00F0040
:1087500000EB800004EB80008784A5E75346DEE74A
:10876000C801002010B5D0F8D41200EB8101D1F877
:10877000C01259B1027C084C002AD1F8042207D05B
:108780004023617800F0ABFB002010BD032010BD3A
:108790004FF40073F5E70000C801002039B1D0F8AC
:1087A000D42200EB8200C0F8C412002070470320DE
:1087B0007047D0F8D42200EB8200D0F8C00218B184
:1087C000C0F804120020704703207047D0F8D4325C
:1087D00000EB8300D0F8C00228B1C0F81022C0F826
:1087E000081200207047032070472DE9FC4106461F
:1087F000D0F8D4020C4606EB80000021D0F8C072FD
:108800008DF80010ADF804100D4637B1217811F045
:1088100060022FD0202A4BD102E00320BDE8FC816A
:10882000E288F2B109060DD5D0F8C4026378394662
:10883000D0F808C01846E047E288072A00D9072286
:1088400039462DE0607887F80002E088402800D3A0
:108850004020C2B287F801223946304600F081F844
:108860002BE0D0F8C40263780022866821461846BF
:10887000B04722E0607830B101281ED00A2809D024
:108880000B2815D110E096F89C02032810D1022283
:1088900001A905E096F89C02032809D10122694646
:1088A000304600F078F808E096F89C02032804D0DF
:1088B0002146304600F04AF803252846AEE700007E
:1088C00010B5D0F8D41200EB8101D1F8C0220121FB
:1088D0001AB1D2F8143213B116E0032010BD0121F1
:1088E000C2F814120949D2F81032097801F00F04C5
:1088F00004EB840400EB8404A361D2F81032D2F8B4
:10890000082200F095FB0021084610BDC801002098
:1089100010B5D0F8B82200245268904700B1032463
:10892000204610BD0020704700207047134610B548
:108930000A46002100F0D3FA002010BD134610B5FE
:108940000A46002100F074FB002010BD10B504465B
:10895000802100F04EFB2046BDE81040002100F0D1
:1089600048BB10B50323C0F89432C0F85821134611
:10897000C0F85C210A46002100F0B1FA002010BDC9
:1089800010B50521C0F8941200231A46194600F0CC
:10899000A6FA002010BD10B50223C0F894328261FF
:1089A0001346C2610A46002100F042FB002010BDC0
:1089B00010B50421C0F8941200231A46194600F09D
:1089C00037FB002010BD000010B50A46024903A085
:1089D00000F005F9004810BDA414002043444320D2
:1089E000436F6E6669670000122008800048704778
:1089F0000801002010B50A46024903A000F0EFF874
:108A0000004810BDA414002043444320496E7465FF
:108A100072666163650000000420088000487047AA
:108A20000401002010B50A46024903A000F0D7F85F
:108A3000004810BDA414002053544D6963726F6543
:108A40006C656374726F6E696373000010B50A46DB
:108A5000024903A000F0C3F8004810BDA414002090
:108A600053544D3332205669727475616C20436FD4
:108A70006D506F727400000010B51A2008800A480B
:108A80000168001D0468001D0068081809D008224C
:108A90000649FDF7ABFB0549042210312046FDF7DE
:108AA000A5FB0248801E10BD107AFF1F1E0100208A
:108AB000F8B504460020ADF8000048880D46010ACC
:108AC00008295FD2DFE801F05E0409175E5E3C45CD
:108AD000D4F8B412207C0A6819E0207C0226002811
:108AE000D4F8B80205D0C16A684688470146467086
:108AF00039E0816AF8E7C0B2062843D2DFE800F027
:108B0000030A1014181CD4F8B402426805E0694640
:108B100090471CE0D4F8B402826892B3207CF6E758
:108B2000D4F8B402C268F8E7D4F8B4020269F4E7F2
:108B3000D4F8B4024269F0E7D4F8B4028269ECE7F1
:108B4000207CF0B9D4F8B802416B684688470146EA
:108B500009E0207CA8B9D4F8B802016B68468847C0
:108B6000014607204870EA888AB1BDF8000040B18C
:108B7000824200D90246ADF800202046FFF70BFFE5
:108B8000F8BDFFE729462046FFF7E0FEF8E720465C
:108B9000FFF70EFFF4E778B50E464288017800250E
:108BA00004468A4212D9ADF800100AE0694600F086
:108BB0000FF84178052904D181780546B14205D0E6
:108BC00000256188BDF800209142EFD8284678BD85
:108BD0000A8803781A440A8001780844704770B5FF
:108BE000002300281ED00025044602E06D1CEDB2D3
:108BF000641C2678002EF9D1022404EB450414806D
:108C00001278CA545B1C0322CA5400245B1C06E081
:108C1000CA545B1CDAB28C54521CD3B2401C02788A
:108C2000002AF5D170BD01004FF0000004D00129E9
:108C300001D0022901D0032070470120704778B18C
:108C40000023C0F8B832C0F8C432C0F8D03209B13D
:108C5000C0F8B412012180F89C12027000F0CCB868
:108C60000320704710B5D0F8C802FAF715FABDE82E
:108C70001040FFF7D8BF10B5D0F8C802FAF7E7F9EF
:108C8000BDE81040FFF7CFBF2DE9F041174604467D
:108C9000002521B194F89C02032842D04CE0D4F87E
:108CA000941204F11400022935D1D0E902639E42E6
:108CB00006D9F21A826039462046FFF73FFE0FE0E0
:108CC000B34214D14068984211D3D4F89812884224
:108CD0000DD2002211462046FFF730FEC4F898520C
:108CE00000231A461946204600F0F9F813E094F8DC
:108CF0009C02032808D1D4F8B802C16821B1C4F895
:108D0000D452C168204688478021204600F071F97E
:108D10002046FFF735FE94F8A00268B184F8A0520F
:108D20000AE0D4F8B802426932B1C4F8D4524269B8
:108D300020469047002800D10020BDE8F08170B5A2
:108D400013460446002221B194F89C02032830D037
:108D50003AE0D4F8941204F5AA70032934D1D0E98A
:108D600002518D420AD96A1A82600846824200D3B3
:108D7000024619462046FFF7D9FD25E094F8AA02DD
:108D800010F01F0003D0012802D0022800D00022DA
:108D900094F89C02032808D1D4F8B802016921B1E3
:108DA000C4F8D4220169204688472046FFF700FE18
:108DB0000AE0D4F8B802836933B1C4F8D4228269D6
:108DC00020469047002800D1002070BD0020704749
:108DD00010B50024012180F89C12D0F8B82222B1ED
:108DE00052680179904700B10324204610BDD0F8A5
:108DF000C802FAF77EB9000010B5017839BB1549F1
:108E00000222C1F8E004C0F8C8124FF0A040086088
:108E100004200871CA71002088714A728872C87271
:108E200008738873C8730846FAF7C0FC08B1F9F7ED
:108E3000C5F880210748FAF7BAF840220021054812
:108E4000FAF7B9F8802201210248FAF7B4F80020B5
:108E500010BD0000C42800200A0601F07F01D0F8F0
:108E6000C80201EBC10100EB810001D5807D704794
:108E700090F85602704710B5D0F8D42200EB820269
:108E8000D2F8B82222B190F89C32032B02D004E031
:108E9000032010BD126A02B19047002010BD10B52A
:108EA000D0F8D42200EB8202D2F8B82222B190F896
:108EB0009C32032B02D004E0032010BD526A02B1A1
:108EC0009047002010BD10B51C461346D0F8C802CC
:108ED0002246FAF717F9BDE81040FFF7A4BE10B517
:108EE000D0F8C802FAF73DF9BDE81040FFF79BBE85
:108EF0002DE9F04100260125044680F89C52C4F873
:108F000094626660C4F8A46280F8A062D0F8B802E7
:108F100030B1426822B100212046904700B10326BB
:108F20000022402311462046FFF7CDFF4027A4F83A
:108F300064513B46002280212046C4F86071FFF74F
:108F4000C2FFA58430462762BDE8F08190F89C12EC
:108F5000042903D190F89D1280F89C1200207047DC
:108F600010B590F89C12032905D1D0F8B81211B1B0
:108F7000C96901B18847002010BD01740020704705
:108F800010B5D0F8C802FAF7D7FCBDE81040FFF7DB
:108F90004ABE70B5044600F2AA20054600F051F81A
:108FA0000120C4F89402B4F8B002C4F8980294F80E
:108FB000AA0210F01F010AD001290ED0022912D0F6
:108FC00000F080012046BDE8704000F012B829464C
:108FD0002046BDE8704000F0CFB829462046BDE8E5
:108FE000704000F00FBA29462046BDE8704000F0FE
:108FF00059B910B5D0F8C802FAF7CFF8BDE810405B
:10900000FFF711BE10B5D0F8C802FAF7AFFCBDE803
:109010001040FFF708BE90F89C12042903D090F886
:109020009C1280F89D12042180F89C120020704749
:1090300010B5D0F8C802FAF7E9F8BDE81040FFF71C
:10904000F2BD70B5054611F8010B287008786870FC
:109050004C1C2046FEF7F2FC6880A41C2046FEF75C
:10906000EDFCA880A01CFEF7E9FCE88070BD38B5D7
:1090700004460020ADF80000A1B1C4F8B812D4F83D
:10908000D40204EB8000D0F8B802C16A19B1684676
:109090008847C4F8D002D4F8D802401CC4F8D802DB
:1090A000002038BD032038BD02460020D2F8B83277
:1090B000002B02D01B681046184770472DE9F0417D
:1090C00088462B4E8978002504463170012906D93F
:1090D00041462046FFF73AFC0320BDE8F08194F8B2
:1090E0009C02022702280CD003281DD041462046AE
:1090F000FFF72CFC31782046FFF70AFC03252846B1
:10910000EBE789B320466160FFF7CEFF050004D08E
:1091100041462046FFF71AFC1DE02046FFF748FCB9
:10912000032084F89C02EAE7C1B1606888421BD042
:10913000C1B22046FFF7ECFB317820466160FFF7B3
:10914000B3FF050010D041462046FFF7FFFB217911
:109150002046FFF7DDFB84F89C72D0E784F89C7210
:1091600020466160FFF7D4FB2046FFF721FCC6E7ED
:10917000C4010020FFF746BF2DE9F0410A78002521
:1091800012F060020CD0202A01D0402A7DD1D0F804
:10919000D42200EB8202D2F8B8229268904731E0E4
:1091A0004B78002201260A2B6FD2DFE803F04166DC
:1091B0006E586E08056E2D29FFF77AFC67E00446AD
:1091C0008888D8B9C888C8B94888802816D200F0DD
:1091D0007F0794F89C02032810D084F89E723946C9
:1091E0002046FFF7CDFE2046FFF7E2FB1FB102202D
:1091F00084F89C024BE084F89C6248E0204644E0FE
:10920000FFF75CFF054642E0CB88012B3DD190F88B
:109210009C32012B04D0022B02D0032B35D104E069
:109220008260012200F1080116E00122011D13E015
:1092300090F89C22012A03D0022A01D0032A24D1CB
:10924000CA88022A21D1C660D0F8A41209B103212C
:10925000C160022200F10C01FFF79DFB17E04A8874
:10926000012A02D0022A03D00FE0C0F8A46216E05F
:109270008988090A80F8A01211E090F89C32012B2D
:1092800008D0022B06D0032B04D0FFF75FFB284643
:10929000BDE8F08149880129F9D1C0F8A422FFF77F
:1092A00087FBF4E72DE9F041054608780C790E4676
:1092B0004FF0000810F060000BD0202801D04028AB
:1092C0006AD121462846FFF72DFBFF2800D0D8B3EE
:1092D00095E07078C8B3012824D003285CD195F8B4
:1092E0009C02022802D0032856D10CE0002C53D057
:1092F000802C51D021462846FFF77BFE802128464E
:10930000FFF777FE7BE0708840B93CB1802C05D038
:10931000C88818B921462846FFF76BFE2846FFF794
:1093200047FB6CE095F89C020228DFD0032863D14C
:10933000708880BB600603D021462846FFF792FC68
:109340002846FFF735FBBCE700E00AE0C5F8D40289
:10935000D5F8B8028268F2B1314628469047804677
:109360004DE095F89C020027022802D0032843D143
:1093700013E00CB1802C3FD1200604F07F0000EBFD
:10938000800005EB800101D5143101E001F5AA71DF
:1093900002220F602CE032E02EE0200604F00F00E5
:1093A00000EB800005EB800009D5808C20B304F031
:1093B0007F0000EB800005EB800614360AE0B0F871
:1093C0006401C8B104F07F0000EB800005EB80066B
:1093D00006F5AA764CB1802C07D021462846FFF727
:1093E0003BFD10B10120306000E0376002223146C1
:1093F0002846FFF7D0FA02E02846FFF7A7FA4046D2
:10940000BDE8F08170B50546087800240E4610F0DE
:10941000600003D0202801D0402827D195F89C0275
:10942000012803D0022801D003281FD1B088C1B27F
:1094300001291AD8C1B22846FFF776FAFF280CD0C6
:1094400058B9D5F8B8128A683AB1C5F8D4028A6812
:10945000314628469047044600E00324F088204324
:1094600007D12846FFF7A4FA03E031462846FFF764
:109470006DFA204670BD704700487047A426002052
:1094800070B50A78012302F00F054E78AB401B4CF3
:10949000D0F81C58012E17D045EA0343C0F81C38F9
:1094A00000EB4210D0F8002B12040BD4D0F8002BA4
:1094B0000B890979C3F30A031A4344EA81410A4339
:1094C000C0F8002B002070BD9BB21D43C0F81C5893
:1094D00000EB4210D0F800391B04F3D4D0F8003967
:1094E0000D890979C5F30A0589042B4341EA8251A4
:1094F0000B432343C0F80039E4E70000008000106C
:10950000D0F800196FF30A01C0F80019D0F8041858
:1095100041F48071C0F804180020704770B50D4602
:109520000446C2F3072104981E4601291BD0E068B7
:1095300040F04000E060204600F032F8C6F307211A
:109540000029A16B26D021F48031A163C5F3074126
:10955000012907D1A16841F00601A160A16841F08D
:109560002001A16070BDA16B21F48031A163E1688D
:109570000A4A1140E160E16821F44011E160C0B2A3
:10958000012803D1E06840F48010E060204600F03C
:1095900007F8DBE741F48031D7E70000BFFFBDFFEC
:1095A00008B500214FF070620091009B5B1C009396
:1095B00093420CD80369002BF7DA0091016941F05E
:1095C000010101610099491C0091914201D90320D8
:1095D00008BD0169C907F5D1002008BD30B54C7838
:1095E0000A78012300EB4212012C2CD0D2F8004B58
:1095F000002C0BDAD2F8004B44F00064C2F8004BA8
:10960000D2F8004B44F08044C2F8004BD0F83C58EC
:109610000C7804F00F0403FA04F425EA0444C0F8BB
:109620003C48D0F81C48097801F00F018B4024EA2F
:109630000341C0F81C18D2F8000B19490840C2F8C1
:10964000000B002030BDD2F80049002C0BDAD2F814
:10965000004944F00064C2F80049D2F8004944F0DF
:109660008044C2F80049D0F83C480D7805F00F0559
:1096700003FA05F5ADB2AC43C0F83C48D0F81C483D
:10968000097801F00F018B4099B28C43C0F81C4857
:10969000D2F8000903490840C2F80009D1E70000E8
:1096A0000078F3EF007833ECD0F8001E21F00301CE
:1096B000C0F8001ED0F8041821F00201C0F8041808
:1096C00000207047D0F8001E21F00301C0F8001EF2
:1096D000D0F8041841F00201C0F8041800207047C7
:1096E0002DE9F04F00250E46044617462846294628
:1096F00004EB8002C2F80411401C0F28F8D3C3F316
:1097000007405FEA0009204616D0806B20F4001263
:10971000A263A06B40F40022A2630846884621465B
:10972000C4F8000EC7F30720012817D00846D1F867
:10973000001841F0030118E0D0F8040840F00202DC
:10974000C4F80428A06B40F40012A263A06B20F4BC
:109750000022A263A06B20F48022DDE7300E0846D1
:10976000D1F8001801D041F00101C0F80018102113
:1097700000F087FA00B10125204600F066FA00B13A
:1097800001254046C4F81088C4F81488C4F81C8821
:1097900000214FF0006B4FF0904E4FF67F3AF2B23F
:1097A00015E000BF04EB4113D3F800C9BCF1000F72
:1097B00006DA11B1C3F800E904E0C4F800B901E029
:1097C000C3F80009C3F81009C3F808A9491C8A4264
:1097D000E8D8002115E000BF04EB4113D3F800CB1B
:1097E000BCF1000F06DA11B1C3F800EB04E0C4F8D5
:1097F00000BB01E0C3F8000BC3F8100BC3F808ABC3
:10980000491C8A42E8D8D4F8101821F48072C4F8B0
:109810001028A0616FF080406061C6F3074018B95E
:10982000A06940F01000A061A0690A490843A06146
:10983000C7F3074018B1A06940F00800A061B9F172
:10984000010F03D1A06904490843A0612846BDE87F
:10985000F08F000000383C8004000040816821F057
:10986000010181600020704710B5036C134CA342C6
:1098700003D9D0F8003B002B1EDB0023C0F8103BBF
:10988000D0F8103B43F40023C0F8103BD0F8103B55
:1098900043F01803C0F8103BD0F8103B43F0C0432E
:1098A000C0F8103B012907D1C0F8142BD0F8001BD9
:1098B00041F08021C0F8001B002010BD0A30544F39
:1098C0004A780B78012A00EB43100BD0D0F8002B1C
:1098D00022F40012C0F8002B0979032914D00229C0
:1098E00012D017E0D0F8002922F40012C0F80029A5
:1098F0000979032901D002290CD1D0F8001941F0CF
:109900008051C0F8001905E0D0F8001B41F08051EB
:10991000C0F8001B002070470A784B78D1B200EBEA
:109920004110012B12D0D0F8001B002906DB2AB110
:10993000D0F8001B21F08041C0F8001BD0F8001BBC
:1099400041F40011C0F8001B00207047D0F8001946
:10995000002906DB2AB1D0F8001921F08041C0F8B7
:109960000019D0F8001941F40011C0F80019EBE714
:10997000F8B50C784F78894DE3B26FF0604600EB94
:109980004313012F29D0D3F8107B6FF31207C3F8CC
:10999000107BD3F8107B2F40C3F8107B002C0C6990
:1099A0007DD0002C7CD08D682C44641EB4FBF5F473
:1099B000A4B265430D62D3F8105B06EAC4442543A4
:1099C000C3F8105BD3F8104B0D6AC5F312052C4396
:1099D000C3F8104B012A7DD0C7E00F6927B3D3F835
:1099E00010796FF31207C3F81079D3F810792F406C
:1099F000C3F8107944B30F698D682F447F1EB7FBFD
:109A0000F5F506EAC545D3F810693543C3F8105992
:109A1000D3F810590E69C6F312063543C3F810592E
:109A20000D79012D1CD027E0D3F810692E40C3F822
:109A30001069D3F8105945F40025C3F81059D3F82C
:109A400010596FF3120515E00E698D68AE4200D90A
:109A50000D61D0F8105945F40026C0F81069D7E719
:109A6000D3F8105925F0C045C3F81059D3F8105950
:109A700045F00055C3F81059012A1AD000EB4413E1
:109A8000D3F8004944F00444C3F800490C79012C90
:109A900032D00A697AB3D0F83428097801E040E07E
:109AA00052E001F00F03012199400A43C0F8342825
:109AB00071E0CA691AB100EB4413C3F8142909799B
:109AC000012910D1D0F80818C90500EB4411D1F8CC
:109AD000002900E045E002D442F0005201E042F0EB
:109AE0008052C1F8002900EB4410D0F8001941F071
:109AF0000441C0F800194EE0D0F80848E405D3F856
:109B0000004902D444F0005401E044F08054C3F80A
:109B1000004900920A8A93B20A78C96800F0DEF917
:109B200039E00CB18C680C618C680C62D0F8105B69
:109B3000C4F312042543C0F8105BD0F8104B44F472
:109B40000024C0F8104B45E7D3F8104B8D68C5F3DF
:109B500012052C43C3F8104BD3F8104B44F40024E7
:109B600036E7CA680AB1C3F8142B097901290CD168
:109B7000D0F80808C005D3F8000B02D440F000501C
:109B800001E040F08050C3F8000BD3F8000B40F028
:109B90000440C3F8000B0020F8BD0000FFFF07E001
:109BA00038B50022009213464D780A7842F21074BC
:109BB00000EB4212012D19D0D2F8005B002D3CDAE7
:109BC000D2F8005B45F00065C2F8005B0A7800EB54
:109BD0004212D2F8005B45F08045C2F8005B009A63
:109BE000521C0092A24221D9012326E0D2F800594A
:109BF000002D22DAD2F8005945F00065C2F800596C
:109C00000A7800EB4212D2F8005945F08045C2F8BC
:109C10000059009A521C0092A242E5D80A7800EB43
:109C20004212D2F80029002AF3DB06E00A7800EBA2
:109C30004212D2F8002B002AD1DB184638BD8168C9
:109C400041F0010181600020704708B500214FF00C
:109C500070620091009B5B1C009393420AD80369D9
:109C6000002BF7DA0091102101610099491C009145
:109C7000914201D9032008BD0169C906F5D400202D
:109C800008BD18B500224FF070630092009C641C60
:109C900000949C420CD80469002CF7DA0092202230
:109CA00042EA811101610099491C0091994201D950
:109CB000032018BD01698906F5D4002018BDD0F82D
:109CC000080810F0060004D0022803D0062801D0AE
:109CD0000F20704702207047406900F00100704774
:109CE000D0F81818D0F81C08084080B27047D0F897
:109CF0001818D0F81C080840000C704710B5D0F8B0
:109D00001038D0F8342801F00F0400EB4110E24085
:109D100002F00102D0F8080943EAC212104010BD57
:109D200000EB4111D1F8081BD0F814080840704727
:109D3000416980690840704730B503460846940879
:109D400002F00301002203F5805303E01D6840F890
:109D5000045B521CA242F9D300290BD01C680022DC
:109D6000D50024FA05F3491E521C090400F8013BF2
:109D7000090CF5D130BD70B50446C068002520F04F
:109D8000C040E060012901D079B120E0E06840F0F6
:109D90000050E0600A20F8F71BFF60690A3510F0F8
:109DA000010F10D1C82DF5D30DE0E06840F08040E0
:109DB000E0600A20F8F70CFF60690A3510F0010F27
:109DC00001D0C82DF5D3C82D01D0002070BD0120D1
:109DD00070BDD0F8002822F4FE62C0F80028D0F848
:109DE00000284FF4FE6303EA01110A43C0F800287B
:109DF00000207047022A3ED1264A274B0A449A4245
:109E000001D20F2138E0254A254B0A449A4201D25B
:109E10000E2131E0234A244B0A449A4201D20D21FB
:109E20002AE0224A224B0A449A4201D20C2123E022
:109E3000204A214B0A449A4201D20B211CE01F4ABE
:109E40001F4B0A449A4201D20A2115E01D4A1E4BBB
:109E50000A449A420FD31D4A1D4B0A449A4201D22A
:109E6000082109E01B4A11441B4A914201D20721F3
:109E700002E0062100E00921C26822F47052C260AB
:109E8000C2684FF4705303EA81210A43C260002084
:109E900070470000405327FF00350C00401E1BFF99
:109EA00040420F0000DC0BFF804F1200808CF9FE57
:109EB00020D6130060B6E5FE60E3160000D3CEFEA8
:109EC00040771B00C05BB3FEC091210000CA91FE29
:109ED00020753800E05459FEE09C410010B5029C0A
:109EE00074B9DB1C9C0800EB0230002300F58050A5
:109EF00004E000BF51F8042B02605B1CA342F9D3BD
:109F0000002010BDFEE7000000B5B1EE042A2DEDE3
:109F1000048B81B0B6EE000ADFED3D8A9FED3D8AED
:109F2000DFED3A1AB0EE681AF0EE480A3A4801F04E
:109F30008CFF3948B2EE002ADFED381AB0EE681A0D
:109F4000DFED370AB6EE000A3C3001F07EFF324802
:109F50009FED342AF7EE001AB0EE681AF0EE480AC8
:109F60009FED310A783001F070FF9FED309A2A485A
:109F7000DFED2F1AB0EE492AB0EE681AF0EE000AB3
:109F80009FED2C0AB43001F060FF9FED2B8A224830
:109F9000F0EE001AB0EE482AB0EE681ADFED270A9C
:109FA000B1EE000AF03001F050FFB0EE492ADFEDCB
:109FB000241AB0EE681AF2EE000AB0EE480A214800
:109FC00001F043FF9FED200A13488DED000A69461A
:109FD0009FED1E0A203800F070FF0F4869469FED84
:109FE0001C0A103800F069FFF2EE060AB5EE000A0E
:109FF0001848FCF717F9F3EE0E0A9FED170A1748F9
:10A00000FCF710F901B0BDEC048B00BD9A99193E24
:10A01000000000006F12833A5C0800209A99993E74
:10A020000AD7233C000020429A99C9400090E2469A
:10A0300000002F440000FA430000C843EC51B83D33
:10A040000080BB44880900206666A63F8FC2753E2B
:10A050000AD7A33D70910020CDCCCC3DA09100202B
:10A0600010B506481422014680EC040A0448FAF7A9
:10A07000FBFF02491039086010BD000048040020B1
:10A08000C80E00204100080218BF04200A0E18BFA5
:10A0900040F001004FF07F4232EA010108BF40F07A
:10A0A0000200012808BF052070470907090E002893
:10A0B00004DB00F1E02080F80014704700F00F008E
:10A0C00000F1E02080F8141D7047000010B510EE7C
:10A0D000104A4FF01A402DED028B00EB4400B0F116
:10A0E000C85F4AD84FF0FC40B0EB440F22D2B0EE2C
:10A0F000C00AF7EE000A30EEC00AF6EE000A20EEC3
:10A10000208A18EE100A02F037FB00EE100A14F055
:10A11000004F1DBF9FED281ADFED280AB1EE400A5F
:10A120009FED271A08BFF0EE410AF8EE001A20EE64
:10A13000210A05E020EE008A9FED221ADFED220AB7
:10A14000DFED221A9FED222A70EEC00A20EE080AE7
:10A1500008EE212ADFED1F1A48EE021A9FED1E2A93
:10A1600008EE212ADFED1D1A48EE021ABDEC028B23
:10A1700040EE610A30EE810A10BD4FF0CC40B0EBEA
:10A18000440F82BF9FED160ABDEC028B10BD4FF04D
:10A190007F40B0EB440F05D2BDEC028BBDE8104010
:10A1A00000F033BA012000F057FABDEC028BBDE895
:10A1B000104000F031BA00000000494022AA7D3A68
:10A1C000000000000000C93F22AAFD3924FE1C3D0A
:10A1D000C78AD83C1E67383D1B93993DAFAA2A3EDB
:10A1E000DB0FC93F10B54FF00E402DED028BB0EEE6
:10A1F000408A18EE104A00EB4400B0F1506F4AD884
:10A200004FF0FC40B0EB440F22D2B0EEC80AF7EE9C
:10A21000000A30EEC00AF6EE000A60EE208A18EE60
:10A22000900A02F0A9FA01EE100A14F0004F1DBFC7
:10A23000DFED2D0A9FED2D0AB1EE411ADFED2C0A5C
:10A2400008BF9FED2C0AF8EE001A21EE218A05E0E6
:10A25000DFED290A68EE088AB0EE600A9FED271A42
:10A26000DFED271A30EE080A48EE811A9FED251A15
:10A2700008EEA11ADFED241A48EE811A9FED231A89
:10A2800008EEA11A68EE281ABDEC028B01EE810AD5
:10A2900030EE200A10BD4FF0E440B0EB440F0CD973
:10A2A00018EE100AFFF7EEFE042808BF00F0BCF914
:10A2B000B0EE480ABDEC028B10BD4FF07F40B0EB12
:10A2C000440F07D2B0EE480ABDEC028BBDE8104047
:10A2D00000F09BB9012000F0BFF9BDEC028BBDE896
:10A2E000104000F099B900000000C9BF22AAFDB9D2
:10A2F0000000C93F22AAFD390000000024FE1C3DD9
:10A30000C78AD83C1E67383D1B93993DAFAA2A3EA9
:10A3100070B54FF068422DED048BF0EE408A18EED8
:10A32000900AB0EE608A18EE101A02EB4003B3F107
:10A33000654F3CBF02EB4102B2F1654F7DD200BFD9
:10A34000C0F3C753C1F3C7529A1A1B2A09DD10F094
:10A35000004F14BF9FED830A9FED830ABDEC048B71
:10A3600070BD12F11A0F36DA11F0004F09D010F05B
:10A37000004F0CBF9FED7D0A9FED7D0ABDEC048B65
:10A3800070BD88EE889A19EE100AFFF77BFE04284C
:10A3900008BF00F049F918EE900AFFF773FE054672
:10A3A00018EE100AFFF76EFE044619EE100AFFF7CA
:10A3B00069FE042D18BF052D08D1042C18BF052CEB
:10A3C00004D1002804BF022000F046F9B0EE490A8B
:10A3D000BDEC048B70BD4200B2EB410F3AD910F0D6
:10A3E000004F19BFDFED630A9FED630ADFED630ADB
:10A3F0009FED630AB0EE481A0A46B1EE688A80F013
:10A400000041F0EE418A10460A1A5200B2F1807FF4
:10A4100034D2484010F0004FDFED5A1A9FED5A2A0F
:10A420001DBFBEEE001A70EEE10A30EE420AB6EE33
:10A43000001A08BF70EEA10A00E040E008BF30EE4D
:10A44000020AB0EE682A01EE482A08EE818AC2EEBE
:10A45000081A15E011F0004F04BF9FED4C0AF0EE12
:10A46000400AD1D010F0004F19BFDFED490A9FED2F
:10A47000490ADFED490A9FED490AC5E7C8EE881A87
:10A4800021EEA11A9FED462ADFED462A41EE022A6F
:10A490009FED452A01EE222ADFED442A41EE022AF1
:10A4A0009FED432ABDEC048B01EE222A21EE811A96
:10A4B00001EE020A30EE210A30EE200A70BD4FF0A4
:10A4C0007F42B2EB400F28BFB2EB410F09D2F0EE52
:10A4D000480AB0EE680ABDEC048BBDE8704000F09D
:10A4E00097B840EA01035B0008BF41F0FF410BD081
:10A4F000B2EB400F08BFB2EB410F08D120F0804013
:10A5000008EE900A21F0804108EE101A18E7B2EB2D
:10A51000400F12BF5FEA410340F0FF4001F00041ED
:10A520003FF40EAFB2EB410F12BF5FEA400200F002
:10A53000004041F0FF413FF403AF4A0092EA40037C
:10A540003FF5FEAE002AACBF9FED1A0A9FED1A0A36
:10A5500068EE808A28EE008A18EE900A18EE101A2B
:10A56000EEE60000DB0FC9BFDB0FC93FDB0F494040
:10A57000DB0F49C00000C9BF22AAFDB90000C93FD6
:10A5800022AAFD390060ED3EC30ACE37000000006C
:10A59000000049C022AA7DBA0000494022AA7D3AA3
:10A5A0002DAD65BD8FB8D53D0FB511BE61C84C3E10
:10A5B000A8AAAABE0000804F0000802F2DED020B3C
:10A5C000019820F0004001909DED000B02B0704713
:10A5D00010B52DED028BB1EEC08A18EE100A20F0F6
:10A5E0000040C0F1FF40C00F0AD010EE100A20F06A
:10A5F0000040C0F1FF40C00F04BF012000F02CF864
:10A60000B0EE480ABDEC028B10BD30EE000A704778
:10A6100030EE200A70470000DFED020A80EEA00A4B
:10A6200070470000000000009FED020A20EE000AC3
:10A63000704700000000001002E008C8121F08C1A7
:10A64000002AFAD170477047002001E001C1121FB3
:10A65000002AFBD1704700000149086070470000E4
:10A660008C040020D0ED000AF4EEC00AF1EE10FADE
:10A6700001DD80ED000AD0ED000AB1EE400AF4EEF3
:10A68000C00AF1EE10FA01D280ED000A7047000016
:10A6900030B50C4605000CD0022C0AD90548A11E85
:10A6A0000288284600F048FC291901F8020D000A2A
:10A6B000487030BD8004002010B504460948816A06
:10A6C000491C81622079012802D1204601F0F4FF63
:10A6D0002079022804D12046BDE8104000F09AB944
:10A6E00010BD00006800002070B5F6F70DFE802058
:10A6F000F6F756FF5520F6F753FF5520F6F750FFB3
:10A70000424C2070F6F7F8FD0120F8F761FAF6F7F1
:10A71000FBFD8020F6F744FF5520F6F741FF55205A
:10A72000F6F73EFF2070F6F7E7FD0120F8F750FA44
:10A73000F6F7EAFDB6217E20F6F744FFF6F7DCFDDA
:10A740005020F8F745FAF6F7DFFD8020F6F728FFEE
:10A750005520F6F725FF5520F6F722FF2070F6F773
:10A76000CBFD0120F8F734FAF6F7CEFD8020F6F79E
:10A7700017FF5520F6F714FF5520F6F711FF20704C
:10A78000F6F7BAFD0120F8F723FA20781E2801D049
:10A79000FF2070BD1D4D002060702435F6F7B4FD1C
:10A7A000607800EB40004119285C4978F6F70AFF11
:10A7B000F6F7A2FD0120F8F70BFAF6F7A5FD607891
:10A7C00000EB4000285C40F08000F6F7E9FE5520E1
:10A7D000F6F7E6FE5520F6F7E3FE2070F6F78CFD5F
:10A7E0000120F8F7F5F96078237800EB400129445F
:10A7F0004A789A4203D08978A2781143A170401C0C
:10A80000C0B260700628C9D3002070BD6C02002061
:10A8100070B5F6F789FD3C490020F6F7B5FEF6F76E
:10A820007BFD0120F8F7D4F9F6F77EFD36490020CC
:10A83000F6F7AAFEF6F770FD0120F8F7C9F9F6F76A
:10A8400073FDB6211420F6F7BDFEF6F765FD502026
:10A85000F8F7BEF9F6F768FD2B490020F6F794FEED
:10A86000F6F75AFD0120F8F7B3F9F6F75DFD264932
:10A870000020F6F789FEF6F74FFD0120F8F7A8F95A
:10A88000214C20780F2801D0FF2070BD1E4D0020E4
:10A8900060703635F6F748FD607800EB40004119EE
:10A8A000285C4978F6F78EFEF6F736FD0120F8F7BA
:10A8B0008FF9F6F739FD6078134900EB4000285C0A
:10A8C000F6F762FEF6F728FD0120F8F781F96078C7
:10A8D000227800EB40012944497891420BD0401E78
:10A8E000C0B20949607000EB400024310844A178EF
:10A8F00080780843A0706078401CC0B26070062861
:10A90000C8D3002070BD00006C02002070B5144C4C
:10A91000012500202562C4E9060520606060A06072
:10A92000E0600E2660616662206121460D48F7F7FF
:10A93000C1FB0C48F7F74CFF02210A48F7F740FB30
:10A9400066616662214608482561F7F7B3FB064851
:10A95000F7F73EFFBDE8704010210348F7F730BB22
:10A9600048910020B00C0020D80C002070B504469F
:10A970000D4802254FF4FA66407D40B101280AD007
:10A9800002280FD12046BDE8704000F0F7BD2046F8
:10A9900000F0C8FD02E0204600F0B2FEA4F84260DC
:10A9A00084F8385070BD0000E892002000214182F8
:10A9B00041750182C181017541738172417E21F02F
:10A9C0000E014176704700000A480B4A4FF480613F
:10A9D000837A0A48012B07D0002B0AD1D3685B1C6D
:10A9E000D3600022F8F70CBA93685B1C93600122D5
:10A9F000F8E770475005002000000020001C0240CE
:10AA0000034A00EB4000002142F83010704700007C
:10AA100090040020837C0A490A4A1BB94B685360A2
:10AA200001238374DBB2012B09D149685268511AA2
:10AA300000D54942B1F57A7F01DA01F08DBC70474B
:10AA4000B4920020680000203FB50D4C00201ECCC1
:10AA50008DE81E000B4B01466C4600BF00EB400228
:10AA600043F8321034F8105003EBC202401C55601A
:10AA70001172D1601161C0B251610828EED33FBD9F
:10AA800014D1000890040020F0B5B0EE413AF0EE89
:10AA9000602A054689B00F461020B2EE091AFAEE78
:10AAA000090A00F034FA06460C20B3EE0E1AFBEE4B
:10AAB0000E0AB0EE620A00F02AFADFED282A0446F8
:10AAC0000C209FED251AF0EE620AB0EE430A00F06A
:10AAD0001EFA03460C20B1EE041AF0EE620AB0EE44
:10AAE000610A00F014FA02460C20B2EE041AFAEEE3
:10AAF000040AB0EE420A00F00AFA0021049105911E
:10AB000008210691310A8DF800108DF801602109A5
:10AB10008DF80210210141EA13218DF803108DF800
:10AB2000043011098DF80510110141EA10218DF84A
:10AB300006108DF807000297284608AB6A4602A95E
:10AB4000F7F750FA06490028487002D04868401CC0
:10AB5000486009B0F0BD00000000FA4300000000AA
:10AB60003004002000B589B0012302910021049136
:10AB7000059108210691FF218DF800108DF8011034
:10AB80008DF804108DF802108DF805108DF8031063
:10AB90008DF80610FC218DF807106A4602A9F7F718
:10ABA00021FA09B000BD00B589B00123029100214E
:10ABB0000491059108210691FF218DF800108DF870
:10ABC00001108DF804108DF802108DF805108DF825
:10ABD00003108DF80610FD218DF807106A4602A9B2
:10ABE000F7F700FA09B000BD0B4810B5C1690B4872
:10ABF000012990F9000007D000290CD101280AD1C1
:10AC0000BDE8104001F036B908B901F021F9044857
:10AC10004168491C416010BD5C0500208C920020F9
:10AC2000240000208169826A00EE101A00EE902A4A
:10AC300020EE200AB5EEC00AF1EE10FA4ADD00EE71
:10AC4000101AB5EEC00AF1EE10FA00EE101A01DC8F
:10AC5000B1EE400A436D00EE903AB4EEE00AF1EE38
:10AC600010FA37D9026D00EE903A00EE102A70EE1D
:10AC7000200A00EE101AB5EEC00AF1EE10FA00EE4E
:10AC8000101A01DCB1EE400AF4EEC00AF1EE10FA3F
:10AC90001EDB00EE101A00EE902AB5EEC00AF1EEAF
:10ACA00010FA00EE101A01DCB1EE400A016B70EEF2
:10ACB000C00A00EE103A30EE801A00EE102AC1EE03
:10ACC000000A00EE101A20EE800A10EE101A00E0C2
:10ACD000002101637047000070B50446D0F894501D
:10ACE00000F16202B0F860300169D0F89000D5B18F
:10ACF000022B36D900EE101AF1EE400A00EE100ACF
:10AD00001046FCF797F9E06800EE900AD4F894003A
:10AD1000806801EE100A70EE810A00BF20EE200A62
:10AD200010EE100A1BE0022B0CD900EE101AF1EE07
:10AD3000400A00EE100A1046FCF77CF9E06800EECD
:10AD4000900AEBE7626900EE101A00EE902AE168C3
:10AD500070EEC00A00EE101A20EE801A12E0E062D7
:10AD600070BDE26800EE102AAA6800EE902A6269BF
:10AD700030EE201A00EE902A00EE101A30EEC00AD3
:10AD800021EE001A00EE100AC1EE000A10EE900A41
:10AD9000E5E7026B816A00EE902A00EE101A426A23
:10ADA00070EE200A01EE102A00EE101AC26A31EE8F
:10ADB000001A00EE102A31EE000AB5EEC00AF1EEDC
:10ADC00010FA01DCB1EE400A026C01EE102A0022FA
:10ADD000B4EEC10AF1EE10FA0CDD836900EE101A30
:10ADE00001EE103A21EE000AB5EEC00AF1EE10FABB
:10ADF00000DD0263416C00EE101AB4EEE00AF1EEE1
:10AE000010FA01D20263816200EE101AB1EE400A1C
:10AE1000B4EEE00AF1EE10FA07DD00EE101A02635C
:10AE2000B1EE400A10EE101A8162704780ED000A00
:10AE300090ED011AD0ED031AB0EE002A70EE410A2F
:10AE400060EEA10AF0EE401A41EE421A90ED022A9D
:10AE500071EE821A90ED042A42EE210AC0ED050A35
:10AE6000D0ED061AF4EEE10AF1EE10FA06DCF1EE8E
:10AE7000611AF4EEE10AF1EE10FA01D2C0ED051A02
:10AE800080ED021A80ED010A90ED050A704710B5B9
:10AE900004462DED048BB0EE418AF0EE608AB0EEF0
:10AEA000409A1C21F5F78AFF84ED039AC4ED048AC9
:10AEB00084ED068ABDEC048B10BD10EE102AC26032
:10AEC000096881600021016041607047B4EEE00ACA
:10AED000F1EE10FA02D2B0EE600A7047B4EEC10A89
:10AEE000F1EE10FAF9DDB0EE410A7047FDEEC00A4E
:10AEF00010EE900A00EE900AF8EEE00A30EE600ADA
:10AF000010EE101AB1F17C5F00DD401C704701218A
:10AF100031EE601A814070EE600A491E00EE101A90
:10AF2000B8EEC00A20EE800AC0EE010ABDEEE00ACB
:10AF300010EE100A7047000010B558B1084C491EB9
:10AF40000BD310F8013B5340DBB234F8133083EAE3
:10AF50001222F4E74FF6FF7010BD104610BD00003E
:10AF600000D40008244910B5B1F910104FF08B44FB
:10AF7000A1F59052423A00EE102A204BDFED200A54
:10AF8000B8EEC00A10EE102A80ED110AA24202DDCE
:10AF900030EE600A05E010EE102A9A4203D930EE36
:10AFA000200A80ED110ADFED171A9FED171A41F202
:10AFB000422220EE210A511A20EE010A80ED120AE7
:10AFC00000EE101AB8EEC00A10EE101A80ED130A47
:10AFD000A14202DD30EE600A05E010EE101A99423F
:10AFE00003D930EE200A80ED130A20EE210A20EE6C
:10AFF000010A80ED140A10BDF0910020000080C508
:10B0000000000046000000390000B4430B4800B5C2
:10B010000A4A90F89800C032012804D001209072AA
:10B02000907A507200BD06484168491C416000207A
:10B0300090720448FFF7BAFCF2E700009004002089
:10B0400000000020E892002010B504460878F2EED7
:10B05000090A00092070B1F80100BAEE090A40BAE5
:10B060006061CA780B79120142EA1312A2614A792F
:10B07000097901F00F0142EA0121E161102101F09B
:10B080003FFD84ED010A0C21F3EE0E0ABBEE0E0A21
:10B09000A06901F035FD84ED030A0C21F2EE040AEB
:10B0A000BAEE040AE06901F02BFD84ED040A94ED88
:10B0B000010AF6F703F984ED020A10BD06490748B4
:10B0C0004A7D32B1064A927A012A02D1097D0129CC
:10B0D00000D0002101707047E8920020300000206D
:10B0E0005005002070B50478CC72467866F30702EC
:10B0F000867866F30F22C67866F30703067966F34F
:10B100000F2346794E7680798876300908760020BC
:10B1100060F3070560F30F2504F003004875C4F3DE
:10B1200081004873C4F300100875C4F3401088729E
:10B13000C4F38010044CE072C87AC0098875CA81D3
:10B140000B824D8270BD00005005002010B5B0F993
:10B15000103043820A8852BA12B202824C8864BA12
:10B16000C4828C8864BA0483897981764FF4B4717F
:10B1700012FB01F1CC1701EBD4414C138482D31A9A
:10B180000168B3F5805F01DD491E03E013F5805FC0
:10B1900001DA491C0160818B521A016802EB4132CD
:10B1A000C1EB011101EB410104EBC101C0E9012137
:10B1B00010BD30B505780D734578F2EE040A65F3DD
:10B1C0000704857865F30F24C57865F307030579CF
:10B1D00065F30F23457965F307028579C079C87552
:10B1E00098B200EE100A0C8065F30F22B8EE400A08
:10B1F00080EE201A81ED011A0A8130BD2DE9F0415F
:10B2000005464848494C4A492DED028B90ED080A05
:10B210004548D0ED1F0A30EE600A10EE100A84EDAA
:10B22000010A9FED441A884202DD30EE410A06E031
:10B2300010EE100A4049884203D930EE010A84ED2D
:10B24000010ADFED3E0A3E4E9FED3E8B60EE201A76
:10B2500081EE810A84ED020AB6F9100001EE100AAF
:10B26000B8EEC11A31EE000A84ED030AB5EEC00A49
:10B27000F1EE10FA02D230EE200A06E010EE101ABB
:10B28000B1F18C4F03DD30EE600A84ED030AA0F5C6
:10B29000C0509C38F5F7B6FE41EC100BFFF78EF965
:10B2A00053EC182B51EC100BF5F7D0FE0CD394EDAA
:10B2B000030ADFED260A264F30EE600AB0EEC00A20
:10B2C00010EE100AB84204DA6069401C6061012087
:10B2D00022E0B6F91000A0F60E40F5F793FE41EC1F
:10B2E000100BFFF76BF953EC182B51EC100BF5F723
:10B2F000ADFE0BD394ED030ADFED160A30EE600AC3
:10B30000B0EEC00A10EE100AB84204DA6069401CC0
:10B310006061022000E0002085F83000BDEC028B67
:10B32000BDE8F081080A0020B09300203000002022
:10B33000000034430000B443000034C30000004662
:10B34000F09100200000000000407F4000E0C44574
:10B350000000FA4300E040450548817A054819B1EC
:10B360000549897A012900D0002101707047000049
:10B37000E892002068000020500500200A4840F2B2
:10B380009E52DFED0B0AB0F910100848A1F6EA4111
:10B39000914290ED020A02D230EE600A01E030EEF6
:10B3A000200A80ED020A7047F09100205C05002021
:10B3B00000002A4370B5044600F056FB204600F01A
:10B3C00069F91F4DD4ED000A1E4895ED1F0A00F0E3
:10B3D000FBFC84ED050AF0EE400A95ED060AB2EE9C
:10B3E000041A184820EE010A783000F0EDFCBDEE9A
:10B3F000C00A154910EE100A88851248D4ED010ADA
:10B4000095ED1C0A3C3000F0DFFC0E4884ED060A86
:10B41000F0EE400A95ED050AB43000F0D5FC0B487B
:10B4200080ED090A95ED1F0A84ED040A95ED1F0AC7
:10B4300084ED020A95ED1C0A84ED030A70BD00003C
:10B44000B0930020B0050020F09100208C920020E5
:10B450001349002291ED1F0A80ED000A91ED1F0AA9
:10B4600080ED020A91ED1F0A80ED040A91ED1C0A9D
:10B4700080ED030A91ED1C0A0B4980ED010A9FED56
:10B48000090A80ED050A80ED060A81F830200122C4
:10B490004A6380F83E204FF4FA61A0F842107047EA
:10B4A000B0930020000000005C050020A0F5C05112
:10B4B0009C39002903DC41F69C010844414288B2D2
:10B4C000704700001CB5114800238168491C816049
:10B4D0000020009001900E48B0F92C200D4803C8C0
:10B4E00000F040FF012000F039FC0B489FED0B0AF3
:10B4F00090ED092A0A48F0EE401AB0EE401A03C84F
:10B50000BDE81C40F0EE400AFFF7BEBA2400002060
:10B51000F0910020200400208C9200200000000008
:10B52000280400201149134A91ED1F0A80ED000AFA
:10B5300091ED1F0A80ED040A91ED1F0A80ED020AC9
:10B5400091ED1C0A80ED010A91ED1C0A002180EDAD
:10B55000030A9FED070A80ED050A80ED060A918532
:10B56000054A82ED090AC16270470000B0930020CD
:10B5700000000000F09100208C92002070B504467D
:10B5800000F066FA94F83800012520B1012806D0B1
:10B59000022813D10AE0204600F052FA02E02046C9
:10B5A00000F076F92046FFF729FE07E084F83E50C8
:10B5B0002046FFF7FFFE002084F83000E56270BDF2
:10B5C00010B59FED2B2AB0EE000A2DED028B9FEDFA
:10B5D000298A2948F0EE481AB0EE481AF0EE480AD7
:10B5E00000F033FC24489FED252AF0EE481AB0EE17
:10B5F000481AF0EE480A9FED220A783000F025FC48
:10B600001D48B1EE042AF0EE481AB0EE481AF0EEEA
:10B61000480A9FED1C0A3C3000F017FC1648B2EEB9
:10B62000002AF0EE481AB0EE481AF0EE480A9FEDF4
:10B63000160AB43000F009FCDFED148A0E48F0EE73
:10B64000480AB0EE681AB2EE0E0AF030FFF71FFC9F
:10B65000B0EE681AF0EE480AB0EE000A0C48FFF7A8
:10B6600016FCBDEC028BBDE81040FEF74DBC00009F
:10B6700000008C4200000000B00500200060EA4697
:10B680000000C843295C8F3E9A99993E0000C84249
:10B69000BC06002070B504462DED028B406A65683B
:10B6A000012802D0401C06D00AE01148854207DD7F
:10B6B0004FF0FF3003E00F48854201D9012060625E
:10B6C000606AF5F79FFC9FED0C1B53EC112BF5F70F
:10B6D00027FC41EC180B2846F5F7A5FC53EC182B7A
:10B6E000F5F777FBF5F7CAFC6060BDEC028B70BD27
:10B6F0000000E8410000E8C1333333333333C33F44
:10B7000070B53C4D04462DED028BB5F90E00F5F7F2
:10B7100079FC9FED391B53EC112BF5F701FC41EC43
:10B72000180B2068F5F77FFC53EC182BF5F7F2FBAC
:10B73000F5F7A4FC2060B5F91000F5F763FC9FED68
:10B74000301B53EC112BF5F7EBFB41EC180B606849
:10B75000F5F769FC53EC182BF5F7DCFBF5F78EFCDD
:10B7600000EE100A84ED010A00F090FB264D84EDF6
:10B77000010AD4ED000A95ED1F0A244800F024FBCD
:10B7800084ED050AF0EE400A95ED060AB2EE041AC1
:10B790001E4820EE010A783000F016FBBDEEC00A0C
:10B7A0001B4910EE100A88851848D4ED010A95ED62
:10B7B0001C0A3C3000F008FB144884ED060AF0EE49
:10B7C000400A95ED050AB43000F0FEFA114880ED0C
:10B7D000090A95ED1F0A002084ED040A95ED1F0A61
:10B7E00084ED020A95ED1C0A84ED030AE062BDECCB
:10B7F000028B70BDE8920020613255302AA9333F98
:10B800002D431CEBE2361A3FB0930020B005002018
:10B81000F09100208C920020A0F60E41002902DC5D
:10B8200000F60E40414288B270470000022001F04D
:10B8300043FAFFF7C5FE144C012320462362FFF7AD
:10B8400007FE636284F83E30022584F838500F4EBC
:10B8500000279846FFF732FC0B48FFF783FB307850
:10B8600010B101280CD106E084F838500648E76191
:10B87000FFF758FE04E00448C4F81C80FFF776F890
:10B88000012001F019FAE5E75C05002030000020F6
:10B8900070B5044690F83800012809D194F83E00AC
:10B8A000012805D12046FFF769FD002084F83E00FD
:10B8B000254894ED020AB6EE001AD0ED060A00F013
:10B8C000A5F980ED060A2046FFF7E4FE1F4DD4EDF2
:10B8D000020A1F4895ED1F0A00F076FA84ED050A6A
:10B8E000F0EE400A95ED060AB2EE041A184820EE72
:10B8F000010A783000F068FABDEEC00A154910EE72
:10B90000100A88851248D4ED030A95ED1C0AB4305C
:10B9100000F05AFA0E4884ED060AF0EE400A95ED62
:10B92000050AB43000F050FA0B4880ED090A95ED95
:10B930001F0A84ED040A95ED1F0A84ED000A95EDB7
:10B940001C0A84ED010A70BD30000020B093002075
:10B95000B0050020F09100208C92002070B50446C4
:10B960002E482DED028B90ED080A84ED020A90ED31
:10B97000040A84ED030A00F089FA294D84ED030AD4
:10B98000D4ED020A95ED1F0A264800F01DFAB0EE2C
:10B99000408A94ED020A2448FFF748FA78EE000A3C
:10B9A000B2EE041A2148C4ED050A95ED060A20EE10
:10B9B000010A00F009FABDEEC00A1D4910EE100A96
:10B9C0008885D4ED030A95ED1C0A1A4800F0FCF9AD
:10B9D0001548B0EE408A94ED030A1C30FFF726FAB2
:10B9E00038EE000A134884ED060AD0ED0E0A95EDF4
:10B9F000050A114800F0E8F9104880ED090A95EDB4
:10BA00001F0A84ED040A95ED1F0A84ED000A95EDE6
:10BA10001C0A84ED010ABDEC028B70BD080A0020EF
:10BA2000B0930020D4080020A006002010090020B8
:10BA3000F09100205C080020980800208C920020E3
:10BA400002490A69521C0A61FFF788BF30000020D2
:10BA50000449897819B1002180F838107047022113
:10BA6000FAE70000080A002070B504462DED028BAD
:10BA70000123016A27484FF496754FF0FF32B0F961
:10BA80001000012902D0491C0AD00EE0FFF70EFD7C
:10BA9000A8420AD22048C169491CC161226204E05F
:10BAA000FFF7BAFEA84200D223621C48C07D20B135
:10BAB000022805D0012805D005E00020606302E0DF
:10BAC000626300E06363606BF5F79CFA9FED141B03
:10BAD00053EC112BF5F724FA41EC180B206AF5F71B
:10BAE00091FA9FED111B53EC112BF5F719FA53EC5A
:10BAF000182BF5F76EF941EC180B2068F5F793FA5F
:10BB000053EC182BF5F765F9F5F7B8FA2060BDECA2
:10BB1000028B70BDF091002030000020E8920020E0
:10BB2000EC51B81E85EBA13F9A9999999999A93F33
:10BB30000548817A054819B10549897A012900D05B
:10BB40000021817070470000E8920020540000201E
:10BB50005005002010EE100AF6EE000A074960EECC
:10BB6000200AA1EB600000EE100A20EE801AF7EE2A
:10BB7000080A41EE400A20EE800A7047865A375F75
:10BB800030B51849184841F65835B1F9184082784F
:10BB90000023AC4206DDB1F91610322902DA002981
:10BBA00000DB0AB1836015E00F4934394C6A641C2C
:10BBB0004C628468641C8460462C0BDD0A6A521C4B
:10BBC0000A62012181700278022A00D102210171EA
:10BBD000C37430BD002AFCD1817C0129F9D1837462
:10BBE00030BD0000B49200209C00002005480649AA
:10BBF00040684968401A10F5AF6F01DD01207047B9
:10BC000000207047B49200206800002070EE601A97
:10BC1000F0EEE11AF4EEC11AF1EE10FA06DDB4EE20
:10BC2000E00AF1EE10FA02DD30EE810A7047FDD233
:10BC300030EEC10A70470000F7F7F6F8FBF782FF15
:10BC4000FAF7E0FFFAF724FFFBF7A4F8FBF7BEF8DA
:10BC5000FBF712F9FBF7DEF8FBF7A4F9FBF782F923
:10BC6000FBF764F9FAF7D0FEFAF7F0FEFEF74EFEA6
:10BC7000A820F6F7B3F801210748F5F733FC0028B0
:10BC8000F9D1FBF7ABF9FBF71FFFF5F779FFFAF7EF
:10BC90004DFF00F06AF8FEE7200D0020014600206D
:10BCA000842900D0C81C7047F0B50B30154D20F02A
:10BCB00007010024144A0FE003688B420BD38B4228
:10BCC00005D95E1A43184768C3E9006700E0436876
:10BCD000136002C004E0021D10680028ECD1204669
:10BCE000002802D1286808B10020F0BD064A0748A4
:10BCF0001060074A121A22F00702C0E9002401204E
:10BD00002860D7E788040020840400205494002091
:10BD100050B4002010B5FFF7D5FB00F04DFB01201B
:10BD200000F01CF8BDE8104040F20241014800F06C
:10BD3000E7BC0000B00C0020022000F0BDFF064C64
:10BD40002068401C2060FEF74FFFFFF7E3FF012053
:10BD500000F004F8F4E700002400002010B500B95A
:10BD6000012000F0A9FF002010BD10B500F0CAFFAF
:10BD7000002010BD7FB50D4604464169B0F90800AA
:10BD800081B1A16971B1FFF789FFD4E905128DE88E
:10BD90000700D4E900102B46226901F0C8F803908F
:10BDA00004B070BDFFF77AFF03A9CDE90001208A36
:10BDB0002B4682B2D4E9001001F08CF8012801D0A2
:10BDC0000020EDE70398EBE710B580ED0A0A30EEAE
:10BDD000C00AC0ED090A044680ED080AD0ED000A49
:10BDE00060EE800AC0ED0B0AD0ED0C0A90ED011A4E
:10BDF00041EE000AC0ED0C0AD0ED070A30EE600AF1
:10BE0000D0ED020A04F1300020EE200A84ED0D0A84
:10BE100094ED030AFEF726FC94ED0B0AD4ED0C0A10
:10BE200004F1380030EE200AD4ED0D0A30EE200A7D
:10BE300084ED0E0A94ED040AFEF714FC94ED080A52
:10BE400084ED070A94ED0E0A10BD80EC050A7047D8
:10BE500070B5074D002400BFD5E90001FEF782FE52
:10BE6000022000F029FF641C0A2CF5DB70BD0000E5
:10BE700028040020044810B503C8FEF794FEBDE86E
:10BE80001040022000F018BF2804002010EE100A15
:10BE90000649884202DDB3EE060A704710EE100A2A
:10BEA00003498842F9D99FED030A70470000B04169
:10BEB0000000CCC10000CCC1094D0A4E0A4C286AD2
:10BEC000401C2862D6ED091A94ED1C1AD4ED1D0A07
:10BED00094ED1F0AFEF7C4F80720FFF73FFFEEE7D7
:10BEE0003000002010090020B09300202DE9F0411F
:10BEF000184C0F460546E6682068001D00F014FE49
:10BF000038B9206890F82C100120884021698143BD
:10BF10002161681C07D137B12168BDE8F0410E48A6
:10BF2000091D00F045BE20683544B54245602168D2
:10BF300005D2A06BBDE8F041091D00F021BE606B89
:10BF4000091D00F01DFEA06A854200D2A562BDE871
:10BF5000F08100005C010020842E00202DE9F041DA
:10BF6000054600F031FE2E4CA068401CA060206801
:10BF70002C4F10B1606940B32DE02560A068012806
:10BF800029D1002606EB860007EB800000F0EAFDD1
:10BF9000761C072EF6D323488C3000F0E3FD2148B1
:10BFA000A03000F0DFFD1F48B43000F0DBFD1D487D
:10BFB000C83000F0D7FD1B48DC3000F0D3FD194835
:10BFC0008C3060631430A06305E02068E96AC06AC1
:10BFD000884200D82560606A401C6062E96A0120DE
:10BFE000226988401043206101EB810007EB80004B
:10BFF000291D00F0DDFD00F007FE606900280CD06F
:10C000002068E96AC06A884207D207494FF0805029
:10C010000860BFF34F8FBFF36F8FBDE8F081000062
:10C020005C010020A82D002004ED00E010B50446BE
:10C0300090F8510058B101280CD002280FD05020A0
:10C0400080F31188BFF34F8FBFF36F8FFEE7206B34
:10C0500000F0EEFD2046BDE8104000F0E9BD10BD47
:10C0600010484FF4C041420706D0C01D0D4920F0D2
:10C070000700411AC1F5C0410B4A00230144C2E93F
:10C0800000030839183A21F0070111604B600B607A
:10C090000B1AC0E9001393604FF0004053605061E9
:10C0A00070470000982E0020B0010020144E154C5F
:10C0B000A6F1C8074FF08058DFF84C9012E000BF9F
:10C0C00000F082FDF068C568281D00F02DFDA06815
:10C0D000401EA0606068401E606000F095FD28462C
:10C0E000FFF7A4FF60680028EAD138680128F9D971
:10C0F000C9F80080BFF34F8FBFF36F8FF2E70000E6
:10C10000702E00205C01002004ED00E02DE9F047D6
:10C110009A46DDE9098481466FF00303206B03EB47
:10C1200082021044089E20F00707780707D05020AD
:10C1300080F31188BFF34F8FBFF36F8FFEE70025A9
:10C1400061B1002023180A5C83F834200A5C12B124
:10C15000401C1028F6D384F8435001E084F8345092
:10C16000072E00D30626E662C4E91165201D00F003
:10C1700004FD04F1180000F000FD2461C6F1070081
:10C180006462A061E56484F85050524649463846DE
:10C1900000F0C0F82060B8F1000F01D0C8F80040EE
:10C1A000BDE8F08730B5114900E011460A688242C7
:10C1B000FBD34B685C18844203D140681844486044
:10C1C000084643681C18944209D1084C183C24685E
:10C1D000A24209D052681A4442600A68126802609A
:10C1E000814200D0086030BD0460F9E7B001002052
:10C1F0000648416B096829B1416BC968C96849683B
:10C20000816270474FF0FF31FAE700005C010020C7
:10C2100008484068401C4FF0500080F3118804D05B
:10C22000BFF34F8FBFF36F8FFEE7BFF34F8FBFF3A7
:10C230006F8FFEE7B80100202DE9F0410546002789
:10C2400000F096FD324E306808B9FFF709FF7069BB
:10C2500005424ED1C5B3083568070ED005F007007A
:10C26000C0F108000544680707D0502080F311880A
:10C27000BFF34F8FBFF36F8FFEE72DB3706885421A
:10C2800037D82348183001460C6801E020460C4698
:10C290006168A94202D221680029F7D131688C4235
:10C2A00027D007682168016060680837411B1029A2
:10C2B0000FD96019420708D0502080F31188BFF3CE
:10C2C0004F8FBFF36F8FFEE713E041606560FFF7AC
:10C2D00069FF61687068401A7060B268904200D26D
:10C2E000B060706901430020C4E90001F068401C9F
:10C2F000F06000F0ADFE780707D0502080F3118881
:10C30000BFF34F8FBFF36F8FFEE73846BDE8F08174
:10C310009801002010B5031F4FF080741C601B1F94
:10C3200021F001011960191F044B0B6014390A60D8
:10C33000091F6FF0020244380A6010BD11C20008E4
:10C3400003480449407EC0F3420008707047000073
:10C35000E892002000000020002101710122C27437
:10C360008170704730B589B0DDE90C54029100212D
:10C370000491059108210691110A8DF800108DF89D
:10C380000120190A8DF80210290A8DF804108DF881
:10C390000550210A8DF806108DF803308DF80740FE
:10C3A00008AB6A4602A9F5F71DFE0249087009B0FC
:10C3B00030BD0000300400201CB50848B0F92C2026
:10C3C0000748B0F96010CDE90012B0F92C300548EB
:10C3D000002203C8FFF7C6FF1CBD0000B492002076
:10C3E000249200201804002030B51749CA6A02219F
:10C3F000012A08D0154A1378012233B1022B08D044
:10C40000042B01D11EE0017030BD00210170827348
:10C4100030BD4378012BF6D10D4B0F4D93ED010A42
:10C420000C4BF8EEC00A93ED010AB8EEC00A30EEEC
:10C43000C00A10EE104AAC4204D201701869401CC8
:10C44000186130BD027030BD5C0500200000002086
:10C45000B4920020680000200000AFC470B52748E7
:10C46000274C284D2DED028B807AB4F91610012847
:10C4700026D0002821D100EE101A9FED238AA5F1C5
:10C480003C00B8EEC00AF0EE480AFFF79DFCBDEE96
:10C49000C00AF0EE480A10EE100A24F82C0FB4F986
:10C4A0001E0000EE100AB8EEC00A2846FFF78CFC0A
:10C4B000BDEEC00A10EE100AA086BDEC028B70BD66
:10C4C000104E00EE101A503E06F11400D6ED000A90
:10C4D000B8EEC00AFFF778FCBDEEC00A10EE100AF5
:10C4E00024F82C0F96ED000AB4F91E00F1EE400A74
:10C4F00000EE100AB8EEC00AD7E70000E89200206C
:10C5000024920020280700200000000010B5B1EEA2
:10C51000040A2DED048B9FED138ADFED108A9FED49
:10C52000109AB0EE481AB0EE682AF0EE491AF0EE12
:10C53000480A0D48FFF789FCB0EE682AF0EE491A68
:10C54000B0EE481AF0EE480ABDEC048BB1EE040AD6
:10C550000548BDE810403C30FFF777BC000080463E
:10C560000000C84200000000EC060020144910B58D
:10C570000A78012122B1022A08D0042A03D103E05B
:10C5800000220270817310BD017010BD0D4A9369C5
:10C590005B1C936144780223012C0FD10A4C94ED6B
:10C5A000010A0A4CF8EEC00A92ED010AB8EEC00A80
:10C5B00030EEC00A10EE102AA242E5D2037010BD80
:10C5C0000000002068000020B49200200000AFC4EA
:10C5D0002DED028B012000F06FFBFFF797FF0B4D55
:10C5E0000B4C9FED0C8A00BFFFF7A2FAA87828B188
:10C5F000012807D1064800F00FF801E084ED008A19
:10C60000FFF72CFF012000F057FBEDE7540000205E
:10C61000D80600200000000070B5204C204E0546D2
:10C6200020887168884222D00121317070601D49D4
:10C630006068884211DDB068401CB060FBF778FC90
:10C6400094ED010AB2EE042AF2EE041A281DB3EEAC
:10C65000071ADFED150AFBF7F7F9A07A012809D0D0
:10C66000002803D19FED110A85ED000A70BD00205E
:10C670003070F2E760680E492861884203DD30615E
:10C68000F068401CF06095ED010ADFED0A0A30EE1B
:10C69000200AD5ED020A30EE200AE5E7E8920020F4
:10C6A00054000020000070419A99B1410000000040
:10C6B0000000C8410020CB4500B5827C0E490F4BDD
:10C6C0001AB94A685A6001228274D2B2012A0AD188
:10C6D00049685A68511A00D54942B1F57A7F02DAA1
:10C6E0005988491C59805988322903D9FFF734FEEB
:10C6F0000020588000BD0000B49200206800002097
:10C7000010B58AB01A4B02910021049105910821BD
:10C710000691164993F8384091ED000ABDEEC00A23
:10C7200010EE101A93ED140A8DF8004093F8303093
:10C730008DF801308DF80210090A8DF803100D49AB
:10C74000BDEEC00A4B7E8DF8043010EE102AC97F72
:10C750008DF805108DF80620110A8DF8071008AB2A
:10C760006A4602A9F5F73EFC0AB010BD340000206D
:10C770005C0500201808002010B500EE100A2DED11
:10C78000028BB1EEC08A18EE100A20F00040C0F112
:10C79000FF40C00F0AD010EE100A20F00040C0F198
:10C7A000FF40C00F04BF0120FDF756FF18EE100A2E
:10C7B000BDEC028B10BD00000748FEF727FC0748C0
:10C7C000FBF778FC0448FEF7FFF8054800F006FB8D
:10C7D000012000F071FAEFE7E8920020300A002013
:10C7E000080A002070B504461D481E4D1E4E807A72
:10C7F000012802D06868706070BD204600F036F8ED
:10C80000E07C40B12078E8B1012809D0022810D09E
:10C81000032822D11EE02046BDE87040FDF74CBF42
:10C820006078022801D168687060204600F01AF92B
:10C8300013E0686870603069401C3061204600F089
:10C840002FF80AE0FFF7D2F938B10120A073686829
:10C85000706002E0204600F035F92078607070BD0D
:10C86000E8920020B4920020680000200A491422B7
:10C870004B7D022B0ED10B890849962B497E01D3A3
:10C88000072904D0B3F5A07F04D3072902D00021E3
:10C890004161704742617047E8920020180800200B
:10C8A0001049114AC96A69B101291AD10F498B7E11
:10C8B0009BB1CB7E8BB1436923B1497E07290AD056
:10C8C0001421416140694FF48771484300EE100A1A
:10C8D000B8EEC00A03E00C21F3E79FED050A82EDF4
:10C8E000020A70475C05002068000020180800203C
:10C8F000000000000B490A78012A09D04A69521C3D
:10C900004A6100220270084843684B608285704784
:10C910000649497D012903D00229F8D1FFF764BDFA
:10C92000FFF724BE68000020B4920020E8920020A7
:10C930001F4910B50A781F4C012A01D0002019E0C8
:10C940000278022A18D18078012815D0002812D147
:10C95000086B401C0863B4F91600D1ED020A00EE22
:10C96000100A1548B8EEC00AFFF72EFABDEEC00A4D
:10C9700010EE100AA08510BDC86A401CC86294ED74
:10C98000010AD1ED010A0C48B8EEC00AF8EEE00A3F
:10C990007838FFF719FA08487838D0ED0E0AB4F95C
:10C9A000160000EE100A0448B8EEC00A3C38DBE777
:10C9B00068000020B4920020DC07002010B59FED35
:10C9C000192AF2EE041A2DED028BB7EE000A9FED44
:10C9D000178A9FED151A1648F0EE480AFFF735FA48
:10C9E000DFED148A1248DFED141AB0EE682AB0EEBB
:10C9F000481ADFED120AB2EE000A3C30FFF725FAC2
:10CA0000B0EE682AF0EE481AB0EE481AF0EE480A86
:10CA1000BDEC028BB3EE090A0548BDE81040783042
:10CA2000FFF713BA00007A45CDCCCC3D00000000E2
:10CA30006407002000401C460000C8426F12033A01
:10CA4000022000F039F9FFF7B9FF00BFFEF784FCC0
:10CA5000034800F025F8012000F02EF9F6E7000069
:10CA60009C000020817B012912D10A49CA69521C0D
:10CA7000CA61094A1289B2F5A07F02D3074A5268F7
:10CA800003E04A6847F6BC731A444A600021817388
:10CA90007047000068000020E8920020B492002057
:10CAA00010B50446FFF74CFC2046FFF723FFFFF7C5
:10CAB00067F82046FFF796FE2046BDE81040FFF7D6
:10CAC00037BF00000A4800B580780A4A022805D01E
:10CAD000D069401CD0610848406806E0FFF786F83E
:10CAE000002803D0054950680844506000BD00008C
:10CAF000080A002068000020B4920020F0FE010027
:10CB000001EE100A70EEC00A0120B8EEC11A88408A
:10CB1000401E21EE201A00EE900AF8EEE01AC1EE57
:10CB2000210A30EE800A7047D0E9013201699A602B
:10CB3000D0E901235A604A68824201D182684A6082
:10CB4000002202610868401E086008687047000003
:10CB5000034B036003F154000860802010607047AD
:10CB60005C0A002000F108014FF0FF32C0E9011219
:10CB7000C1600161002101607047002101617047BF
:10CB800030B50B685A1C02D000F1080202E00269BD
:10CB900004E02246546825689D42FAD953684B60E8
:10CBA00099608A60516008610168491C016030BD6C
:10CBB00042684A6093688B6093685960916008612D
:10CBC0000168491C01607047502080F31188BFF351
:10CBD0004F8FBFF36F8F0A494868401C4860012897
:10CBE0000CD10848006810F0FF0F07D0502080F3E8
:10CBF0001188BFF34F8FBFF36F8FFEE770470000C0
:10CC0000B801002004ED00E00849486828B1401E42
:10CC1000486001D180F311887047502080F311885B
:10CC2000BFF34F8FBFF36F8FFEE70000B801002006
:10CC300070B500282AD0164DA0F108046068696913
:10CC4000084207D1502080F31188BFF34F8FBFF304
:10CC50006F8FFEE722683AB1502080F31188BFF34E
:10CC60004F8FBFF36F8FFEE78843606000F080F85E
:10CC700060686968084468602046FFF793FA28698D
:10CC8000401C2861BDE8704000F0E2B970BD0000B2
:10CC9000980100204FF0E0200021016181610549E9
:10CCA0004FF47A720968B1FBF2F1491E4161072124
:10CCB000016170475801002010B5020014D00F48E0
:10CCC000006B38B1502080F31188BFF34F8FBFF352
:10CCD0006F8FFEE700F04CF800211046FFF706F9D1
:10CCE00000F0B6F9002807D105494FF080500860E0
:10CCF000BFF34F8FBFF36F8F10BD00005C010020AA
:10CD000004ED00E010B586B00024039405AA04A940
:10CD100003A80494FFF71CFFDDE903010094CDE9AB
:10CD2000011000230EA11048059A00F000F90F49E8
:10CD30000028C86211D0502080F31188BFF34F8FB4
:10CD4000BFF36F8F4FF0FF30886201204861CC60E5
:10CD500006B0BDE8104000F043B806B010BD0000BA
:10CD600049444C4500000000ADC000085C010020B3
:10CD70000248016B491C0163704700005C01002000
:10CD80001448016B11B10121C16170470021C161DB
:10CD90000169B1FA81F1C1F11F0101EB81020E4974
:10CDA00051F822306BB101EB820101F108034A68AE
:10CDB00052684A609A4201D152684A60D168016063
:10CDC0007047502080F31188BFF34F8FBFF36F8FF0
:10CDD000FEE700005C010020A82D00207047000045
:10CDE0001CB537480168374A914207D1502080F37B
:10CDF0001188BFF34F8FBFF36F8FFEE70068314993
:10CE0000491E884207D1502080F31188BFF34F8F0D
:10CE1000BFF36F8FFEE72C4908780190FF20087060
:10CE200008788DF800009DF800009DF8002000F0C3
:10CE3000F000904207D0502080F31188BFF34F8F4D
:10CE4000BFF36F8FFEE79DF80000204C00F050000C
:10CE500020700720A06005E09DF8002052008DF8AA
:10CE60000020401E9DF800201206F5D4A060032883
:10CE700007D0502080F31188BFF34F8FBFF36F8F1F
:10CE8000FEE74FF44070A060019808700C48203015
:10CE9000016841F470010160016841F07041016076
:10CEA000FFF7F8FE00206060F3F79EF9084801687C
:10CEB00041F040410160F3F783F900201CBD000000
:10CEC00000ED00E071C20F4100E400E0B801002075
:10CED00034EF00E02DE9FF5F8346DDE90E879946D8
:10CEE00016468A469000FFF7A7F905001CD054208B
:10CEF000FFF7A2F9040014D00020256384F8510044
:10CF0000CDE90240CDE900874B46324651465846AE
:10CF1000FFF7FCF82046FFF721F8012004B0BDE838
:10CF2000F09F2846FFF784FE4FF0FF30F6E7F0B59C
:10CF300085B0DDE90B640A9DA6B1DCB154270097EA
:10CF40002663022684F85160002604AFCDE902462C
:10CF5000CDE90057FFF7DAF82046FEF7FFFF049807
:10CF600005B0F0BD502080F31188BFF34F8FBFF3A1
:10CF70006F8FFEE7502080F31188BFF34F8FBFF310
:10CF80006F8FFEE72DE9F0412F4C0026206B28B172
:10CF9000A069401CA0613046BDE8F081E5686D1CC9
:10CFA000E56013D1606B006838B1502080F31188C0
:10CFB000BFF34F8FBFF36F8FFEE7606BA16B6163B1
:10CFC000A063206A401C2062FFF712F9A06ADFF814
:10CFD0007C80854209D3606B0068A0B1606BC0683B
:10CFE000C7687868854211D2A0622068C06A00EBE9
:10CFF000800158F82100012800D90126E0690028A5
:10D00000C9D00126C7E74FF0FF30EDE7381DFFF725
:10D010008BFDB86A18B107F11800FFF785FDF96AB2
:10D020000120226988401043206101EB810108EB57
:10D030008100391DFFF7BCFDF86A2168C96A884282
:10D04000C9D30126C7E700005C010020A82D0020FD
:10D050002DE9F0472C4D00242746286B38B1FFF707
:10D06000B3FD286B401E2863286B40B146E050207A
:10D0700080F31188BFF34F8FBFF36F8FFEE7A9686E
:10D08000224E0120D1B3A6F1B40980463068E8B140
:10D09000F068C46804F11800FFF746FD201DFFF793
:10D0A00043FDE06A2A6908FA00F11143296100EBA7
:10D0B000800109EB8100211DFFF77AFDE06A2968F4
:10D0C000C96A8842E2D3C5F81C80DFE70CB1FFF7DC
:10D0D0008FF8AC6944B14646FFF754FF00B1EE61EA
:10D0E000641EF9D10020A861E86938B10849012718
:10D0F00038070860BFF34F8FBFF36F8FFFF784FDD2
:10D100003846BDE8F08700005C0100205C2E00205E
:10D1100004ED00E01E0050000A0032003200500012
:10D1200096005A0020DE0008B17A000800000000D6
:10D13000000000008000000000000000000000006F
:10D1400044DE0008B9C7000800000000000000002D
:10D150000001000000000000000000000CDE0008DC
:10D16000B97A000800000000000000000002000082
:10D17000000000000000000004DE0008D11B0008D1
:10D18000000000000000000000010000000000009E
:10D190000000000050DE000839BD0008000000005B
:10D1A000000000000001000000000000000000007E
:10D1B00038DE00082DB80008000000000000000064
:10D1C0000001000000000000000000005CDE00081C
:10D1D000D1C50008000000000000000000010000B0
:10D1E00000000000000000002CDE000841CA00081A
:10D1F000000000000000000000010000000000002E
:10D200000000000014DE0008B9BE0008FEFF0000A8
:10D21000000000008000000000000000000000008E
:10D2200000061016000610160000000000000000A6
:10D2300001020304060708090000000001020304BC
:10D240000000803F0000000000000000000000001F
:10D250000000000000000000000000000000803F0F
:10D2600000000000000000000000000000000000BE
:10D2700000000000000000000000803F00000000EF
:10D28000000000000000000000000000000000009E
:10D29000000000000000803F0000000000000000CF
:10D2A000000000000000000000000000000000007E
:10D2B0000000803F000000000000000000000000AF
:10D2C0000000000000000000000000000000803F9F
:10D2D0000000803F0000000000000000000000008F
:10D2E0000000803F0000000000000000000000007F
:10D2F0000000803F0000000000000000C3F51C415A
:10D30000005EBCE2613FDD83C29C7E20A3FD1F4125
:10D310009DC3217FFCA2401E5F01E3BD3E6082DC15
:10D32000237D9FC1421CFEA0E1BF5D0380DE3C6205
:10D33000BEE0025CDF81633D7C22C09E1D43A1FFF5
:10D340004618FAA427799BC584DA3866E5BB5907E5
:10D35000DB856739BAE406581947A5FB7826C49AD5
:10D36000653BD987045AB8E6A7F91B45C6987A24C5
:10D37000F8A6441A99C7257B3A6486D85B05E7B9B5
:10D380008CD2306EEDB3510F4E10F2AC2F7193CDA5
:10D39000114FADF3702ECC92D38D6F31B2EC0E5095
:10D3A000AFF1134DCE90722C6D33D18F0C52B0EE85
:10D3B000326C8ED0530DEFB1F0AE4C1291CF2D7375
:10D3C000CA947628ABF517490856B4EA6937D58B65
:10D3D0005709EBB536688AD495CB2977F4AA481655
:10D3E000E9B7550B88D6346A2B7597C94A14F6A845
:10D3F000742AC896154BA9F7B6E80A54D7896B3535
:10D400000000891112239B322446AD573665BF7444
:10D41000488CC19D5AAFD3BE6CCAE5DB7EE9F7F8F4
:10D420008110080193331A22A5562C47B7753E6424
:10D43000C99C408DDBBF52AEEDDA64CBFFF976E8D4
:10D4400002218B30100299132667AF763444BD5504
:10D450004AADC3BC588ED19F6EEBE7FA7CC8F5D9B4
:10D4600083310A2091121803A7772E66B5543C45E4
:10D47000CBBD42ACD99E508FEFFB66EAFDD874C994
:10D4800004428D5316619F702004A9153227BB36C4
:10D490004CCEC5DF5EEDD7FC6888E1997AABF3BA74
:10D4A00085520C4397711E60A1142805B3373A26A4
:10D4B000CDDE44CFDFFD56ECE9986089FBBB72AA54
:10D4C00006638F7214409D512225AB343006B91784
:10D4D0004EEFC7FE5CCCD5DD6AA9E3B8788AF19B34
:10D4E00087730E6295501C41A3352A24B116380764
:10D4F000CFFF46EEDDDC54CDEBB962A8F99A708B14
:10D50000088481951AA793B62CC2A5D33EE1B7F043
:10D510004008C919522BDB3A644EED5F766DFF7CF3
:10D52000899400859BB712A6ADD224C3BFF136E023
:10D53000C1184809D33B5A2AE55E6C4FF77D7E6CD3
:10D540000AA583B4188691972EE3A7F23CC0B5D103
:10D550004229CB38500AD91B666FEF7E744CFD5DB3
:10D560008BB502A499961087AFF326E2BDD034C1E3
:10D57000C3394A28D11A580BE77F6E6EF55C7C4D93
:10D580000CC685D71EE597F42880A1913AA3B3B2C3
:10D59000444ACD5B5669DF78600CE91D722FFB3E73
:10D5A0008DD604C79FF516E4A9902081BBB332A2A3
:10D5B000C55A4C4BD7795E68E11C680DF33F7A2E53
:10D5C0000EE787F61CC495D52AA1A3B03882B19383
:10D5D000466BCF7A5448DD59622DEB3C700EF91F33
:10D5E0008FF706E69DD414C5ABB122A0B992308363
:10D5F000C77B4E6AD5585C49E33D6A2CF11E780F13
:10D6000000000000920E493CB10AC93C2BC3163DF4
:10D610002EFB483D752B7B3D04A9963D80B6AF3D62
:10D6200036BDC83D2FBCE13D73B2FA3D87CF093E00
:10D630008340163EB5AB223EA2102F3ECF6E3B3E3E
:10D64000C2C5473E0115543E135C603E7F9A6C3E56
:10D65000CCCF783EC07D823E938E883E229A8E3E0D
:10D6600032A0943E86A09A3EE59AA03E128FA63E36
:10D67000D47CAC3EEF63B23E2A44B83E491DBE3E68
:10D6800015EFC33E53B9C93ECA7BCF3E4136D53EA6
:10D6900080E8DA3E4F92E03E7533E63EBBCBEB3E90
:10D6A000EA5AF13ECBE0F63E275DFC3EE4E7003F60
:10D6B0003D9C033F824B063F9BF5083F6B9A0B3F17
:10D6C000DA390E3FCDD3103F2A68133FD9F6153F04
:10D6D000C07F183FC6021B3FD17F1D3FCBF61F3FC7
:10D6E0009967223F25D2243F5636273F1594293F7C
:10D6F0004AEB2B3FDE3B2E3FBB85303FC9C8323F54
:10D70000F304353F233A373F4268393F3B8F3B3F75
:10D71000F9AE3D3F67C73F3F70D8413F01E2433F0D
:10D7200003E4453F65DE473F12D1493FF8BB4B3F1D
:10D73000029F4D3F207A4F3F3D4D513F4918533F87
:10D7400031DB543FE595563F5348583F6AF2593F05
:10D750001A945B3F532D5D3F05BE5E3F2146603FFF
:10D7600097C5613F5A3C633F59AA643F880F663FA3
:10D77000D86B673F3CBF683FA7096A3F0C4B6B3FC4
:10D780005E836C3F93B26D3F9ED86E3F73F56F3FE3
:10D790000809713F5213723F4714733FDD0B743F0A
:10D7A0000BFA743FC6DE753F07BA763FC58B773FED
:10D7B000F853783F9812793F9DC7793F02737A3FBB
:10D7C000BE147B3FCDAC7B3F283B7C3FC9BF7C3F39
:10D7D000AC3A7D3FCCAB7D3F23137E3FB0707E3FA4
:10D7E0006DC47E3F580E7F3F6D4E7F3FAB847F3FC1
:10D7F0000FB17F3F97D37F3F43EC7F3F11FB7F3FCC
:10D800000000803F11FB7F3F43EC7F3F97D37F3F7A
:10D810000FB17F3FAB847F3F6D4E7F3F580E7F3F00
:10D820006DC47E3FB0707E3F23137E3FCCAB7D3F07
:10D83000AC3A7D3FC9BF7C3F283B7C3FCDAC7B3FB2
:10D84000BE147B3F02737A3F9DC7793F9812793FA0
:10D85000F853783FC58B773F07BA763FC6DE753FF2
:10D860000BFA743FDD0B743F4714733F5213723F42
:10D870000809713F73F56F3F9ED86E3F93B26D3FBD
:10D880005E836C3F0C4B6B3FA7096A3F3CBF683F10
:10D89000D86B673F880F663F59AA643F5A3C633F85
:10D8A00097C5613F2146603F05BE5E3F532D5D3FFA
:10D8B0001A945B3F6AF2593F5348583FE595563FEB
:10D8C00031DB543F4918533F3D4D513F207A4F3F84
:10D8D000029F4D3FF8BB4B3F12D1493F65DE473FAA
:10D8E00003E4453F01E2433F70D8413F67C73F3FF4
:10D8F000F9AE3D3F3B8F3B3F4268393F233A373FCC
:10D90000F304353FC9C8323FBB85303FDE3B2E3F75
:10D910004AEB2B3F1594293F5636273F25D2243F0B
:10D920009967223FCBF61F3FD17F1D3FC6021B3FA9
:10D93000C07F183FD9F6153F2A68133FCDD3103F5B
:10D94000DA390E3F6B9A0B3F9BF5083F824B063F3F
:10D950003D9C033FE4E7003F275DFC3ECBE0F63E05
:10D96000EA5AF13EBBCBEB3E7533E63E4F92E03ECA
:10D9700080E8DA3E4136D53ECA7BCF3E53B9C93E38
:10D9800015EFC33E491DBE3E2A44B83EEF63B23E8A
:10D99000D47CAC3E128FA63EE59AA03E86A09A3E6D
:10D9A00032A0943E229A8E3E938E883EC07D823E67
:10D9B000CCCF783E7F9A6C3E135C603E0115543E9E
:10D9C000C2C5473ECF6E3B3EA2102F3EB5AB223EB6
:10D9D0008340163E87CF093E73B2FA3D2FBCE13D2E
:10D9E00036BDC83D80B6AF3D04A9963D752B7B3D45
:10D9F0002EFB483D2BC3163DB10AC93C920E493C53
:10DA000000000000920E49BCB10AC9BC2BC316BD70
:10DA10002EFB48BD752B7BBD04A996BD80B6AFBD5E
:10DA200036BDC8BD2FBCE1BD73B2FABD87CF09BEFC
:10DA3000834016BEB5AB22BEA2102FBECF6E3BBE3A
:10DA4000C2C547BE011554BE135C60BE7F9A6CBE52
:10DA5000CCCF78BEC07D82BE938E88BE229A8EBE09
:10DA600032A094BE86A09ABEE59AA0BE128FA6BE32
:10DA7000D47CACBEEF63B2BE2A44B8BE491DBEBE64
:10DA800015EFC3BE53B9C9BECA7BCFBE4136D5BEA2
:10DA900080E8DABE4F92E0BE7533E6BEBBCBEBBE8C
:10DAA000EA5AF1BECBE0F6BE275DFCBEE4E700BF5C
:10DAB0003D9C03BF824B06BF9BF508BF6B9A0BBF13
:10DAC000DA390EBFCDD310BF2A6813BFD9F615BF00
:10DAD000C07F18BFC6021BBFD17F1DBFCBF61FBFC3
:10DAE000996722BF25D224BF563627BF159429BF78
:10DAF0004AEB2BBFDE3B2EBFBB8530BFC9C832BF50
:10DB0000F30435BF233A37BF426839BF3B8F3BBF71
:10DB1000F9AE3DBF67C73FBF70D841BF01E243BF09
:10DB200003E445BF65DE47BF12D149BFF8BB4BBF19
:10DB3000029F4DBF207A4FBF3D4D51BF491853BF83
:10DB400031DB54BFE59556BF534858BF6AF259BF01
:10DB50001A945BBF532D5DBF05BE5EBF214660BFFB
:10DB600097C561BF5A3C63BF59AA64BF880F66BF9F
:10DB7000D86B67BF3CBF68BFA7096ABF0C4B6BBFC0
:10DB80005E836CBF93B26DBF9ED86EBF73F56FBFDF
:10DB9000080971BF521372BF471473BFDD0B74BF06
:10DBA0000BFA74BFC6DE75BF07BA76BFC58B77BFE9
:10DBB000F85378BF981279BF9DC779BF02737ABFB7
:10DBC000BE147BBFCDAC7BBF283B7CBFC9BF7CBF35
:10DBD000AC3A7DBFCCAB7DBF23137EBFB0707EBFA0
:10DBE0006DC47EBF580E7FBF6D4E7FBFAB847FBFBD
:10DBF0000FB17FBF97D37FBF43EC7FBF11FB7FBFC8
:10DC0000000080BF11FB7FBF43EC7FBF97D37FBF76
:10DC10000FB17FBFAB847FBF6D4E7FBF580E7FBFFC
:10DC20006DC47EBFB0707EBF23137EBFCCAB7DBF03
:10DC3000AC3A7DBFC9BF7CBF283B7CBFCDAC7BBFAE
:10DC4000BE147BBF02737ABF9DC779BF981279BF9C
:10DC5000F85378BFC58B77BF07BA76BFC6DE75BFEE
:10DC60000BFA74BFDD0B74BF471473BF521372BF3E
:10DC7000080971BF73F56FBF9ED86EBF93B26DBFB9
:10DC80005E836CBF0C4B6BBFA7096ABF3CBF68BF0C
:10DC9000D86B67BF880F66BF59AA64BF5A3C63BF81
:10DCA00097C561BF214660BF05BE5EBF532D5DBFF6
:10DCB0001A945BBF6AF259BF534858BFE59556BFE7
:10DCC00031DB54BF491853BF3D4D51BF207A4FBF80
:10DCD000029F4DBFF8BB4BBF12D149BF65DE47BFA6
:10DCE00003E445BF01E243BF70D841BF67C73FBFF0
:10DCF000F9AE3DBF3B8F3BBF426839BF233A37BFC8
:10DD0000F30435BFC9C832BFBB8530BFDE3B2EBF71
:10DD10004AEB2BBF159429BF563627BF25D224BF07
:10DD2000996722BFCBF61FBFD17F1DBFC6021BBFA5
:10DD3000C07F18BFD9F615BF2A6813BFCDD310BF57
:10DD4000DA390EBF6B9A0BBF9BF508BF824B06BF3B
:10DD50003D9C03BFE4E700BF275DFCBECBE0F6BE01
:10DD6000EA5AF1BEBBCBEBBE7533E6BE4F92E0BEC6
:10DD700080E8DABE4136D5BECA7BCFBE53B9C9BE34
:10DD800015EFC3BE491DBEBE2A44B8BEEF63B2BE86
:10DD9000D47CACBE128FA6BEE59AA0BE86A09ABE69
:10DDA00032A094BE229A8EBE938E88BEC07D82BE63
:10DDB000CCCF78BE7F9A6CBE135C60BE011554BE9A
:10DDC000C2C547BECF6E3BBEA2102FBEB5AB22BEB2
:10DDD000834016BE87CF09BE73B2FABD2FBCE1BD2A
:10DDE00036BDC8BD80B6AFBD04A996BD752B7BBD41
:10DDF0002EFB48BD2BC316BDB10AC9BC920E49BC4F
:10DE0000000000804445544543540000494E53549B
:10DE100061736B007072696E74665461736B00009D
:10DE200064656661756C745461736B0074726967C4
:10DE30005F7461736B00000067696D62616C5F7491
:10DE400061736B0073797374656D5F7461736B00DC
:10DE50006D6F746F725F7461736B000073686F6FC6
:10DE6000745F7461736B000088DE0008000000209E
:10DE70009004000064120008C0DF00089004002035
:10DE8000C0CF000048A6000801A88B01010601349C
:10DE900013E9891408198A1B0825041A4D041A79F4
:10DEA000041AC9141AF50417040309041201140210
:10DEB00002021640830440571D020102036A031A3E
:10DEC0001A0313FD161B08F9041AF5041B21175435
:10DED0001904299D8210036124F41AAA0181148176
:10DEE0000182130A0632022A40881C090243C71124
:10DEF00025C03209041B01020B130524161001056D
:10DF00002401100901042402020524061701070553
:10DF10008203081C100904FD320A2E070501024085
:10DF2000072A810711134D861408C1841408EB8752
:10DF300042081351851B080D101A8304C11AD11809
:10DF40001A95041A11301A8908011B199B4370177E
:10DF50000009103333EB3A58A08B3A157D04017C4D
:10DF6000100F0240AB034101055308065804070F88
:10DF7000160810810911160A15800B1605490C1890
:10DF8000010D08081250C347CDCCCC3D0409531CE9
:10DF9000110B1AC8421C01560A33205813B00C1238
:10DFA0002022021AD8084BFF0108190791A90C2159
:10DFB0000312807F091214091024E3FFFF00000000
:040000050800018965
:00000001FF
