:020000040800F2
:10000000107E002061020008CB480008FF42000873
:10001000C9480008730C0008DD6A000800000000F1
:10002000000000000000000000000000A101000826
:10003000BD13000800000000FD010008C9520008BF
:100040007B0200087B0200087B0200087B0200089C
:100050007B0200087B020008BF1300087B02000837
:100060007B020008C5130008CB1300087B020008C0
:10007000411100087B0200087B0200087B02000897
:100080007B0200087B0200087B020008810C00084C
:10009000750C00087B0200087B020008D1130008E1
:1000A0007B0200087B0200087B0200087B0200083C
:1000B000995300087B0200087B0200087B020008BD
:1000C0007B0200087B0200087B0200087B0200081C
:1000D0007B0200083D5A00087B020008A55A000870
:1000E0007B0200087B0200087B0200087B020008FC
:1000F0007B0200087B0200087B0200087B020008EC
:100100007B0200087B0200087B0200087B020008DB
:100110007B0200087B0200087B0200087B020008CB
:100120007B0200084D1100087B0200087B020008DA
:100130007B0200087B0200087B020008990C000883
:100140007B0200088D0C00087B020008CD480008E7
:10015000591100087B020008651100087B020008A5
:100160007B0200087B0200087B0200087B0200087B
:100170007B0200087B0200087B02000800000000F0
:100180007B0200087B020008DFF810D000F09AFC28
:10019000004800473DA90008AFF30080107E002012
:1001A0002C4B19680868B0E8F04F80F30988BFF35A
:1001B0006F8F4FF0000080F311887047000000003F
:1001C00008480068006880F308884FF0000080F35A
:1001D000148862B661B6BFF34F8FBFF36F8F00DF35
:1001E00000BF00BF08ED00E0DFF80C00016841F43B
:1001F00070010160704700BF88ED00E0EFF30980F7
:10020000BFF36F8F134B1A681EF0100F08BF20ED5D
:10021000108A20E9F04F106009B44FF0500080F3CD
:100220001188BFF34F8FBFF36F8F0BF0EDFD4FF0D1
:10023000000080F3118809BC19680868B0E8F04F25
:100240001EF0100F08BFB0EC108A80F30988BFF3CE
:100250006F8F704704020020EFF3058070470000A5
:100260000648804706480047FEE7FEE7FEE7FEE750
:10027000FEE7FEE7FEE7FEE7FEE7FEE7895300083C
:10028000890100089FED1A1AF5EE000A40EE010AF6
:10029000BDEEE00AF5EEC00A10EE100AF1EE10FA1B
:1002A00038BF401E00EE100A1349F7EE001AB8EEF0
:1002B000C00A30EEC00ADFED0F0A20EE200AFCEE85
:1002C000C00A10EE900AC0F3080000EE900A01EB9D
:1002D0008000F8EE600A90ED011A70EE600A90ED71
:1002E000000A71EEE01A21EE800A00EE810A7047E2
:1002F00083F9223E0000004478C200082DE9F05F37
:100300000546002092469B46884606468146402484
:100310001BE0284641464746224600F09CFA5346D9
:100320005A46C01A914110D311461846224600F091
:1003300083FA2D1A67EB01084F462246012000215F
:1003400000F07AFA17EB00094E41201EA4F10104D7
:10035000DFDC484631462A464346BDE8F09F40EA86
:1003600001039B0703D009E008C9121F08C0042A33
:10037000FAD203E011F8013B00F8013B521EF9D21A
:100380007047D2B201E000F8012B491EFBD2704742
:100390000022F6E710B513460A4604461946FFF751
:1003A000F0FF204610BD2DE9FE4F804681EA030094
:1003B000C00F0C46009021F0004123F00045B8EB3F
:1003C0000200A94105D24046214690461C460B46F4
:1003D000024623F00040104347D0270DC7F30A0020
:1003E000C3F30A510290401A019040286BDAC3F31C
:1003F000130040F4801B0098924620B10023D2EBFA
:10040000030A63EB0B0B01985946C0F140025046BA
:1004100000F012FA06460D4650465946019A00F081
:100420002AFA10EB08006141002487EA115284EA9D
:10043000E7731A4340D0009A62B3019A012A4FEA47
:10044000075215DC001B61EB02014FF0004202EA8B
:100450000752CDE90042001C41F5801132462B467F
:1004600000F061FA03B0BDE8F08F40462146F9E79D
:10047000001B61EB0201001C41F5801300185B4179
:100480002018A2F5001747EB030140EAD570B61912
:100490006D4111E06D084FEA360645EAC0754FEA36
:1004A0000752001B61EB0201001C41F58011490855
:1004B0004FEA30000019514132462B4603B0BDE8E7
:1004C000F04F00F021BA0098012240000023D0EB49
:1004D000020263EBE073009821464FEAE074B8EB48
:1004E000000061EB0401E9E783F000435BE781F082
:1004F000004158E72DE9FE4F81EA030404F000446F
:1005000021F0004100944FF0000B23F0004350EA2B
:1005100001045ED052EA03045BD0C3F30A54C1F372
:100520000A552C44A4F2F3340194A0FB0254C1F305
:10053000130141F48011C3F3130343F4801301FB4F
:10054000024400FB034E840A970A44EA815447EAB6
:100550008357A4FB076802958D0A05FB07854FEAC0
:10056000932C04FB0C542705029D4FEA065847EADA
:100570001637B5EB08056EEB070C870E920E47EAAF
:10058000811742EA8312A7FB0201B6EB0B0164EB71
:1005900000042B0D43EA0C335E1844EB1C50DA4682
:1005A0005146E7FB0201C5F313044FEA0B3343EA5C
:1005B00014534FEA0432019C43EA0603A4F10C04ED
:1005C0000294009CCDE900B400F0ADF903B0BDE8A1
:1005D000F08F00200146F9E72DE9F04D81EA030490
:1005E00004F0004B21F0004514464FF0000A23F0C0
:1005F000004150EA050220D054EA01021DD0C5F3A3
:100600000A570246C5F31303C1F31300C1F30A5698
:1006100040F4801543F48013A7EB0608101BD64660
:1006200008F2FD3873EB050002D308F1010801E080
:1006300092185B41B8F1000F03DA00200146BDE8D3
:10064000F08D00204FF48011064684460EE0171B03
:1006500073EB050705D3121B63EB050306434CEA56
:10066000010C49084FEA300092185B4150EA01073B
:10067000EDD152EA030012D082EA040083EA0501B8
:10068000084305D0101BAB4106D20122002306E02F
:1006900000224FF0004302E06FF0010253101AEB0A
:1006A00006004CEB085110EB0A0041EB0B01BDE8D2
:1006B000F04D00F029B930B40446962308002146D5
:1006C00004D0B62330BC002200F0F0B82046002150
:1006D000F8E70EB5C10F80EAE0700844CA070021B0
:1006E00040F233438DE80E000A460B4600F01BF93A
:1006F00003B000BD0EB540F2334102910021CDE9B7
:1007000000110A460B4600F00EF903B000BD70B5AB
:10071000C1F30A5201F000450024C1F3130140F275
:10072000FF3341F480119A4201DA002070BD40F29B
:1007300033439A42A2F2334203DC524200F08BF878
:1007400000E090402C43F1D0404270BD00F00042E8
:1007500030F000400AD0C10D01F56071C0F3160001
:1007600042EA0151C2084007114370470020014688
:100770007047000030B5041E71F1000404DB4FF037
:100780000044404264EB0101141E73F1000405DBD8
:100790001C464FF00043524263EB04038B4208BFF8
:1007A000824230BD30B5041E71F1000404DB4FF00D
:1007B0000044404264EB0101141E73F1000405DBA8
:1007C0001C464FF00043524263EB0403994208BFBA
:1007D000904230BD01F0004330B421F0004150EAB6
:1007E000010206D00A0DA2F56072C1F31301002ABE
:1007F00002DC30BC00207047440F44EAC104C10051
:10080000E01830BC00EBC25000F047B830B50B46E2
:10081000014600202022012409E021FA02F59D4230
:1008200005D303FA02F5491B04FA02F52844151E04
:10083000A2F10102F1DC30BD202A04DB203A00FAEB
:1008400002F1002070479140C2F1200320FA03F327
:10085000194390407047202A04DB203A21FA02F025
:100860000021704721FA02F3D040C2F120029140EA
:10087000084319467047202A06DBCB17203A41FA75
:1008800002F043EAE07306E041FA02F3D040C2F11D
:10089000200291400843194670470029A8BF7047BD
:1008A000401C490008BF20F00100704710B4B0FAA6
:1008B00080FC00FA0CF050EA010404BF10BC704741
:1008C00049B1CCF1200421FA04F411FA0CF118BF5B
:1008D000012121430843A3EB0C01CB1D4FEA00612A
:1008E0004FEA102042BF002010BC704700EBC350FD
:1008F00010440029A4BF10BC7047401C490008BF29
:1009000020F0010010BC704710B5141E73F10004F4
:1009100008DA401C41F1000192185B411A4301D1F1
:1009200020F0010010BD2DE9F04D92469B4611B11B
:10093000B1FA81F202E0B0FA80F220329046FFF77D
:100940007BFF04460F4640EA0A0041EA0B0153468A
:100950005A46084313D0114653EA010019D0C8F192
:1009600040025046FFF777FF05460E46504659466F
:100970004246FFF761FF084305D0012004E020460E
:100980003946BDE8F08D0020054346EAE0762C4369
:1009900037430A986305E40AA0EB08000022FD0A29
:1009A00044EA47540A3002D500200146E9E7010530
:1009B00010196941DDE9084500196941BDE8F04DAC
:1009C000A2E770B521F0004303430CD0C1F30A55F0
:1009D0000024D5EB040564EB0403D617AD1AB3412C
:1009E00002DB0020014670BD201841EB025170BDB2
:1009F0002DE9F04D00231A461B1A8A4103DB002023
:100A00000146BDE8F08DC1F30A52C1F3130141F470
:100A100080154FF0000BD10702D100186D41521E16
:100A20000027044640F2FF11384601EB620A3E46B9
:100A30008046024600204FF48011FFF70CFFC219D8
:100A40007141BB1846EB0100B4EB030C75EB000CD5
:100A500004D3E41A65EB000517460E46241908F185
:100A600001006D4180463428E3DDF91946EB0600AC
:100A7000091BA84103D24FF0FF32134601E00022C8
:100A800013461BEB070046EB0A51BDE8F04DFFF79C
:100A90003BBFC1F30A52C1F3130140F2FF3341F4EB
:100AA00080119A4202DA00200146704740F2334337
:100AB0009A42A2F2334202DC5242FFF7CCBEFFF769
:100AC000BBBE0000064C074D06E0E06840F00103A5
:100AD00094E8070098471034AC42F6D3FFF758FB70
:100AE00014CD000834CD000870B58C1810F8015BE7
:100AF00015F0070301D110F8013B2A1106D110F8B7
:100B0000012B03E010F8016B01F8016B5B1EF9D1BA
:100B10002B0705D40023521E0DD401F8013BFAE740
:100B200010F8013BCB1A921C03E013F8015B01F8AB
:100B3000015B521EF9D5A142D8D3002070BD000040
:100B400001221021014801F08FBB0000000002408B
:100B500000221021014801F087BB00000000024084
:100B600001221146014801F07FBB00000004024051
:100B700000220121014801F077BB0000000402407F
:100B800070B50D461649174C08600020A07008F09B
:100B90009BFAA1780843A07008F02AFBA1780843CB
:100BA000A0701DB1104800F07DF816E00E489FEDD2
:100BB0000F0A80ED090A9FED0E0A80ED0A0A80ED0A
:100BC0000B0A9FED0C0A80ED0C0A9FED0B0A80EDDD
:100BD000080A9FED0A0A80ED060AA07870BD0000A1
:100BE000B802002070020020A85A0020AC38223B36
:100BF000B016CE393F161B41C48B813F0000204206
:100C000070B514460D4640F0800000F017F806E07D
:100C1000552000F013F8641E05F8010BE4B2002C17
:100C2000F6D170BD10B50C4640F0800000F006F81B
:100C3000552000F003F8207010BD000001B582B00F
:100C40004FF47A7000900548012301AA02A90068B8
:100C500002F0A6FC9DF804000EBD0000B8020020C2
:100C600010B50C46FFF7EAFF2046BDE81040FFF73D
:100C7000E5BFFEE7014800F02CBD0000200B00207E
:100C8000014800F026BD0000200B0020014800F0C4
:100C900020BD0000480B0020014800F01ABD0000F4
:100CA000480B00202DE9F04F04462DED048B89B050
:100CB00000200090019000F0DBFAED4DDFF8B4B3B6
:100CC000DFF8B49385ED050A02AE0DF114084FF07C
:100CD0007C5A00BF00F0CCFAD5ED050A30EE600A70
:100CE00010EE100A584512DD9FEDE40A84ED090A62
:100CF0009FEDE30A84ED0A0A84ED0B0A9FEDE10AF9
:100D000084ED0C0A9FEDE00A84ED060A8BE19FED6D
:100D1000DF0A00F093FA9FEDDE0A002784ED0C0A4B
:100D200084ED090A84ED0A0A84ED0B0AFBE000BF9A
:100D3000FFF70EFF9220FFF781FF0622694612207F
:100D4000FFF75EFFFFF7FCFE9DF801009DF8001025
:100D5000000200B2084300EE100AD5ED030AB8EE17
:100D6000C00A60EE201AC4ED001A9DF803009DF839
:100D70000210000200B2084300EE100A95ED031ABB
:100D8000B8EEC00A60EE010AC4ED010A9DF8050044
:100D90009DF80410000200B2084300EE100AB8EEFD
:100DA000C00A20EE011A21EEA10A84ED021A00EE1B
:100DB000A00A01EE010A07F0ACF8B0EE408A94ED0B
:100DC0000C0A30EE080A84ED0C0AFFF7D1FE082267
:100DD00069460020FFF714FFFFF7C2FE9DF80000F0
:100DE0000F2840D19DF803009DF80210000200B2C8
:100DF000084300EE100AD5ED040AB8EEC00A20EE52
:100E0000200A84ED030A94ED091A31EE000A84EDFC
:100E1000090A9DF805009DF80410000200B208437D
:100E200000EE100AB8EEC00A20EE200A84ED040A93
:100E300094ED0A1A31EE000A84ED0A0A9DF80700C3
:100E40009DF80610000200B2084300EE100AB8EE4A
:100E5000C00A20EE200A84ED050AD4ED0B0A30EE1C
:100E6000800A84ED0B0A002F7ED0B4EEC98AF1EE21
:100E700010FA01DDB0EE489AB4EEE88AF1EE10FA0D
:100E800001D2F0EE488A00204FEA080204EB80010C
:100E900091ED030A06EB8001D1ED000AB4EEE00A01
:100EA000F1EE10FA01DD81ED000A02EB8001D1EDD7
:100EB000000AB4EEE00AF1EE10FA01D281ED000A68
:100EC000401CC0B20328E1D339EE680A0020424634
:100ED00085ED060A4FEA090106EB8003D3ED000A0F
:100EE00002EB800393ED001A01EB8003401C70EECF
:100EF000C10AC0B20328C3ED000AEDD310EE100AF8
:100F0000504514DC63480A68824210DC4A68824219
:100F10000DDCD9F80810814209DC9FED5F0A00F072
:100F20008DF97F1CBFB2E8888742FFF401AFE988E2
:100F3000D4ED0C0A00EE101A2F460020B8EE400A3D
:100F400080EE801A84ED0C1A00EE101A04EB800279
:100F5000401CB8EE400AD2ED090AC0B2032880EE68
:100F6000801A82ED091A00E06AE0EDD3FFF7F0FD88
:100F7000A220FFF763FE022269462220FFF740FE0F
:100F8000FFF7DEFD9DF800009DF80110C00040EA6B
:100F90005110B0F5806F01DBA0F5006000EE100A83
:100FA000B4EE001AF8EEC00AB3EE070A00EE810AAA
:100FB00084ED060AB888401CB880B86950453FF7F0
:100FC00089AE94ED0C0ADFED350A30EE600AB0EE22
:100FD000C00A10EE100A5045F1DC2E48D9F8001076
:100FE0004A468142EBDC51688142E8DCD9F80810BE
:100FF0008142E4DC94ED090A2948B0EEC00A10EE03
:10100000101A8142DBDC94ED0A0AB0EEC00A10EE41
:10101000101A8142D3DC94ED0B0AB0EEC00A10EE38
:10102000101A8142CBDC94ED0C0ADFED1E0A80EE33
:10103000801A84ED081A09B0BDEC048BBDE8F08F6E
:10104000B0EE489AF0EE488A0020414604EB800258
:1010500092ED030A06EB800282ED000A01EB8002AA
:10106000401CC0B282ED000A0328EFD32CE7000039
:1010700070020020000020419C5A0020AC38223B26
:10108000B016CE393F161B41000020420AD7A33BC1
:10109000000000009A99193E6F12033ACDCC1C4112
:1010A0000AD7233CC3F51C4130B587B014216846EC
:1010B000FFF76EF90E48016841F480710160006825
:1010C0000C4D00F480704FF480640590002221469E
:1010D000284601F0C9F80120CDE900400220029025
:1010E000032003906946284600F0C6FF07B030BDD4
:1010F00030380240001C024009F0CCFA0F4C0025A9
:1011000005EB450004EBC00154F83020521C44F8B4
:1011100030204B689A4207D901220A7244F83030D5
:10112000C86818B1804701E0002008726D1CEDB25C
:101130000B2DE5D305200AF003FEE0E7C4070020ED
:10114000014800F007BE0000D00E0020014800F06A
:1011500001BE0000300F0020014800F0FBBD000080
:10116000100E0020014800F0F5BD0000700E0020B8
:1011700001681823CAB2103AB2FBF3F2054B6FF3C1
:101180000901032A9B5CC36500D9091D81650846D6
:101190007047000058C2000810B5014600208B6956
:1011A0008A6A4FF0C07453B1B3F5005F15D072B1C5
:1011B000012A0CD0022A0AD0032A09D104E01AB16C
:1011C000012A06D0022A03D1C96AC90100D501202B
:1011D00010BDC96AA142FAD010BD002AF7D0012A79
:1011E000F2D0022AF3D0032AF3D010BD30B5046840
:1011F000256825F480252560046863608368402B9A
:10120000036803D099600068C26030BD9A600068CE
:10121000C16030BD074808B54068009001460648E7
:101220000269914202D2C168491CC1600099016102
:1012300008BD0000001000E0C00200200A49486814
:101240000A4AD2ED000A4A68121AF8EE601A01EE54
:10125000102AB8EE411A60EE211AB4EEE11AF1EE4E
:1012600010FAF0D370470000001000E0C002002028
:1012700010B500F059F80C489FED0C1A818890EDDC
:10128000000A00EE901AC088B8EE400AF8EE600A34
:1012900000EE810A00EE900A9FED051AF8EE600A52
:1012A00000EE810A10BD0000F00200206F12833AA8
:1012B000BD37863510B500F037F80748074A016892
:1012C00051438288C08802EB4203C3EBC21201EB98
:1012D000C2010844002110BDF002002040420F006E
:1012E0000D490A6842F080720A600C4900224A6087
:1012F0000B6843F001030B6009494FF47A734843CC
:10130000B0FBF3F30749C1E90003054BB0FBF3F071
:10131000C1E9020270470000FCED00E0001000E0AF
:1013200040420F00C00200202DE9F84321484068E8
:101330000090FFF76FFF204F0024009EF8684FF0E9
:10134000FF312546E0FB0165C7E90E65D7F800804F
:101350002346424630462946FEF7D0FFA0FB083C14
:10136000C7E9060101FB08C100FB0411F61A65EB91
:101370000105C7E9086507F130080023C8F8000037
:10138000D7F8049030464A462946FEF7B7FF80B2A8
:10139000A8F8040000FB09F0301A65EB0405C7E962
:1013A0000A0529460023BA68FEF7A8FFA8F8060038
:1013B000BDE8F883001000E0C00200207047012063
:1013C00000F04EBE082000F04BBE102000F048BEDA
:1013D000202000F045BE72B6FEE790F82020012ADA
:1013E00007D0022A05D0416A41F4802141620120E0
:1013F0007047006842690A43426100207047F0B5B7
:1014000090F820500468A468012D05D0022D03D067
:10141000416A41F4802157E014F0406F01D1E500AA
:101420004FD5C4F301640125A5401D608D684FF4BC
:10143000C0739DB1CE6835434E6845EAC60506685F
:1014400003EB0417F5514FF4C275076805EB04155B
:101450000E697E51097D012905D009E00E88CD680D
:1014600045EA4655EBE701684E5946F480764E5101
:101470001179D579567941EA056195792D0445EAC6
:10148000062529434FF4C676056806EB0416A951D4
:101490001178D57841EA0561957852782D0445EAAE
:1014A000022211434FF4C475026805EB0415515133
:1014B000006803EB0411425842F001024250002040
:1014C000F0BD416A41F4001141620120F0BD00000D
:1014D00010B590F82020012A07D0022A05D0416AD1
:1014E00041F480214162012010BD3B48D0F8002228
:1014F00042F00102C0F80022D0F8002222F47C520F
:10150000C0F80022D0F800224B6A42EA0322C0F859
:1015100000220A7D02F01F0301229A40D0F81C32FB
:101520009343C0F81C32CB69B3B9D0F80C32934363
:10153000C0F80C328C894B6864F31F434C6900EB94
:10154000C404C4F840320C890B6864F31F434C692F
:1015500000EBC404C4F84432CB69012B16D1D0F897
:101560000C321343C0F80C320C884B6864F31F43F1
:101570004C6900EBC404C4F840320C89CB6864F3B6
:101580001F434C6900EBC404C4F844328B69002B40
:10159000D0F804320ED01343C0F804320B69002B8C
:1015A000D0F8143208D01343C0F81432096A012964
:1015B00004D008E09343EFE79343F5E7D0F81C121B
:1015C0001143C0F81C12D0F8001221F00101C0F83C
:1015D0000012002010BD000000640040704770B58C
:1015E00090F82040012C05D0022C03D0416A41F430
:1015F000802128E0046809B32469A40720D04FF4AF
:10160000D874056804EB01142D5915F00405956094
:1016100005682D591AD0ED08556005682C5904F05D
:101620000204D4604FF4DA74056804EB01142E59F7
:1016300006F00F06082E0CD308250DE0E468DCE761
:10164000416A41F400114162012070BD6D0D1560C9
:10165000E3E72D5905F00F05156105682D59C5F310
:101660000725956105682C59240C54614FF4DC72F0
:10167000046802EB0112A4581C700468A458240AE0
:101680005C700468A458240C9C700468A258120E64
:10169000DA704FF4DE72046802EB0112A4581C7178
:1016A0000468A458240A5C710468A458240C9C7132
:1016B0000468A258120EDA71006829B1016941F07C
:1016C00020010161002070BDC16841F02001C160AE
:1016D000F8E72DE9F05F0546006800244669D0F878
:1016E00004908768D0F80CB0D0F810A0D0F818801B
:1016F000F10748D0F90714D001218160B80703D55C
:10170000284600F0C4FA0CE0780702D54FF40064D4
:1017100007E0380702D54FF4805402E0284600F075
:10172000B5FAF80516D529684FF480708860B805B9
:1017300003D5284600F0ADFA0CE0780502D544F454
:10174000005407E0380502D544F4804402E02846FE
:1017500000F09EFAF80316D529684FF480308860AF
:10176000B80303D5284600F096FA0CE0780302D5BA
:1017700044F4004407E0380302D544F4803402E026
:10178000284600F087FA300707D55FEACB6004D51A
:101790002968102044F40074C86070074FF00807EF
:1017A00007D55FEA0B7004D52868C760284600F0AB
:1017B000A9F9B00706D52868C068800702D0284676
:1017C00000F0A2F9700607D55FEACA6004D529685F
:1017D000102044F480640861B00607D55FEA0A70FF
:1017E00004D528680761284600F0F0F9F00606D510
:1017F00028680069800702D0284600F0E9F9B003A4
:1018000008D55FEAC96005D52968102048602846D8
:1018100000F00EFAF00307D55FEA097004D52868D6
:101820004760284600F038FA300446D55FEA497030
:1018300040D5F00504D55FEAC87001D044F001043A
:10184000B00504D55FEA887001D544F00204700544
:1018500004D55FEA487001D544F00404300529D569
:1018600018F0700F26D008F07000402815D006DC64
:10187000102809D020280AD0302816D10AE0502894
:101880000ED0602811D10EE044F008040DE044F0C1
:1018900010040AE044F0200407E044F0400404E0AF
:1018A00044F0800401E044F480742868816921F0E8
:1018B00070018161296804204860002C05D0686AA5
:1018C000204368622846FFF789FEBDE8F09F70B5A7
:1018D000040003D094F8200010B104E0012070BD92
:1018E000204600F081F82068016841F001010160A4
:1018F00000F0C0FC0546052604E000F0BBFC401BE0
:101900000A2811D820684068C007F6D0206801680E
:1019100021F00201016000F0ADFC05460BE000F093
:10192000A9FC401B0A2806D9606A40F400306062B6
:1019300084F82060D2E7206840688007EFD4207EDA
:101940000128206801683DD021F080010160607E9F
:1019500001282068016838D021F040010160A07E94
:1019600001282068016833D021F020010160E07E69
:101970000128206801682ED041F010010160207F0D
:1019800001282068016829D021F008010160607FEA
:1019900001282068016824D021F004010160D4E905
:1019A00002010843D4E90412114308436168491E47
:1019B00008432168C86100206062012084F820008B
:1019C000002070BD41F08001C0E741F04001C5E753
:1019D00041F02001CAE721F01001CFE741F00801F2
:1019E000D4E741F00401D9E7F0B587B004461421EB
:1019F0006846FEF7CDFC3E4B3E48DFF8F0E0196844
:101A0000D4F800C03B4A03250226092710300024E1
:101A1000491CF4452AD11960012907D1016841F018
:101A200000710160006800F000700590106840F0DF
:101A3000080010601068CDE9005600F00800CDE9FC
:101A4000047069462C48CDE9024500F015FB0022E0
:101A50000521132000F0ACFC132000F09BFC0022B9
:101A60000521142000F0A4FC14203AE0DFF88CE0FB
:101A7000F44538D1D0F800C04CF0806CC0F800C0FC
:101A8000D0F800C001290CF0806CCDF814C01960AA
:101A900007D1016841F000710160006800F000703A
:101AA0000590106840F002001060106802AB00F072
:101AB000020005906020CDE9000683E8B000694689
:101AC0000F4800F0D9FA002205213F2000F070FCF9
:101AD0003F2000F05FFC00220521412000F068FC5F
:101AE000412000F057FC07B0F0BD0000006400404A
:101AF000E401002030380240000C02400068004041
:101B0000000402407047000000B52C4A016889B00B
:101B10001268914239D16B4602AA0021FFF75FFD9E
:101B2000002832D1029840F20322A0F20321904211
:101B300034D00BDCA0F50070013838D0012824D156
:101B400069461F4808F096FE03202DE001291ED0AB
:101B50000F291AD1BDF800009FED1A1A00EE100AE5
:101B60001948F8EE400A80EE810A80ED010ABDF8BE
:101B7000021000EE901AF8EE601AC1EE810AC0ED74
:101B8000000A20EE200A80ED020A09B000BD0C48D0
:101B90006946683008F06EFE012005E00848694695
:101BA000343008F067FE022008F06AFDEDE70448D3
:101BB0006946343808F05EFE0420F5E7200B00206B
:101BC000805C00200000C842300300207047000005
:101BD00000B5154A016889B01268914219D16B4667
:101BE00002AA0121FFF7FBFC002812D10298A0F500
:101BF0000070053813D001280DD0022804D0032826
:101C000007D16946094802E008486946343808F0B7
:101C100031FE09B000BD054869466838F7E703485A
:101C200069469C38F3E70000480B0020B85D0020AF
:101C30007047000070B5044690F82000012804D0D9
:101C4000606A40F40020606218E0022084F82000FE
:101C50002068016821F00101016000F00BFB0546DE
:101C60000EE000BF00F006FB401B0A2808D9606A9E
:101C700040F400306062052084F82000012070BD2F
:101C800020684068C007EDD1606270BD7047704742
:101C9000704770477047704770472DE9F041044620
:101CA000876D00F0E7FA064694F835000025022813
:101CB00006D08020606584F834500120BDE8F081B2
:101CC0002068016821F0160101602068416921F057
:101CD00080014161206C08B9A06C20B120680168C6
:101CE00021F0080101602068016821F00101016014
:101CF0000CE000F0BFFA801B052807D920206065A2
:101D0000032084F8350084F83450D7E72068006851
:101D1000C007EED194F85C103F208840B8600120E5
:101D200084F8350084F834500020C7E790F8351067
:101D3000022903D08021416501207047052180F8E8
:101D400035100068016821F0010101600020704732
:101D5000406D70472DE9F84304464FF00009CDF877
:101D6000009063484FF41651A56D0068B0FBF1F781
:101D70002E6894F85C10082000FA01F131420FD06F
:101D800021680A6852070BD50A6822F004020A602B
:101D900094F85C108840A860606D40F001006065B8
:101DA00094F85C104FF0010808FA01F0304208D0B6
:101DB00021684969090604D5A860606D40F00200F9
:101DC000606594F85C1004208840304208D0216897
:101DD0000968890704D5A860606D40F0040060655B
:101DE00094F85C1010208840304218D021680968AF
:101DF000090714D5A86020680168490304D5006864
:101E0000000308D5A16C07E00168C90503D4016887
:101E100021F008010160216C09B12046884794F83F
:101E20005C1020208840304231D021680968C90602
:101E30002DD5A86094F8350005282068016806D0E3
:101E4000490347D5006800031DD4616C1CE021F0F4
:101E5000160101602068416921F080014161206C18
:101E600008B9A06C20B12068016821F00801016068
:101E700094F85C103F208840A86084F8358084F88E
:101E80003490216D1FE0E16B09B120468847606DF9
:101E900000282BD0606DC00714D0052084F83500D1
:101EA0002068016821F0010101600098401C009049
:101EB000B84203D820680068C007F6D184F835809E
:101EC00084F83490E16C002910D001B02046BDE8C0
:101ED000F04308470168C905D5D4016821F0100115
:101EE000016084F8358084F83490CCE7BDE8F8834D
:101EF000000200202DE9F041044600F0BBF906463F
:101F00005CB1022084F83500002584F83450206844
:101F1000016821F0010101600DE00120BDE8F081C0
:101F200000F0A8F9801B052805D920206065032052
:101F300084F83500F2E720680068C007F0D1226815
:101F4000116820480140D4E901031843D4E903365D
:101F50003343184363691843A3691843E36918437B
:101F6000236A18430843616A042903D1D4E90B1397
:101F700019430843106020684069666A20F0070131
:101F800030460E43012704280CD1A06A0643E06ABC
:101F900040B12046FFF700F920B14020606584F889
:101FA0003570BAE7206846612046FFF7E1F894F8FB
:101FB0005C203F2191408160656584F83570002088
:101FC000ACE700003F8010F02DE9F0410446866D3B
:101FD00090F83400002501280DD0012084F8340049
:101FE00094F835700020012F07D084F834000225C2
:101FF0002846BDE8F0810220FBE7022784F835700F
:1020000060652046FFF7F2F894F85C103F208840A6
:10201000B0602068016841F016010160206C20B1B9
:102020002068016841F0080101602068016841F002
:1020300001010160DCE7000070B5044600F01AF908
:102040000546601C02D004480078044400F012F9F0
:10205000401BA042FAD370BDF4010020704700007D
:10206000044910B50A68024202D00860FFF7F6FF83
:1020700010BD0000143C01402DE9F84FDFF8BCA171
:102080000022012503264FF00F090AF1040BAAF1E3
:10209000040E00BF0B6805FA02F42340A34270D17E
:1020A0000F7907F00307012F01D0022F16D187689F
:1020B0004FEA420806FA08FC27EA0C07D1F80CC0E0
:1020C0000CFA08FC4CEA070CC0F808C04768A743A4
:1020D0000C79C4F3001494403C4344600C79E4430D
:1020E000A4070AD0C4684FEA420C06FA0CF7BC43B6
:1020F0008F6807FA0CF72743C7600C7904F00304D4
:10210000022C12D1D40800EB840CDCF820405707D5
:10211000FF0E09FA07F824EA0804D1F8108008FA3B
:1021200007F848EA0408CCF8208004684FEA420C1B
:1021300006FA0CF7BC430F7907F0030707FA0CF710
:10214000274307604C6814F4403F70D03C4C27682C
:1021500047F480472760246822F0030704F4804492
:102160000094384C07EB040CDCF8084897074FEA5A
:10217000177809FA08F7BC43334FB84202D1002759
:1021800024E054E0314FB84201D101271EE0304F26
:10219000B84201D1022719E02E4FB84201D10327DE
:1021A00014E02D4FB84201D104270FE02B4FB84265
:1021B00001D105270AE02A4FB84201D1062705E0E0
:1021C000284FB84201D1072700E0082707FA08F78F
:1021D0002743CCF80878DAF800405746D1F804C015
:1021E0009C435FEACC2C00D51C433C60DBF80040EC
:1021F0005F46D1F804C09C435FEA8C2C00D51C4399
:102200003C60DEF800407746D1F804C09C435FEAAA
:102210008C3C00D51C433C60084F083F3C68D1F81B
:1022200004C09C435FEACC3C00D51C433C60521C7C
:10223000102AFFF42FAFBDE8F88F0000083C0140E2
:1022400044380240003001400000024000040240D7
:1022500000080240000C024000100240001402403E
:1022600000180240001C02400AB181617047090455
:10227000FBE700000148806870470000F40100207F
:10228000024881680278114481607047F40100209F
:102290000B4810B5016841F400710160016841F418
:1022A00080610160016841F480710160032000F0E9
:1022B0009FF80F2000F006F800F050F8002010BD45
:1022C000003C024030B50546204887B00024016834
:1022D00041F001010160006806A900F001000090D2
:1022E00001A800F0CBFD0498B0B100F0EDFD400076
:1022F00017494FF08042B0FBF1F11648491E0260C9
:1023000040F2E732C0E90324C0E90114846101F01E
:10231000B3FA040003D015E000F0D6FDE8E70D485D
:1023200001F0ECFA04000DD11C2000F033F8102D60
:1023300007D2002229461C2000F03AF80648056022
:1023400000E0012407B0204630BD000040380240C4
:1023500040420F00900F0020F80100200C4882B08E
:10236000016841F480410160006800F48040009001
:102370000748001F016841F0805101600068002299
:1023800000F0805000900F21901E02B000F010B8B5
:1023900044380240002809DB00F01F02012191406F
:1023A0004009800000F1E020C0F8001170470000F3
:1023B000F0B40E4B1B680C46C3F30223C3F10705B0
:1023C000042D00D90425191D072901D2002300E09E
:1023D000DB1E012606FA05F1491E214099409E4068
:1023E000761E16403143F0BC04F0EABB0CED00E071
:1023F000064900F0070208684FF6FF03184040EA5C
:102400000220034A10430860704700000CED00E012
:102410000000FA057047D0F8E00403F019BD01EBA5
:10242000C10200EB8202D0F8E004126A03F06EBC35
:1024300001EBC10200EB8202D0F8E004D2F8602286
:1024400003F0BFBCD0F8E00403F004BD0A0601F0BD
:102450000F0101EBC10100EB810101D5143101E055
:1024600001F51571006804F0D7B970B5044601F0A4
:102470000F002279904201D9012070BD0B0601F0B6
:102480000F0101EBC10104EB81014FF001024FF09C
:10249000000502D54A75143103E081F8555201F563
:1024A00015718D70087094F89404012808D084F890
:1024B0009424206804F040F884F89454002070BDFF
:1024C000022070BD2DE9F04104460F0601F00F0017
:1024D00000EBC00104EB81014FF001064FF0000555
:1024E00002D54E75143103E081F8555201F515718E
:1024F00008708A600B714A7802B14883022B00D1C0
:102500004D7194F89404012809D084F894642068EB
:1025100003F098FF284684F89454BDE8F081022027
:10252000FBE710B501F00F0404EBC40100EB8101DF
:10253000C1E998230023C1F8683281F8553281F847
:102540005442837901F51571012B00D1CA6182795A
:10255000006804F049F8002010BD70B504460D462F
:1025600001F00F002179884201D9012070BD2906B0
:102570004FF000064FF0010206D500EBC00104EB5E
:1025800081014A75143107E005EBC50104EB8101B7
:1025900081F8556201F515718A70087094F89404F9
:1025A000012807D084F89424206803F0F1FF28075D
:1025B00002D007E0022070BDA17904F29C4220689D
:1025C00003F08EFF84F89464002070BD10B501F014
:1025D0000F0404EBC40100EB8101C1E908230023CF
:1025E0008B6201234B7501F8144F8379012B00D1C5
:1025F000CA618279006803F0F7FF002010BD000077
:102600002DE9FC5F05680446284604F07FF90028A0
:102610007DD1206804F0A6F9002878D0D5F8080804
:10262000C0F30D20C4F8D404206804F09BF980079F
:1026300004D52068416901F002014161206804F07D
:1026400091F9C10604F29C40009034D5206881695C
:1026500021F0100181612F6A07F00F0000EBC0002C
:1026600004EB8006C7F3434006F51576022802D036
:10267000062811D01AE047F6F070074216D0C7F3CB
:102680000A1217462846F16804F070F9F0683844D9
:10269000F0607069384408E008222846009904F088
:1026A00065F97069C7F30A1108447061206881698F
:1026B00041F010018161206804F054F900034FF0EB
:1026C000080B4FF0000A4FF001097CD50026206866
:1026D00004F027F9074674E0F80770D0F1B22068DB
:1026E00004F038F98046C00707D005EB4611C1F861
:1026F000089B3146204602F081FB5FEA087024D532
:1027000005EB4611C1F808BB2068016C00E023E22C
:1027100000EB46100191D0F8082BFB4B994205D9EC
:10272000110403D54FF40041C0F8081B204600F007
:102730004EFAF5490198884207D9A079012804D1B9
:1027400020680121009A03F0CBFE5FEAC86004D53F
:1027500005EB46111020C1F8080B5FEA88701DD503
:102760006869000605D5D5F8040840F48061C5F80D
:10277000041806EBC60004EB800090F8571200F531
:102780001570012905D180F803A0F1B2204600F0B0
:10279000E9F905EB46110220C1F8080B5FEA8860F1
:1027A00004D505EB46102021C0F8081B5FEA8840DD
:1027B00005D505EB46104FF40051C0F8081B7F0803
:1027C000761C002F88D1206804F0CCF840036ED529
:1027D000206804F09FF80746002666E0F80762D0FC
:1027E000F1B2206804F0A4F88046C00723D006F0B8
:1027F0000F01D5F8342809FA01F18A43C5F83428C5
:1028000005EB4611C1F80899A07901280FD106EB14
:10281000C60004EB8000D0E907211144016236B9FB
:10282000606A20B920680121009A03F059FEF1B2D4
:102830002046FFF7F4FD5FEA087003D505EB46116B
:10284000C1F808B95FEAC86004D505EB461110204D
:10285000C1F808095FEA486004D505EB461040213D
:10286000C0F808195FEA887016D53146284604F08A
:1028700022F806EBC60004EB8000C17D143001296C
:1028800005D180F803A0F1B2204600F067F905EB0E
:1028900046110220C1F808095FEA086003D53146F5
:1028A000204602F011FB7F08761C002F96D120688D
:1028B00004F058F8002811DAD5F8040820F00101D6
:1028C000C5F8041894F8CC0401282BD0204600F059
:1028D00063F92068416901F000414161206804F01A
:1028E00041F800050BD5D5F80808C00702D02046EE
:1028F00000F074F92068416901F4006141612068C9
:1029000004F030F8C00467D5D5F8040820F00100C1
:10291000C5F804081021206803F0CDFF00214FF610
:102920007F3220E084F8CCA400212046FFF772FD1E
:10293000CFE700BF05EB4110C0F80829D0F80039F7
:1029400023F40013C0F80039C0F8082BD0F8003B7E
:1029500023F40013C0F8003BD0F8003B43F00063C1
:10296000C0F8003B491C20798842E3D8D5F81C0800
:1029700040F00111C5F81C18E07B002828460DD056
:10298000D0F8840840F00B01C5F88418D5F8440845
:1029900040F00B012846C5F844180DE0D0F81408A3
:1029A00042F22B010843C5F81408D5F8100840F08E
:1029B0000B012846C5F81018D0F8000820F4FE6175
:1029C000C5F80018A1792068009A03F089FD2068F5
:1029D000416901F480514161206803F0C3FF800424
:1029E00015D5206803F06EFD206803F082FFE071CA
:1029F00000F064FA0146E279206803F0E7FF204620
:102A000000F0B4F82068416901F400514161206888
:102A100003F0A8FF000707D5204600F0C1F82068A2
:102A2000416901F008014161206803F09BFF000645
:102A300016D5A86920F08001A96101260DE000BF2C
:102A400006EBC60004EB800090F85702012803D182
:102A5000F1B22046FFF7FAFC761C2079B042EFD89D
:102A6000206803F07FFFC0021FD501264F4614E007
:102A700005EB4610D0F8001906EBC60004EB800207
:102A8000107E012808D1002906DAF0B240F080015A
:102A9000D7752046FFF7DAFC761C2079B042E7D8DC
:102AA0002068416901F480114161206803F05AFFF8
:102AB000800234D501204A4629E000BF05EB4011D1
:102AC000D1F8001B00EBC00304EB830393F85862BA
:102AD000012E1BD1002919DA94F8D46401F4803155
:102AE00006F00106B14211D183F85722A96941F0DD
:102AF0008003AB616969090608D4D5F8040840F47D
:102B00000070C5F8040805E00A30544F401C2179D4
:102B10008142D3D82068416901F4001141612068E5
:102B200003F020FF400007D52046FFF774FC206823
:102B3000416901F080414161206803F013FF4007C3
:102B40000AD520684568680702D52046FFF77AFC59
:102B50002068416829434160BDE8FC9FD0F8E0044B
:102B600003F096B9D0F8E00403F0A6B970B50446B6
:102B7000C079012570B1022801D0FEF72CFC29464E
:102B8000D4F8E00403F006FAD4F8E004BDE870409D
:102B900003F0BBB90025F2E7D0F8E00403F0E3B995
:102BA000D0F8E00403F0E9B910B5044690F89404B5
:102BB00001280AD0012084F894046174206803F08D
:102BC000F4FE002084F8940410BD022010BDD0F85B
:102BD000E02400F29C41104603F0E8B910B5044629
:102BE000D0F8E00403F01BFA2068D0F8001E41F092
:102BF0000101C0F8001EE07A002804D002480168F4
:102C000041F00601016010BD10ED00E02DE9F84330
:102C1000054600684FF00109C1074FF0000601D1D9
:102C2000400727D5DFF80C81C8F86860FFF722FB62
:102C30000746414C05E000BFFFF71CFBC01B022804
:102C400057D820680001F7D468688101287A41EAE2
:102C50000070394984310860C8F86890FFF70AFBB2
:102C6000074604E0FFF706FBC01B022841D8206896
:102C70000001F7D52878800752D52F4840300168E9
:102C800041F08051016000682C4C00F080500090B1
:102C9000206840F480702060FFF7ECFA074604E0FB
:102CA000FFF7E8FAC01B022823D82068C005F7D533
:102CB000214C7034206810F4407020D0A98901F4B0
:102CC000407181421BD020681D4920F44070C1F83A
:102CD00000900E6020602068C00710D0FFF7CAFA8D
:102CE000064641F2883707E0FFF7C4FA801BB84276
:102CF00002D90320BDE8F88320688007F4D5E9688D
:102D00000D48C1F301220830032A0BD0016821F4D9
:102D1000F81101602068A989C1F30B010843206004
:102D20000020E7E70268074B22F4F81219400A4333
:102D30000260EFE7000047420038024000700040A8
:102D4000400E4742FFFCFF0F2DE9F0470E460500FD
:102D500065D0DFF81481D8F80000F7B200F0070062
:102D6000B04207D288F80070D8F8000000F00700E1
:102D7000B04254D128683D4C810712D5400703D595
:102D8000206840F4E05020602878000703D52068D0
:102D900040F4604020602068A96820F0F0000843FB
:102DA00020602878C0072DD030496868083901288C
:102DB00012D0022813D0032811D0096889070029EE
:102DC0002DDA216821F0030101432160FFF752FA57
:102DD000814641F2883A0EE009688903EFE7096805
:102DE0008901ECE7FFF746FAA0EB0901514502D94A
:102DF0000320BDE8F0872068696800F00C00B0EBA4
:102E0000810FEFD1D8F80010404601F00701B14220
:102E100007D90770006800F00700B04201D0012018
:102E2000E7E72878400705D52068E96820F4E050F6
:102E3000084320602878000706D52068296920F417
:102E4000604040EAC100206000F05EF82168084A56
:102E5000C1F30311515CC840064908600648006888
:102E6000FFF730FA0020C4E7003C02400838024077
:102E700060C2000800020020F80100200F2202605A
:102E80000C4A136803F003034360136803F0F00374
:102E90008360136803F4E053C36012684FF4E05397
:102EA00003EAD20202610448006800F007000860EB
:102EB0007047000008380240003C024001480068AA
:102EC00070470000000200200448054900680968B6
:102ED000044AC1F38221515CC840704700020020BF
:102EE0000838024070C200080448054900680968B3
:102EF000044AC1F34231515CC840704700020020CF
:102F00000838024070C20008154810B5006810F07B
:102F10000C02144813D01449042A0FD0082A0ED1E9
:102F20000F4C241F2268236802F03F025B0207D582
:102F30002068C0F38810A0FB010106E0084610BD20
:102F40002168C1F38811A1FB00010023FDF7D6F928
:102F50002168C1F30141491C4900B0FBF1F010BDEB
:102F6000083802400024F400001BB7002DE9F84F98
:102F700004006ED02078DFF84C93C007A9F1040557
:102F80004AD009F104000168C1F38101012908D088
:102F90000068C0F3810002280AD1D9F8000040027D
:102FA00006D52868800337D560680028E1D033E073
:102FB0006068B0F5803F10D0B0F5A02F286810D021
:102FC00020F480302860286820F480202860606821
:102FD000A8B1FFF74FF906460DE0286840F48030AD
:102FE000F4E740F480202860F7E700BFFFF742F9DC
:102FF000801B642873D828688003F7D50CE0FFF79E
:1030000039F9064605E000BFFFF734F9801B642854
:10301000F0D828688003F7D42078DFF8AC828007E6
:103020004FF0000A3ED5A748001D016811F00C0FB3
:1030300008D00068C0F3810002280BD1D9F8000045
:10304000400207D42868800716D5E068012800D11F
:1030500012E033E1E068B8B10120C8F80000FFF7E2
:1030600009F9064605E000BFFFF704F9801B0228B6
:10307000C0D828688007F7D52868216920F0F800B3
:1030800040EAC10028600DE0C8F800A0FFF7F2F8A0
:10309000064604E0FFF7EEF8801B02281FD82868D8
:1030A0008007F7D42078000722D5864F87486169CA
:1030B000703771B101210160FFF7DCF8064604E0CA
:1030C000FFF7D8F8801B022809D838688007F7D5A1
:1030D0000EE0C0F800A0FFF7CDF8064605E082E05C
:1030E000FFF7C8F8801B02287DD838688007F7D41E
:1030F0002078400768D5DFF8CCB100270BF13C0BF6
:10310000DBF80000C0000BD4DBF8001041F0805168
:10311000CBF80010DBF80000012700F08050009091
:103120006B4E3068C00510D4306840F48070306059
:10313000FFF7A0F8009005E0FFF79CF80099401A0F
:10314000022850D83068C005F6D55E4EA0686C36AF
:1031500001280FD00528306810D020F00100306021
:10316000306820F004003060A068B8B1FFF782F842
:1031700000900FE0306840F00100F4E740F00400F8
:103180003060F7E7FFF776F80099411A41F288308E
:10319000814266D830688007F4D50EE0FFF76AF800
:1031A000009007E0FFF766F80099411A41F2883075
:1031B000814256D830688007F4D42FB1DBF8001074
:1031C00021F08051CBF80010A069C8B33D49091D1A
:1031D0000968C1F3810102294AD00228504607D06C
:1031E000C8F8600000E03CE0FFF744F804463BE02C
:1031F0004746C8F86000FFF73DF8064605E000BF07
:10320000FFF738F8801B02282BD828688001F7D4F4
:10321000D4E907010843A16A2E4A490802EB01419B
:10322000626A41EA8211084394F82C1040EA016175
:10323000C9F8001001203866FFF71CF8044606E0C4
:103240003EE000BFFFF716F8001B022809D82868E7
:103250008001F7D534E000BFFFF70CF8001B02280F
:1032600002D90320BDE8F88F28688001F4D427E054
:103270000128F7D0D9F80000E26900F480019142FA
:103280001CD1226A00F03F01914217D147F6C0716C
:10329000626A0140B1EB821F10D1A26A4FF0FF3386
:1032A00000F4403103EB5202B1EB024F06D194F827
:1032B0002C1000F07060B0EB016F01D00120D1E75D
:1032C0000020CFE70438024000004742800E47420A
:1032D000007000400000FFFF10B5040002D0607FC6
:1032E00010B106E0012010BD00202077204600F03C
:1032F00041F8022060772068C168C943C90632D509
:10330000CA214162216853204862204601F02EFE06
:1033100020BB20688168164A114081602168886856
:1033200062681043D4E904231A431043886021687B
:10333000E068086120680169228941EA024101616F
:10334000204601F037FE48B921680A6C22F4802239
:103350000A6421680A6CA3691A430A642268FF217F
:10336000516208B110BD00200121617710BD00003D
:10337000BFFF8FFF1FB500210091019102910391C2
:103380000068084988420CD102200090064803904A
:103390006846FFF73BFC08B1FEF71DF80349012022
:1033A00008601FBD0028004000031E003C0E47427D
:1033B00070B504460B482168C860FEF75BFF054600
:1033C0004FF47A7607E000BFFEF754FF401BB0428F
:1033D00001D9032070BD2068C0688006F4D50020A4
:1033E00070BD00005F7F010070B5040009D0606A05
:1033F000002540B125616561A56294F8510040B196
:103400000CE0012070BD6068B0F5827FF4D0E5610A
:10341000F2E784F85050204600F044F8022084F887
:1034200051002068016821F040010160A0882189D5
:1034300000F4827001F404410843A18901F40061A1
:103440000843217C01F002010843217D01F00101C4
:103450000843218B01F400710843217F01F03801FA
:10346000084394F8201001F080010843218D01F4F5
:103470000051084321680860A069042101EA104056
:1034800094F8241001F01001084321684860206876
:10349000C16921F40061C1616565012084F85100B2
:1034A000002070BD2DE9F04387B006461421684620
:1034B000FCF76EFF34493068884261D133480025FB
:1034C000016841F480510160006800F4805005906B
:1034D0002E481438016841F002010160016801F0D2
:1034E00002010591016841F00101016000680224B8
:1034F00000F001000590182001274FF003084FF05D
:1035000005098DE8910369462148FEF7B5FD802045
:103510008DE8910369461F48FEF7AEFD1F4C1E481B
:103520004FF0C0672060C4E901754FF48068C4E9BA
:10353000035865617812A561C4E9075020466562A9
:10354000FEF7D8FC08B1FDF746FFF464A663134C00
:10355000114860341830E4E802074020A4E8210153
:10356000C00244F81459A561C4E907500B486562CC
:103570006030FEF7BFFC08B1FDF72DFFB464A66311
:1035800007B0BDE8F083000000300140443802403D
:10359000000402400000024040640240E80B0020AA
:1035A0002DE9FF4F81B0044690F8500000260E9F91
:1035B0001D4693464FF0010901280FD04FF0010A34
:1035C00084F850A0FEF756FE804694F851006168DA
:1035D00001280DD0B1F5827F08D103E0022005B0AB
:1035E000BDE8F08FA16809B9042801D00226C9E01E
:1035F0000298002865D0BBF1000FFBD0002DF9D058
:1036000094F85100042802D0052084F851000020CD
:103610006065C4F838B0E587A58702992163E5861F
:10362000A5862064606420680168490603D40168A7
:1036300041F040010160E068B0F5006F606803D0C0
:10364000F0B3012D47D081E008B1012D3CD1206BB2
:1036500021680088C860206B801C2063E08E401EBB
:10366000E08631E02068816889070FD5E18E69B175
:10367000B9F1010F0AD1216B0988C160206B801C50
:103680002063E08E401EE0864FF0000920688168CC
:10369000C9070CD0E18F51B1C068A16B0880A06B45
:1036A000801CA063E08F401EE0874FF00109FEF709
:1036B000E1FDA0EB0800B84206D3781C04D001E07D
:1036C00009E05BE003265BE0E08E0028CAD1E08FD2
:1036D0000028C7D140E0206B216800780873206B78
:1036E000401C2063E08E401EE0862FE02068816849
:1036F00089070FD5E18E69B1B9F1010F0AD1216BAC
:1037000009780173206B401C2063E08E401EE08628
:103710004FF0000920688168C9070CD0E18F51B1D2
:10372000C068A16B0870A06B401CA063E08F401EB6
:10373000E0874FF00109FEF79DFDA0EB0800B842BD
:1037400002D3781C02D0BAE7002FB8D0E08E002850
:10375000CCD1E08F0028C9D142463946204601F03D
:10376000EFFC18B10126202060650BE0A06818B9B5
:103770002068C16880680090606D08B1012601E092
:1037800084F851A0002084F85000304627E77047A5
:10379000704710B590F83C20012A22D0012280F811
:1037A0003C20CA688C6822F4407222434C6822F4A0
:1037B000806222430C6822F4006222430C6922F4E6
:1037C000805222434C6922F400522243C9690023EB
:1037D00022F480420A4301684A6480F83C300020A9
:1037E00010BD022010BD000070B590F83C20012AE9
:1037F00032D0012480F83C40022280F83D2003684A
:103800005A689D6822F070060A6832435A60134B6A
:1038100002689A4214D0B2F1804F11D0104B9A42F4
:103820000ED0104B9A420BD00F4B9A4208D00F4B40
:103830009A4205D00E4B9A4202D00E4B9A4204D1C6
:10384000496825F080031943916080F83D400021CC
:1038500080F83C10084670BD022070BD0000014099
:103860000004004000080040000C0040000401403B
:10387000004001400018004010B5040003D094F847
:103880003D0010B107E0012010BD002084F83C008D
:10389000204600F01FF8022084F83D00211D20681A
:1038A00001F080FD012084F8460084F83E0084F891
:1038B0003F0084F8400084F8410084F8420084F816
:1038C000430084F8440084F8450084F83D0000205B
:1038D00010BD000008B500680649884208D10648B6
:1038E000016841F400310160006800F4003000908C
:1038F00008BD0000004401404438024090F83D10EB
:10390000012901D001207047022180F83D10016893
:10391000CA6842F00102CA6000681149884214D0A6
:10392000B0F1804F11D00F4988420ED00E49884225
:103930000BD00E49884208D00D49884205D00D4968
:10394000884202D00C49884204D1816801F0070105
:10395000062903D0016841F0010101600020704791
:10396000000001400004004000080040000C00403E
:1039700000040140004001400018004070472DE95C
:10398000F04104460068C66805694FF00007A907C2
:1039900013D5B10711D5F91E0161012020772068E8
:1039A00080698007204602D0FFF7E8FF04E000F0BE
:1039B000C3F8204600F068F92777680716D5700726
:1039C00014D521686FF00400086102202077206878
:1039D000806910F4407F204602D0FFF7CFFF04E05B
:1039E00000F0AAF8204600F04FF92777280715D5F0
:1039F000300713D521686FF0080008610420207794
:103A00002068C0698007204602D0FFF7B7FF04E0B6
:103A100000F092F8204600F037F92777E80616D52F
:103A2000F00614D521686FF0100008610820207797
:103A30002068C06910F4407F204602D0FFF79EFF47
:103A400004E000F079F8204600F01EF92777E80737
:103A500008D0F00706D021686FF001000861204609
:103A600000F013F9280608D5300606D521686FF056
:103A7000800008612046FFF78AFE680608D57006B8
:103A800006D521686FF040000861204600F004F977
:103A9000A8060AD5B00608D521686FF02000086195
:103AA0002046BDE8F041FFF773BEBDE8F08100009D
:103AB00010B586B0044614216846FCF769FC2368FB
:103AC000184C002118480222A34212D1036843F087
:103AD00010030360006800F0100005904FF42060B0
:103AE0000090CDE901210120CDE9031069460F487E
:103AF00013E00F4CA34212D1036843F0200303608C
:103B0000006800F02000059040200090CDE90121E0
:103B10000320CDE9031069460648FEF7ADFA06B06A
:103B200010BD00000000014030380240001002408B
:103B30000044014000140240704770B5044690F8FC
:103B40003C0000260D4601280FD0012084F83C00DF
:103B50006AB1042A1DD0082A2FD00C2A3FD0012692
:103B6000002084F83C00304670BD022070BD206803
:103B700001F084FC2068816941F0080181612068BE
:103B8000816921F004018161206881692A691143FA
:103B900011E0206801F0A2FC2068816941F4006115
:103BA00081612068816921F4806181612068816977
:103BB0002A6941EA02218161D2E7206801F0C4FC50
:103BC0002068C16941F00801C1612068C16921F024
:103BD0000401C1612068C1692A69114311E02068AC
:103BE00001F0E6FC2068C16941F40061C161206810
:103BF000C16921F48061C1612068C1692A6941EA13
:103C00000221C161ACE710B5040003D094F83D0077
:103C100010B107E0012010BD002084F83C002046D0
:103C200000F01EF8022084F83D00211D206801F0FC
:103C3000B9FB012084F8460084F83E0084F83F0078
:103C400084F8400084F8410084F8420084F843007E
:103C500084F8440084F8450084F83D00002010BD3D
:103C600008B500680649884208D10648016841F055
:103C700001010160006800F00100009008BD000033
:103C8000000001404438024070470068B0F1804FA6
:103C900001D1FEF7F5BA70477047704770B504461A
:103CA00020680C3050E8001F21F4907140E80012A9
:103CB000002AF5D12068143050E8001F21F00101DE
:103CC00040E80012002AF5D1206B012809D12068B4
:103CD0000C3050E8001F21F0100140E80012002ACB
:103CE000F5D1206840694FF00005400615D52068E1
:103CF000143050E8001F21F0400140E80012002A73
:103D0000F5D1E06B48B10565E06BFDF7C6FF20B16A
:103D1000E06BFEF71DF8202806D0E585202084F80A
:103D200042002563002070BD10206064032070BD38
:103D300070470000F8B5016804460868CA684B6916
:103D400010F00F0F4FF0000559D003F0010602F4F8
:103D50009077374365D0C10705D0D10503D5616C95
:103D600041F001016164410705D5D90703D0616CB9
:103D700041F002016164810705D5D90703D0616C68
:103D800041F004016164010707D502F020013143CD
:103D900003D0616C41F008016164616C00293AD084
:103DA000800604D5900602D5204601F0DDFC20688F
:103DB0004069616CC0F38010090700D460B32046ED
:103DC00001F09DFC20684069400621D52068143030
:103DD00050E8001F21F0400140E80012002AF5D110
:103DE000E06BA8B16E490165E06BFDF79FFF00280D
:103DF00011D0E06B016D01B0BDE8F04008478306CB
:103E00000FD593060DD52046BDE8F84001F0ACBCB7
:103E10002046FFF78DFFF8BD2046FFF789FF656458
:103E2000F8BD266B2023012E7DD1C6067BD5D60694
:103E300079D508684868009048694FF00206400646
:103E400041D5E16B086840680004000CE8D0A28D01
:103E50008242E5D9E085C869B0F5807F2DD0206821
:103E60000C3050E8001F21F4807140E80012002A55
:103E7000F5D12068143050E8001F21F0010140E81E
:103E80000012002AF5D12068143050E8001F21F0FC
:103E9000400140E80012002AF5D184F84230256341
:103EA00020680C3050E8001F21F0100140E800129B
:103EB000002AF5D1E06BFDF7F0FE6663A08DE18D81
:103EC000401A81B22AE0A08DE18D401A81B2E08DC6
:103ED0000028A5D00029A3D022680C3252E8000F98
:103EE00020F4907042E80007002FF5D120681430CC
:103EF00050E8002F22F0010240E80027002FF5D102
:103F000084F84230256320680C3050E8002F22F0FE
:103F1000100240E80023002BF5D166632046FFF72E
:103F2000BCFEF8BDFFE705062BD5150629D594F88C
:103F300041002128F5D1A068B0F5805F01D120694A
:103F4000B0B1206A411C2162216800784860E08C91
:103F5000401E0004000CE084E3D12068C16821F019
:103F60008001C1602068C16841F04001C160D8E7AC
:103F7000206A0088C0F308004860206A801C206224
:103F8000E5E74006CDD55006CBD5CA68204622F0DD
:103F90004002CA6084F8413000F0B0F9C1E7000087
:103FA0000156000870B5040004D094F841000025C3
:103FB00010B106E0012070BD84F84050204600F0AA
:103FC00023F8242084F841002068C16821F40051BE
:103FD000C160204601F02AFC2068016921F490416B
:103FE00001612068416921F02A0141612068C168AE
:103FF00041F40051C1606564202084F8410084F8D8
:1040000042006563002070BD2DE9F04786B004468C
:1040100014216846FCF7BCF97D48DFF8F0811438BC
:10402000D4F800C07A4B0227032107220025061589
:104030004FF0006AC44566D1D3F800C04CF0100CB4
:10404000C3F800C01B6803F010030593036843F036
:1040500002030360036803F002030593036843F05F
:10406000010303600068894600F00100059080208C
:10407000CDE90007CDE902599046694604926548AA
:10408000FDF7FAFF7010CDE90007CDE90259694646
:10409000CDF810806048FDF7EFFF614F5F48D046D4
:1040A0003860C7E901A5C7E903567D614FF4403088
:1040B000BD61C7E9075038467D62FDF71BFF08B1B7
:1040C000FDF789F9E763BC63554F544860373030DA
:1040D000E7E80208402061C7800247F81459BD6133
:1040E000C7E907504E487D626030FDF703FF08B115
:1040F000FDF771F9A763002205212520BC63FEF7B7
:1041000057F925203EE0DFF81C81C4453FD1404BE4
:104110001B1FD3F800C04CF4802CC3F800C01B68F0
:1041200003F480230593036843F0040303600068ED
:10413000029500F004000590CDE903124FF44060B1
:10414000CDE9000769463848FDF796FF344F3748F8
:10415000C0373860C7E901A5C7E9035680157D61FE
:10416000C7E906503D6238467D62FDF7C3FE08B1DF
:10417000FDF731F9E763002205212720BC63FEF734
:1041800017F92720FEF706F906B0BDE8F087284AA0
:104190009445F9D11A6842F020021A601A6802F0B8
:1041A00020020592026842F0400202600068029517
:1041B00000F0400005904FF48440CDE9000708204E
:1041C000CDE9031069461B48FDF756FF13481A4F07
:1041D000603838608005C7E90105C7E903567D618D
:1041E0004FF40030BD61C7E9075038467D62FDF7E6
:1041F00081FE08B1FDF7EFF8E763002207214720B1
:10420000BC63FEF7D5F84720BCE700000010014072
:10421000443802400004024000000240886402402A
:10422000100E0020004800400008024028600240B4
:104230000014014000180240300F002090F8423076
:10424000202B01D00220704721B11AB10023036353
:1042500001F072BB01207047704770472DE9F843A9
:10426000044690F84100984616460D46202802D094
:104270000220BDE8F88385B17EB100206064212072
:1042800084F84100FDF7F6FFA6848146E684A06825
:104290002027B0F5805F02D003E00120E9E7206924
:1042A00010B12E4600250EE000260CE080212046AD
:1042B00001F08AFBA8B9C6B116F8010B2168486065
:1042C000E08C401EE084E08C4B464FF00002CDF8BD
:1042D00000800028EAD14FF04001204601F074FB35
:1042E00040B184F841700320C3E735F8020BC0F3F6
:1042F0000800E3E784F841700020BAE77047FEE762
:1043000009480A49037F012B02D000220A6207E014
:104310000A6A521C0A620C2A01DA012200E0022217
:1043200082774B6270470000A45B002008030020E6
:104330000F4810B50D4901600321416000214FF481
:1043400010228160C0E903124FF40012426101762D
:1043500041768176C17601774177FDF7B8FA00287A
:1043600003D0BDE81040FDF736B810BD0064004032
:10437000200B00200F4810B50D490160032141605A
:1043800000214FF410228160C0E903124FF40012A3
:104390004261017641768176C17601774177FDF7FA
:1043A00096FA002803D0BDE81040FDF714B810BD00
:1043B00000680040480B0020214808B5016841F41E
:1043C00080010160016801F480010091016841F4FD
:1043D000001101600068002200F400100090052127
:1043E0000C20FDF7E5FF0C20FDF7D4FF002205218E
:1043F0003920FDF7DDFF3920FDF7CCFF0022052134
:104400003A20FDF7D5FF3A20FDF7C4FF0022052131
:104410003B20FDF7CDFF3B20FDF7BCFF002205212F
:104420004420FDF7C5FF4420FDF7B4FF002205211D
:104430004620FDF7BDFFBDE808404620FDF7AABFB6
:104440003038024010B5AAB01C2221496846FBF75B
:1044500086FF0021684606F0CFFA1E4C1C491C223C
:1044600020601C3107A8FBF77AFF002107A806F09F
:10447000C3FA174960601C2238310EA8FBF76FFFA2
:1044800000210EA806F0B8FA1149A0601C22543190
:1044900015A8FBF764FF002115A806F0ADFA0C493A
:1044A000E0601C2270311CA8FBF759FF00211CA8FA
:1044B00006F0A2FA064920611C228C3123A8FBF7E2
:1044C0004EFF002123A806F097FA60612AB010BDC4
:1044D000B0C10008CC0100202DE9F04387B01421C1
:1044E0006846FBF755FF5B480025016841F0020173
:1044F0000160016801F002010591016841F040018D
:104500000160016801F040010591016841F001017D
:104510000160016801F001010591016841F00801A5
:104520000160016801F008010591016841F0040192
:104530000160016801F004010591016841F080010A
:104540000160016801F080010591016841F02001DE
:104550000160016801F020010591016841F010013E
:1045600001600068DFF8F08000F010004FF4807404
:104570000590002221464046FDF776FE374E012287
:1045800040213046FDF770FE354F0122102138469C
:10459000FDF76AFEDFF8CC90012211464846FDF790
:1045A00063FE00940124CDE9014569464046039528
:1045B000FDF762FD4020CDE90004029469463046D3
:1045C0000394FDF759FD09204FF40415CDE90005CA
:1045D000694602943046FDF74FFD1020CDE90004F6
:1045E0000226CDE9024669463846FDF745FD3020F2
:1045F000CDE90005694602944046FDF73DFDCDE951
:1046000002460094694648460194FDF735FD0621AF
:1046100000220846FDF7CCFE0620FDF7BBFE002277
:1046200005210920FDF7C4FE0920FDF7B3FE002295
:1046300005210A20FDF7BCFE0A20FDF7ABFE002293
:1046400005211720FDF7B4FE1720FDF7A3FE07B0E4
:10465000BDE8F083303802400008024000180240F4
:1046600000000240000402400C4810B50A490160F5
:1046700000217C22C0E9011240F67F42C0E90321FB
:1046800041618161FEF728FE002803D0BDE810409B
:10469000FCF7A1BE10BD000000280040700B0020F8
:1046A000104810B50E4901604FF48271416000213D
:1046B00002228160C0E9031201224261520282613A
:1046C0001022C0E90721416281620A21C162FEF71E
:1046D0008BFE002803D0BDE81040FCF77CBE10BD67
:1046E00000300140900B002010B588B01C216846B6
:1046F000FBF74EFE144813490024C0E9001441F2B0
:104700008731C0E9024104618461FFF7B5F808B15F
:10471000FCF761FE0C48FFF776FA08B1FCF75BFE88
:104720006020CDE900040294002269460648049402
:10473000FFF703FA08B1FCF74EFE0348FFF7B8F99C
:1047400008B010BD00440140F00C002010B592B03C
:1047500000240F941C2168461094FBF719FE2021B9
:1047600007A8FBF715FE25482349016040F24731B1
:10477000C0E9011440F2CF71C0E9031444618461BF
:10478000FFF741FA08B1FCF726FE0F940FA91B486A
:104790001094FFF729F808B1FCF71DFE6020CDE961
:1047A000000402940394049405940022694613487B
:1047B0000694FFF7C2F908B1FCF70DFE0422694622
:1047C0000E48FFF7BAF908B1FCF705FE0794089404
:1047D00009944FF400500A94CDE90B4007A907480B
:1047E0000E94FEF7D6FF08B1FCF7F5FD0348FFF77E
:1047F0005FF912B010BD000000000140A80C0020BD
:1048000010B5104C0E480C2120600F48606000204D
:10481000A060E060C4E90401A061E0612046FFF708
:10482000C1FB08B1FCF7D7FD2068C16841F0100159
:10483000C160BDE81040642204490248FFF7FEBC95
:1048400000100140380D002040420F00045B0020A2
:104850000D4810B50B4901600C49416000214FF42F
:1048600080628160C0E903120C22C0E90521C161A8
:10487000FFF798FB002803D0BDE81040FCF7ABBD64
:1048800010BD000000480040800D0020A0860100FF
:104890000C4810B50A4901604FF4E1314160002134
:1048A00081600C22C160C0E904128161C161FFF71F
:1048B00079FB002803D0BDE81040FCF78CBD10BD8B
:1048C00000140140C80D0020FEE7FEE70148FDF797
:1048D00097BE0000F81100202DE9F047DFF80084B2
:1048E00005462DED108B98F80100FE4C48B99FED60
:1048F000FE0A84ED000A84ED010A84ED0C0A84EDC1
:104900000D0AFA48D5ED490ADFF8E49390ED011A53
:104910000026B8EEC10AB8EEC11A30EE600A85ED85
:104920004D0AD0ED0E0AD5ED4A1AB8EEE00AF8EEBF
:10493000E00A30EE610A85ED4E0A90ED1B0A95ED16
:104940004B2AF8EEC01AB8EEC00A71EEC21AC5EDD5
:104950004F1AD0ED281AD5ED4C2AB8EEE12A32EEE6
:10496000622A85ED502A85ED491AC5ED4A0A85ED82
:104970004B0AB8EEE10A85ED4C0A9FEDDE8AB0EEF7
:1049800000DA9FEDDDCB00BF06EB860000EBC60131
:1049900009EB810004EB8607B0F91000D7ED080A97
:1049A00000EE100AB8EEC00A30EE600A87ED040A85
:1049B000B5EEC00AF1EE10FA05D2DFEDD10A30EE05
:1049C000200A87ED040A20EE080A20EE0D0A10EEF8
:1049D000100AFBF7BBFE53EC1C2BFBF78BFDFBF720
:1049E000F9FE761C3861042ECEDBE069FBF7AEFEE3
:1049F00041EC100B02F060FBD5F84001B0EE408AAC
:104A0000F0EE608A05F59A75FBF7A0FE53EC182BC3
:104A1000FBF770FD41EC190BA069FBF797FE41EC29
:104A2000100B02F049FBB0EE408AF0EE608AA868F5
:104A3000FBF78CFE53EC182BFBF75CFD41EC180BDD
:104A40006069FBF783FE41EC100B02F035FBB0EE22
:104A500040AAF0EE60AA6868FBF778FE53EC1A2BC8
:104A6000FBF748FD41EC1A0B2069FBF76FFE41ECA8
:104A7000100B02F021FBB0EE40BAF0EE60BA2868ED
:104A8000FBF764FE53EC1B2BFBF734FD53EC1A2BA6
:104A9000FBF789FC53EC182BFBF785FC53EC192B27
:104AA000FBF781FC9FED97EB53EC1E2BFBF722FDF0
:104AB0009FED96FB53EC1F2BFBF71CFDFBF78AFECB
:104AC0002063E069FBF742FE41EC100B03F080F934
:104AD000B0EE408AF0EE608AE868FBF737FE53ECF0
:104AE000182BFBF707FD41EC1B0BA069FBF72EFE13
:104AF00041EC100B03F06CF9B0EE408AF0EE608AE6
:104B0000A868FBF723FE53EC182BFBF7F3FC41ECF2
:104B10001A0B6069FBF71AFE41EC100B03F058F911
:104B2000B0EE408AF0EE608A6868FBF70FFE53EC47
:104B3000182BFBF7DFFC41EC190B2069FBF706FE95
:104B400041EC100B03F044F9B0EE408AF0EE608ABD
:104B50002868FBF7FBFD53EC182BFBF7CBFC53EC61
:104B6000192BFBF720FC53EC1A2BFBF71CFC53EC26
:104B70001B2BFBF718FC53EC1E2BFBF7BBFC53EC79
:104B80001F2BFBF7B7FCFBF725FE606398ED040ACB
:104B9000454688ED0A0A20EE0D0A10EE100AFBF7D2
:104BA000D5FD53EC1C2BFBF7A5FC9FED5A1B53ECDA
:104BB000112BFBF711FDFBF70DFE00EE100A584E0E
:104BC00085ED0B0AD5ED050A544D30EEC00A10EE06
:104BD000100A84ED150A9FED538BA84210EE100ABF
:104BE00006DDFBF7B3FD53EC182BFBF77DFC0BE068
:104BF000B04201D2606D0AE010EE100AFBF7A6FD8C
:104C000053EC182BFBF7CFFBFBF7E4FD6065FBF7DC
:104C10009DFD9FED461B53EC112BFBF768FCFBF74A
:104C2000D9FDA065A84206DDFBF790FD53EC182BDB
:104C3000FBF75AFC07E0B04208D3FBF787FD53ECC3
:104C4000182BFBF7B0FBFBF7C5FDA065FBF77EFD5E
:104C500041EC100B03F0BCF8B0EE408AF0EE608A35
:104C6000606BFBF773FD53EC182BFBF743FC41EC37
:104C7000180BA06DFBF76AFD41EC100B02F01CFA5B
:104C8000B0EE409AF0EE609A206BFBF75FFD53ECBC
:104C9000192BFBF72FFC53EC182BFBF784FB41EC93
:104CA000180B2068FBF752FD53EC182BFBF71CFC8C
:104CB000FBF790FD2060A06DFBF748FD41EC100B69
:104CC00002F0FAF9B0EE408AF0EE608A606BFBF712
:104CD0003DFD53EC182BFBF70DFC41EC190B29E0C3
:104CE000685B0020A8030020000000004C5C00204E
:104CF0001C5D0020000000391F85EB51B81E0940E3
:104D000000000046870D17BC161BC43E00000000C3
:104D10000000D03F0000000000807640F90F4940BD
:104D2000F90F49C0A7E8482EFF211940E5D022DB42
:104D3000F97E05C0A06DFBF709FD41EC100B03F0F7
:104D400047F8B0EE408A94ED0C0AF0EE608AB1EEBE
:104D5000400A10EE100AFBF7F9FC53EC182BFBF796
:104D6000C9FB53EC192BFBF71EFB41EC180B6068D9
:104D7000FBF7ECFC53EC182BFBF715FBFBF72AFDBC
:104D80006060BDEC108BBDE8F087000005F0BAFD57
:104D9000164C174E174D1848FFF79EFDFCF78AFA80
:104DA000C4E90201D4E90427821A61EB0703103435
:104DB00084E80F0030460021103CFBF79FFAFBF718
:104DC0007AFC00EE100AD5ED0C0A20EE200A84EDE4
:104DD000000A00EE100AD5ED0D0A012020EE200A8F
:104DE00084ED010A05F0FCFDD5E7000088010020F4
:104DF00040420F00A8030020100000202DE9F041E0
:104E000003680D4604461E6C03EB4511D1F8080BF0
:104E100094F806E04FF400474FF0200C04F29C4257
:104E2000BEF1010F09D0DFF898E0764539D10204D0
:104E300032D500BFC1F8087B3FE0224B5FEA007E1D
:104E400004D59E4239D90004F4D436E05FEA806E7E
:104E500002D5C1F808CB30E010F0280F2DD19E42CA
:104E600001D90004E6D405EBC50004EB8000D1F8BD
:104E7000101BD0F87432C1F31201591AC0F868122D
:104E800000F51570ADB903691BB1C2681144C1606A
:104E90000FE0012120680AE080060AD5C1F808CB9E
:104EA00007E035B9D4F8640218B90021184601F0BA
:104EB00017FBE9B22046FDF7BBFA0020BDE8F08100
:104EC0000A31544F0A30544F2DE9F84F0E4601EB8A
:104ED000C60100EB810481460568D4E90910143449
:104EE000884202D90120BDE8F88F081AA1688142E2
:104EF00000D20846C01C870805EB46181BE000BF1F
:104F0000A0EB010AA068504500D282460AF10300D6
:104F1000870899F8060000901FFA8AF3F2B2284633
:104F2000E16801F0C7FDE16801EB0A00E06061693A
:104F300001EB0A006061D8F8180980B2B84205D3C5
:104F4000D4E90401814201D20028D9D1D4E9040175
:104F5000884208D806F00F0101208840D5F834189F
:104F60008143C5F834180020BDE700002DE9F04169
:104F7000044600680025C168490618D4C16841F09C
:104F80008001C160FDF776F906464FF47A78042770
:104F900007E000BFFDF76EF9801B404501D9677738
:104FA00001252068C068400601D4002DF2D02846B3
:104FB000BDE8F08170B5044600680025C16821F0A5
:104FC0008001C16020688068800606D42046FEF714
:104FD000EFF910B1042060770125284670BD00006C
:104FE000F0B50C462DED028B85B000287ED00178FF
:104FF000A5297BD1017EAA2978D1417821708178B9
:10500000617000216D4601AE02AF421892F803C0F4
:1050100005F801C092F807C006F801C0D27A7A54A8
:10502000491C0429F1DB002103AD04AE4218D77CF2
:105030007754527D6A54491C0229F7DBC17B84F8FE
:105040003010017C84F82410417C84F83110354EF6
:10505000827C84F832203578B9EE000A6D1C3570F8
:10506000C07D84F82200DDED000A18B260EE800AEF
:10507000C4ED010ADDED010A20EE800ADFED2A0A07
:1050800084ED020A00EE100A9DED028AB8EEC00A15
:1050900084ED058A80EE201A00EE101AF2EE040A62
:1050A000B8EE400A84ED041A80EE201A00EE102AB1
:1050B000BDF810302384B8EE400ABDF80C30A3834D
:1050C00084ED0D1A80EE201A00EE100AF0EE000AB0
:1050D000B8EEC00A84ED0E1A84ED0A0A20EE200A0A
:1050E000143410EE100AFBF731FB00E016E09FEDE0
:1050F0000F1B53EC112BFBF7FDF99FED0E1B53EC2F
:10510000112BFBF769FAFBF765FB00EE100A0B4861
:1051100084ED060A38EE400A80ED150A05B0BDECB4
:10512000028BF0BD000300200000C8421F85EB5138
:10513000B81E09400000000000807640A80300204F
:10514000F8B515460E460B46009204460122022190
:1051500000F02CF8A0B9134813490068B0FBF1F037
:105160004FF47A71484300906068B0F5827F0DD1AA
:105170003346002280212046009500F017F870B1D8
:10518000606D40F0200060650320F8BD009830B1EC
:10519000401E009020688068C0430006F6D50020BD
:1051A000F8BD00000002002000366E012DE9F84332
:1051B0001E46914688460446089DFDF75BF8401B55
:1051C000351AFDF757F8074625480068C0F3CB307D
:1051D000684338E0701C37D0FDF74CF8C01BA8427C
:1051E00003D215B1009860B32CE02068416821F02B
:1051F000E00141606068B0F5827F0BD1A068B0F536
:10520000004F02D0B0F5806F04D12068016821F012
:1052100040010160A06AB0F5005F09D12068016813
:1052200021F4005101602068016841F400510160DF
:10523000012084F85100002084F850000320BDE8CC
:10524000F8830025401E00902068816838EA01003C
:1052500004D000214945BDD10020F0E70121F9E744
:10526000000200200178407841EA002070470120C8
:1052700005F0B6FBFBE7000030B587B014216846A7
:10528000FBF786F80E48016841F480710160006800
:10529000012200F480700B4D14030590214628462E
:1052A000FCF7E2FF0120CDE900400220029003203C
:1052B000039069462846FCF7DFFE07B030BD0000CA
:1052C00030380240001C024010B5502080F3118895
:1052D000BFF34F8FBFF36F8F06F096FE18B10449EE
:1052E0004FF080500860002080F3118810BD00004E
:1052F00004ED00E030B593B030216846FBF748F884
:1053000014210CA8FBF744F81D480025016841F062
:1053100080510160006800F08050119019480168C8
:1053200041F4804101600068022400F48040119043
:1053300001200090000401908001CDE90640062084
:105340000890A820CDE9090407200B906846FDF7D6
:105350000DFE08B172B6FEE70CA90F2081E83100FE
:105360004FF4A0500F904FF48050109005210CA8DE
:10537000FDF7EAFC002801D072B6FEE713B030BD9D
:1053800040380240007000400248016841F470015A
:105390000160704788ED00E00148FEF7F0BA0000B8
:1053A000900F0020F0B50268294C2A4D2A4E2B4F51
:1053B0002B4B4FF0804CA04209D0604507D0A8424B
:1053C00005D0B04203D0B84201D0984204D122F0B7
:1053D000700E4A6842EA0E02A0421BD0604519D006
:1053E000A84217D0B04215D0B84213D0984211D07D
:1053F0001C4DA8420ED01C4DA8420BD01B4DA842FC
:1054000008D01B4DA84205D01A4DA84202D01A4D13
:10541000A84203D122F44075CA682A434D6922F09C
:1054200080022A4302608A68C2620A688262A042DD
:1054300001D0984201D109690163012141610169EB
:10544000C90703D0016921F001010161F0BD00002D
:10545000000001400004004000080040000C004033
:105460000004014000400140004401400048014068
:1054700000180040001C004000200040F0B5036A06
:10548000026A22F00102026242688469124E24F02C
:1054900073050C682C4323F002058B682B430D4DDC
:1054A000A84201D0B04205D123F00807CB683B43A6
:1054B00023F00403A84201D0B04205D14D6922F483
:1054C000407215438A692A43426084614968416396
:1054D0000362F0BD0000014000040140F0B5026A23
:1054E000036A23F010030362436884690D6824F49F
:1054F000E64444EA05248D6822F0200242EA0512BF
:105500000F4D104EA84201D0B04206D1CF6822F014
:10551000800242EA071222F04002A84201D0B042C3
:1055200007D14D6923F4406343EA85038D6943EA5B
:10553000850343608461496881630262F0BD0000B5
:105540000000014000040140F0B5026A036A23F440
:10555000807303624368C46922F4007224F0730507
:105560000C68124E2C438D6842EA05220E4DA8426B
:1055700001D0B04206D1CF6822F4006242EA07228D
:1055800022F48062A84201D0B04207D14D6923F4D1
:10559000405343EA05138D6943EA05134360C46130
:1055A0004968C1630262F0BD00000140000401408F
:1055B00030B5046A026A22F4805202624268C3690A
:1055C0000D6823F4E64343EA05238D6824F4005470
:1055D00044EA0534084DA84202D0084DA84204D13F
:1055E0004D6922F4804242EA85124260C3614968F3
:1055F0000164046230BD000000000140000401406D
:1056000010B5806B0021C185C184FEF791FB10BDF0
:1056100070B5846B2068406994F84110C0F3C010E5
:105620000025212904D118B1E584204600F08EF828
:105630002068406994F84210C0F38010222904D1F8
:1056400018B1E585204600F05AF8606C40F0100073
:1056500060642046FEF76CFB70BD10B50146806BA0
:10566000096809684FF00002C9052ED4C285016897
:105670000C3151E8003F23F4807341E80034002CE2
:10568000F5D10168143151E8003F23F0010341E8EE
:105690000034002CF5D10168143151E8003F23F0AB
:1056A000400341E80034002CF5D1202180F842105D
:1056B000016B012909D101680C3151E8003F23F049
:1056C000100341E80034002CF5D14263016B01293D
:1056D00002D0FEF7C1FD10BD818DFEF7DEFA10BDD0
:1056E00010B5806B01214163016B012902D0FEF7E7
:1056F000B4FD10BD818D4908FEF7CFFA10BD0168D9
:105700000C3151E8002F22F4907241E80023002B65
:10571000F5D10168143151E8002F22F0010241E86F
:105720000023002BF5D1016B012909D101680C314F
:1057300051E8002F22F0100241E80023002BF5D1A0
:10574000202180F8421000210163704701680C316C
:1057500051E8002F22F0C00241E80023002BF5D1D0
:10576000202180F84110704708B590F84210222996
:1057700001D0022008BD82684FF480539A4201D1C3
:10578000016921B1816A9A421BD04AB10AE00268DC
:10579000816A5268C2F308020A80816A891C08E0A3
:1057A000026972B10268526802F07F020A70816A6F
:1057B000491C8162C18D491E0904090CC18503D0B1
:1057C0001BE002685268F1E70168CA6822F0200213
:1057D000CA600168CA6822F48072CA6001684A69B6
:1057E00022F001024A61202180F842100021416329
:1057F000026B012A03D0FEF72FFD002008BD0163D4
:1058000001680C3151E8002F22F0100241E800231A
:10581000002BF5D101680A68D20602D50A684968EA
:105820000091818DFEF739FAE7E7000070B5044674
:1058300000680169E26821F4405111430161216966
:10584000A068E26908436169114308432168CA6896
:1058500049F20C639A430243CA6020684169A26915
:1058600021F440711143416131492068884202D0DE
:105870003049884202D1FDF737FB01E0FDF724FBF8
:10588000E2690023192164253226B2F5004F6268CF
:1058900028D0A0FB0101930F9200FAF72FFD0146DB
:1058A000B0FBF5F06FF01802504301EB800006EBFF
:1058B0000010B0FBF5F000F0F002B1FBF5F002EBE8
:1058C0000012B1FBF5F06FF01803584301EB8000B4
:1058D00006EB0010B0FBF5F000F00F00216810445B
:1058E000886070BDA0FB010192185B41FAF706FDCC
:1058F0000146B0FBF5F00201B1FBF5F06FF01803C3
:10590000584301EB800006EBC000B0FBF5F000F05F
:10591000F80002EB4002B1FBF5F0584301EB8000C8
:1059200006EBC000B0FBF5F000F00700D6E7000082
:10593000001001400014014038B5816204468285A0
:10594000002013466064222284F84220E56B1B4A43
:10595000EA63E56B1A4A2A64E56B1A4AEA64E26B69
:1059600010650A462168E06B091DFCF72DFB2068D5
:10597000016840680090206948B120680C3050E808
:10598000001F41F4807140E80012002AF5D1206820
:10599000143050E8001F41F0010140E80012002AD5
:1059A000F5D12068143050E8001F41F0400140E874
:1059B0000012002AF5D1002038BD00005B56000817
:1059C000E1560008115600082DE9F843984617469D
:1059D0000D460446089E24E0701C22D0FCF74AFCC9
:1059E000A0EB0800B0421AD8CEB12068C1684907C0
:1059F00017D5802D15D0402D13D00168C943090754
:105A00000FD401680025406800902046FFF777FE1C
:105A10000820606484F840500120BDE8F88303202A
:105A2000FBE72068006835EA000004D00020B84297
:105A3000D2D00020F1E70120F9E7000038B5154C7D
:105A4000154D6068401C606028680168C9061CD557
:105A5000C168C90619D501684168016840680090AD
:105A60002846FEF71BF9E86B0068416889B221807F
:105A70004068A0604B2903D108490948FFF7B0FAF4
:105A8000642207490448FEF7D9FBBDE838400248C4
:105A9000FEF750B9E8010020380D0020685B0020B7
:105AA000045B002038B5FCF7E5FB2849486008692D
:105AB000401C0861264800680268920603D5016808
:105AC0004068009038BD234A1268D206FAD50268B1
:105AD000406800902048026813681C0314684FF067
:105AE000240324F00104146016D404686268C2F12F
:105AF000240292B24A80636001680B6843F4002379
:105B00000B600068016841F001010160122AD9D1DF
:105B1000124901F1600015E002685468C4F12404E0
:105B2000A4B24C8053600E498A6A22F400228A6231
:105B30000068016841F001010160122CC2D10749DF
:105B400001F18400BDE8384005F002BA08030020E6
:105B5000800D002000480040D00E0020A45B0020F3
:105B60000060024010B5D0F8B82200245268904777
:105B700000B10324204610BD00207047002070476C
:105B8000134610B50A46002100F0B6F9002010BDFA
:105B9000134610B50A46002100F04EFA002010BD51
:105BA00010B50446802100F031FA2046BDE81040CF
:105BB000002100F02BBA10B50521C0F89412002383
:105BC0001A46194600F098F9002010BD10B50223BE
:105BD000C0F8943282611346C2610A46002100F087
:105BE0002BFA002010BD10B50421C0F89412002338
:105BF0001A46194600F020FA002010BDF8B50446F8
:105C00000020ADF8000048880D46010A08295FD23F
:105C1000DFE801F05E0409175E5E3C45D4F8B4127B
:105C2000207C0A6819E0207C02260028D4F8B802FB
:105C300005D0C16A684688470146467039E0816AE6
:105C4000F8E7C0B2062843D2DFE800F0030A1014D8
:105C5000181CD4F8B402426805E0694690471CE07D
:105C6000D4F8B402826892B3207CF6E7D4F8B40288
:105C7000C268F8E7D4F8B4020269F4E7D4F8B402D1
:105C80004269F0E7D4F8B4028269ECE7207CF0B90D
:105C9000D4F8B802416B68468847014609E0207C89
:105CA000A8B9D4F8B802016B6846884701460720B6
:105CB0004870EA888AB1BDF8000040B1824200D93C
:105CC0000246ADF800202046FFF780FFF8BDFFE751
:105CD00029462046FFF764FFF8E72046FFF783FFD9
:105CE000F4E701004FF0000004D0012901D002299F
:105CF00001D0032070470120704710B5D0F8C802CA
:105D0000FCF7B3FBBDE81040FFF7EBBF2DE9F04116
:105D100017460446002521B194F89C02032842D07E
:105D20004CE0D4F8941204F11400022935D1D0E9E2
:105D300002639E4206D9F21A826039462046FFF776
:105D400027FF0FE0B34214D14068984211D3D4F832
:105D5000981288420DD2002211462046FFF718FF04
:105D6000C4F8985200231A461946204600F0C4F899
:105D700013E094F89C02032808D1D4F8B802C16853
:105D800021B1C4F8D452C1682046884780212046FA
:105D900000F03CF92046FFF70EFF94F8A00268B12E
:105DA00084F8A0520AE0D4F8B802426932B1C4F8CB
:105DB000D452426920469047002800D10020BDE817
:105DC000F08170B513460446002221B194F89C027C
:105DD000032830D03AE0D4F8941204F5AA700329CD
:105DE00034D1D0E902518D420AD96A1A826008463C
:105DF000824200D3024619462046FFF7C1FE25E045
:105E000094F8AA0210F01F0003D0012802D0022843
:105E100000D0002294F89C02032808D1D4F8B802DC
:105E2000016921B1C4F8D42201692046884720467F
:105E3000FFF7D9FE0AE0D4F8B802836933B1C4F899
:105E4000D422826920469047002800D1002070BDEE
:105E50000020704710B50024012180F89C12D0F872
:105E6000B82222B152680179904700B1032420463C
:105E700010BD0A0601F07F01D0F8C80201EBC10194
:105E800000EB810001D5807D704790F85602704785
:105E900010B5D0F8D42200EB8202D2F8B82222B199
:105EA00090F89C32032B02D004E0032010BD126A4C
:105EB00002B19047002010BD10B5D0F8D42200EBFD
:105EC0008202D2F8B82222B190F89C32032B02D081
:105ED00004E0032010BD526A02B19047002010BDBB
:105EE00010B51C461346D0F8C8022246FCF7EAFA61
:105EF000BDE81040FFF7F5BE10B5D0F8C802FCF7BA
:105F000010FBBDE81040FFF7ECBE2DE9F041002684
:105F10000125044680F89C52C4F894626660C4F877
:105F2000A46280F8A062D0F8B80230B1426822B111
:105F300000212046904700B103260022402311464D
:105F40002046FFF7CDFF4027A4F864513B460022CE
:105F500080212046C4F86071FFF7C2FFA584304657
:105F60002762BDE8F08190F89C12042903D190F8D3
:105F70009D1280F89C120020704710B590F89C127A
:105F8000032905D1D0F8B81211B1C96901B1884708
:105F9000002010BD01740020704710B5D0F8C80271
:105FA000FCF702FEBDE81040FFF79BBE70B504464B
:105FB00000F2AA20054600F048F80120C4F8940237
:105FC000B4F8B002C4F8980294F8AA0210F01F01C5
:105FD0000AD001290ED0022912D000F080012046FB
:105FE000BDE8704000F012B829462046BDE8704078
:105FF00000F0A8B829462046BDE8704000F0E8B996
:1060000029462046BDE8704000F032B910B5D0F8FE
:10601000C802FCF7A2FABDE81040FFF762BE90F894
:106020009C12042903D090F89C1280F89D12042140
:1060300080F89C120020704710B5D0F8C802FCF719
:10604000C5FABDE81040FFF74CBE70B5054611F823
:10605000010B2870087868704C1C2046FFF702F985
:106060006880A41C2046FFF7FDF8A880A01CFFF75D
:10607000F9F8E88070BD02460020D2F8B832002B53
:1060800002D01B6810461847704700002DE9F04108
:1060900088462B4E8978002504463170012906D99F
:1060A00041462046FFF77CFD0320BDE8F08194F8CF
:1060B0009C02022702280CD003281DD0414620460E
:1060C000FFF76EFD31782046FFF74CFD032528468B
:1060D000EBE789B320466160FFF7CDFF050004D0F0
:1060E00041462046FFF75CFD1DE02046FFF77BFDA3
:1060F000032084F89C02EAE7C1B1606888421BD0A3
:10610000C1B22046FFF72EFD317820466160FFF7CF
:10611000B2FF050010D041462046FFF741FD21792E
:106120002046FFF71FFD84F89C72D0E784F89C722C
:1061300020466160FFF716FD2046FFF754FDC6E7D5
:106140006C0200202DE9F0410A78002512F060026F
:106150000CD0202A01D0402A7DD1D0F8D42200EBE7
:106160008202D2F8B8229268904731E04B78002240
:1061700001260A2B6FD2DFE803F041666E586E08E5
:10618000056E2D29FFF73AFD67E004468888D8B9E7
:10619000C888C8B94888802816D200F07F0794F8CC
:1061A0009C02032810D084F89E7239462046FFF7DF
:1061B000F4FE2046FFF717FD1FB1022084F89C0271
:1061C0004BE084F89C6248E0204644E0FFF75EFF25
:1061D000054642E0CB88012B3DD190F89C32012B43
:1061E00004D0022B02D0032B35D104E082600122BF
:1061F00000F1080116E00122011D13E090F89C2235
:10620000012A03D0022A01D0032A24D1CA88022AF3
:1062100021D1C660D0F8A41209B10321C1600222C5
:1062200000F10C01FFF7D2FC17E04A88012A02D0E6
:10623000022A03D00FE0C0F8A46216E08988090A98
:1062400080F8A01211E090F89C32012B08D0022BAC
:1062500006D0032B04D0FFF7A3FC2846BDE8F0814D
:1062600049880129F9D1C0F8A422FFF7BCFCF4E762
:106270002DE9F041054608780C790E464FF00008EC
:1062800010F060000BD0202801D040286AD12146B0
:106290002846FFF771FCFF2800D0D8B395E070784E
:1062A000C8B3012824D003285CD195F89C020228A9
:1062B00002D0032856D10CE0002C53D0802C51D0B2
:1062C00021462846FFF7A2FE80212846FFF79EFEC2
:1062D0007BE0708840B93CB1802C05D0C88818B9E3
:1062E00021462846FFF792FE2846FFF77CFC6CE02B
:1062F00095F89C020228DFD0032863D1708880BB08
:10630000600603D021462846FFF7F7FC2846FFF732
:106310006AFCBCE700E00AE0C5F8D402D5F8B80290
:106320008268F2B131462846904780464DE095F8A4
:106330009C020027022802D0032843D113E00CB1AD
:10634000802C3FD1200604F07F0000EB800005EB9D
:10635000800101D5143101E001F5AA7102220F601C
:106360002CE032E02EE0200604F00F0000EB80006D
:1063700005EB800009D5808C20B304F07F0000EB92
:10638000800005EB800614360AE0B0F86401C8B15D
:1063900004F07F0000EB800005EB800606F5AA768E
:1063A0004CB1802C07D021462846FFF762FD10B182
:1063B0000120306000E03760022231462846FFF7B6
:1063C00005FC02E02846FFF7EBFB4046BDE8F08104
:1063D00070B50546087800240E4610F0600003D022
:1063E000202801D0402827D195F89C02012803D00D
:1063F000022801D003281FD1B088C1B201291AD8C0
:10640000C1B22846FFF7BAFBFF280CD058B9D5F81F
:10641000B8128A683AB1C5F8D4028A68314628466B
:106420009047044600E00324F088204307D1284623
:10643000FFF7D9FB03E031462846FFF7B1FB2046C2
:1064400070BD000070B50A78012302F00F054E7888
:10645000AB401B4CD0F81C58012E17D045EA034323
:10646000C0F81C3800EB4210D0F8002B12040BD4FB
:10647000D0F8002B0B890979C3F30A031A4344EAC5
:1064800081410A43C0F8002B002070BD9BB21D4320
:10649000C0F81C5800EB4210D0F800391B04F3D4AC
:1064A000D0F800390D890979C5F30A0589042B4311
:1064B00041EA82510B432343C0F80039E4E700006E
:1064C00000800010D0F800196FF30A01C0F800191D
:1064D000D0F8041841F48071C0F804180020704707
:1064E00010B5036C134CA34203D9D0F8003B002B2A
:1064F0001EDB0023C0F8103BD0F8103B43F4002310
:10650000C0F8103BD0F8103B43F01803C0F8103B24
:10651000D0F8103B43F0C043C0F8103B012907D12D
:10652000C0F8142BD0F8001B41F08021C0F8001BEC
:10653000002010BD0A30544F4A780B78012A00EB36
:1065400043100BD0D0F8002B22F40012C0F8002B1F
:106550000979032914D0022912D017E0D0F80029B4
:1065600022F40012C0F800290979032901D0022978
:106570000CD1D0F8001941F08051C0F8001905E0A5
:10658000D0F8001B41F08051C0F8001B002070477C
:106590000A784B78D1B200EB4110012B12D0D0F821
:1065A000001B002906DB2AB1D0F8001B21F0804136
:1065B000C0F8001BD0F8001B41F40011C0F8001B0C
:1065C00000207047D0F80019002906DB2AB1D0F866
:1065D000001921F08041C0F80019D0F8001941F4E9
:1065E0000011C0F80019EBE7F8B50C784F78894D29
:1065F000E3B26FF0604600EB4313012F29D0D3F8CC
:10660000107B6FF31207C3F8107BD3F8107B2F4079
:10661000C3F8107B002C0C697DD0002C7CD08D68D9
:106620002C44641EB4FBF5F4A4B265430D62D3F8A8
:10663000105B06EAC4442543C3F8105BD3F8104B43
:106640000D6AC5F312052C43C3F8104B012A7DD007
:10665000C7E00F6927B3D3F810796FF31207C3F8B7
:106660001079D3F810792F40C3F8107944B30F692B
:106670008D682F447F1EB7FBF5F506EAC545D3F8B4
:1066800010693543C3F81059D3F810590E69C6F391
:1066900012063543C3F810590D79012D1CD027E09F
:1066A000D3F810692E40C3F81069D3F8105945F497
:1066B0000025C3F81059D3F810596FF3120515E0EF
:1066C0000E698D68AE4200D90D61D0F8105945F4BD
:1066D0000026C0F81069D7E7D3F8105925F0C04557
:1066E000C3F81059D3F8105945F00055C3F81059A4
:1066F000012A1AD000EB4413D3F8004944F00444B3
:10670000C3F800490C79012C32D00A697AB3D0F869
:106710003428097801E040E052E001F00F03012144
:1067200099400A43C0F8342871E0CA691AB100EBF5
:106730004413C3F814290979012910D1D0F8081895
:10674000C90500EB4411D1F8002900E045E002D46E
:1067500042F0005201E042F08052C1F8002900EB03
:106760004410D0F8001941F00441C0F800194EE07F
:10677000D0F80848E405D3F8004902D444F00054A6
:1067800001E044F08054C3F8004900920A8A93B2B1
:106790000A78C96800F08EF939E00CB18C680C6198
:1067A0008C680C62D0F8105BC4F312042543C0F867
:1067B000105BD0F8104B44F40024C0F8104B45E7B0
:1067C000D3F8104B8D68C5F312052C43C3F8104B5A
:1067D000D3F8104B44F4002436E7CA680AB1C3F872
:1067E000142B097901290CD1D0F80808C005D3F879
:1067F000000B02D440F0005001E040F08050C3F89C
:10680000000BD3F8000B40F00440C3F8000B00204D
:10681000F8BD0000FFFF07E038B5002200921346E4
:106820004D780A7842F2107400EB4212012D19D013
:10683000D2F8005B002D3CDAD2F8005B45F0006531
:10684000C2F8005B0A7800EB4212D2F8005B45F018
:106850008045C2F8005B009A521C0092A24221D9E6
:10686000012326E0D2F80059002D22DAD2F800598F
:1068700045F00065C2F800590A7800EB4212D2F8E0
:10688000005945F08045C2F80059009A521C009208
:10689000A242E5D80A7800EB4212D2F80029002A79
:1068A000F3DB06E00A7800EB4212D2F8002B002A54
:1068B000D1DB184638BD18B500224FF07063009246
:1068C000009C641C00949C420CD80469002CF7DAEC
:1068D0000092202242EA811101610099491C009135
:1068E000994201D9032018BD01698906F5D4002019
:1068F00018BDD0F8080810F0060004D0022803D014
:10690000062801D00F20704702207047406900F030
:1069100001007047D0F81818D0F81C08084080B261
:106920007047D0F81818D0F81C080840000C7047C1
:1069300010B5D0F81038D0F8342801F00F0400EB6F
:106940004110E24002F00102D0F8080943EAC21205
:10695000104010BD00EB4111D1F8081BD0F814080D
:1069600008407047416980690840704730B5034668
:106970000846940802F00301002203F5805303E067
:106980001D6840F8045B521CA242F9D300290BD0C9
:106990001C680022D50024FA05F3491E521C090484
:1069A00000F8013B090CF5D130BDD0F8002822F4E5
:1069B000FE62C0F80028D0F800284FF4FE6303EA16
:1069C00001110A43C0F8002800207047022A3ED176
:1069D000264A274B0A449A4201D20F2138E0254A21
:1069E000254B0A449A4201D20E2131E0234A244B1E
:1069F0000A449A4201D20D212AE0224A224B0A443B
:106A00009A4201D20C2123E0204A214B0A449A42A7
:106A100001D20B211CE01F4A1F4B0A449A4201D2AB
:106A20000A2115E01D4A1E4B0A449A420FD31D4A03
:106A30001D4B0A449A4201D2082109E01B4A114425
:106A40001B4A914201D2072102E0062100E0092100
:106A5000C26822F47052C260C2684FF4705303EAF5
:106A600081210A43C260002070470000405327FF85
:106A700000350C00401E1BFF40420F0000DC0BFFE6
:106A8000804F1200808CF9FE20D6130060B6E5FE20
:106A900060E3160000D3CEFE40771B00C05BB3FE60
:106AA000C091210000CA91FE20753800E05459FEC3
:106AB000E09C410010B5029C74B9DB1C9C0800EB03
:106AC0000230002300F5805004E000BF51F8042B91
:106AD00002605B1CA342F9D3002010BDFEE700005A
:106AE000F0B52049204F2148CA687E42BA4203DAF5
:106AF00043695B1C436104E0B24202DD83695B1CB5
:106B000083611A4B02F516744FF4966CDB69644589
:106B10000ED8BB4206DBB3420ADC00250D7485614A
:106B2000456105E045691E2D02DA03230B740FE071
:106B3000BA4204DA4569142D01DB01250D74644560
:106B400006D8B34204DD83691E2B01DA042305E075
:106B5000B24204DD8369142B01DB02230B74C26192
:106B6000F0BD0000A45B0020A8FDFFFF080300208B
:106B70000FB4054B10B503A9044A029801F004FFB5
:106B800010BC5DF814FB000009A7000854030020A6
:106B900003B401984100009850EAC12018BF0420B6
:106BA0004A0D18BF40F0010040F2FF72B2EB515F96
:106BB00008BF40F00200012808BF052002B070475E
:106BC0000907090E002804DB00F1E02080F800141A
:106BD000704700F00F0000F1E02080F8141D7047AE
:106BE00070B59B482DED020B2DED068B079D25F012
:106BF0000044A04218DC9748844202DC0AD106987F
:106C000040B19DED060BBDEC068B02B0BDE87040B7
:106C100001F09EBD002DCCBF9FED8F0B9FED900B23
:106C2000BDEC068B02B070BD8F48A04215DD8F48C9
:106C3000A042D8BF4FF0FF3458DD9DED060B51EC5C
:106C4000100BFFF7A5FF042808BF01F0B5FD9DED6F
:106C5000060BBDEC068B02B070BD9DED060B51EC32
:106C6000100B03F03BFDCDE9060181489FED828BBF
:106C7000A0423CDD8248A0421FDD00249FED82AB94
:106C80009DED060B53EC1A2B51EC100BF9F78BFB17
:106C90009DED060B41EC190B53EC1A2B51EC100B2C
:106CA000F9F728FC53EC182BF9F71EFC53EC192BC1
:106CB000F9F792FCCDE9060149E09DED060B0124B0
:106CC00053EC182B51EC100BF9F76DFB9DED060BF7
:106CD00041EC190B53EC182B51EC100BF9F704FC99
:106CE00053EC192BF9F778FCCDE906012FE0684841
:106CF000A0421FDD02249FED689B9DED060B53EC27
:106D0000192B51EC100BF9F7F5FB53EC182BF9F795
:106D10004AFB9DED060B41EC180B53EC192B51EC83
:106D2000100BF9F7E1FB53EC182BF9F755FCCDE903
:106D300006010CE09DED060B032453EC102B9FED98
:106D4000580B51EC100BF9F747FCCDE906019DED0E
:106D5000060B53EC102B51EC100BF9F7CBFB41EC6D
:106D6000180B53EC182BF9F7C5FB41EC190B4E48E7
:106D70000621B0EE490AF0EE690A784401F0BCFB46
:106D800053EC182B51EC100BF9F7B4FB41EC180B3A
:106D90004648B0EE490AF0EE690A0521784401F050
:106DA000ABFB53EC192B51EC100BF9F7A3FB41ECA7
:106DB000100B51EC180B53EC102B002C0EDAF9F7DA
:106DC000F2FA9DED061B53EC112BF9F793FB9DEDA9
:106DD000061B53EC112BF9F78AFB35E0F9F7E3FAC0
:106DE0009DED061B53EC112BF9F784FB41EC100BC6
:106DF0002F48784400EBC40090ED001B51EC100BC1
:106E000053EC112BF9F770FB9DED061B53EC112B86
:106E1000F9F76AFB41EC100B2648784400EBC400FC
:106E200090ED001B51EC100B53EC112BF9F75FFBAD
:106E300041EC100B002DA2BFBDEC068B02B070BD63
:106E400051EC100B81F0004141EC100B01E7000008
:106E5000000010440000F07F182D4454FB21F93F3E
:106E6000182D4454FB21F9BF0000DC3F0000203EF8
:106E70000000F33F00000000000000000000F03FB1
:106E80000000E63F0000000000000000000000409D
:106E90000080034000000000000000000000F83FF8
:106EA000000000000000F0BFF25D0000A85D0000DF
:106EB000325D0000EA5C000070B56F4E2DED040BF2
:106EC0002DED048B82B0DDF824C0DDE907235C42A0
:106ED0002CF000411C4341EAD474069D22F000408E
:106EE000B44205D86C422C4340EAD474B4420BD966
:106EF0009DED081B9DED060B02B0BDEC048B04B0AC
:106F0000BDE8704001F02EBCACF14054A4F17F64A8
:106F10001C430BD0022404EAAC7444EAD274054347
:106F20009FED578B9FED582B07D015E09DED060B7D
:106F300051EC100B02F0C0F842E0002C11BF012C04
:106F40009DED060B02B0BDEC048B04BF04B070BD18
:106F5000022C38D0032C3BD00B439FED4D1B9FEDF3
:106F60004E0B0AD0B14218D1B04209D121F0804174
:106F700020F08040099107900FE0002A15DA10E018
:106F8000474B7B44002C08BF93ED000B0DD0012C28
:106F900010D0022C17D0032C1AD0B0421DD1002AD9
:106FA00003DAB0EE410AF0EE610A02B0BDEC048BE8
:106FB00004B070BD93ED000B51EC100B81F000415B
:106FC00041EC100BF1E7B0EE480AF0EE680AECE78E
:106FD000B0EE420AF0EE620AE7E7401A00159FEDB4
:106FE000329B3C28C8BF8DED000B17DCBCF1000FB5
:106FF000BCBF10F13C0F8DED009B0FDB9DED080B2E
:1070000053EC102B9DED060B51EC100BF9F7E4FA45
:1070100003F064FB02F050F8CDE90001B4B1012C9B
:1070200010D0022C9FED220B53EC102B9DED000B8A
:1070300051EC100B19D0F9F757FA53EC182BF9F75C
:1070400053FABDE7019880F0004001909DED000BE0
:1070500053EC192B51EC100BF9F78CFB04BF0220F9
:1070600001F0CAFB9DED000B9FE7F9F73DFA53ECE9
:10707000182BF9F73CFAA3E70000F07F00000000AE
:10708000182D4454FB210940182D4454FB2109C0FC
:10709000182D4454FB21F9BF182D4454FB21F93F0E
:1070A0004A5C00000000000000000000000000003A
:1070B000075C143326A6A13C10B52F499FED2C1B6D
:1070C0002DED020B84B0059820F000408842D8BF17
:1070D0009DED040B2DDD2949884209D1049840B962
:1070E0004FF0010001F088FB01F046FB06B010BD37
:1070F00005DB9DED040B01F02BFB06B010BD6846CF
:107100009DED040B00F024FF10F0030004BF9DED83
:10711000021B9DED000B0CD001280ED09DED021B33
:107120009DED000B022817D0012001F061FA06B096
:1071300010BD01F029F906B010BD9DED021B9DEDBB
:10714000000B012001F054FA51EC100B81F00041CA
:1071500006B041EC100B10BD01F016F951EC100B0C
:1071600081F0004106B041EC100B10BD00000000A2
:107170000000000000000000FB21E93F0000F07F5C
:107180002DE9F04D2DED040B2DED0E8B96B0DDE9C4
:107190002550279CDDF890A025F0004624F00048FB
:1071A000BAF1000F14BF0121002101EB4502FC4997
:1071B00053184A1093422AD3002814BF01230023F6
:1071C00003EB44030B44F7498B4220D358EA0001F8
:1071D0009FEDF59B76D0DFF8D8B35D4503D1BAF1CA
:1071E000000F05D188E0BAF1000F08BF002100D0E0
:1071F000012101EB450111F5001F08D8002814BF3B
:107200000121002101EB440111F5001F0BD99DED77
:10721000261B9DED240B16B0BDEC0E8B04B0BDE813
:10722000F04D01F09FBA0027002DBCBFE149884511
:1072300021DAE1498845A8BF02271CDAC3451ADCD8
:10724000DE4901EB2851142908DDC1F1340220FA8E
:1072500002F101FA02F282420DD108E058B9C1F1FF
:10726000140228FA02F101FA02F2424503D101F0B8
:107270000101C1F1020756EA0A0124D1002C22DAE9
:10728000002D18BF022F01D0012F0AD0022001F0DB
:10729000B3FA16B0BDEC0E8B04B0BDE8F04D01F0B2
:1072A0003FBA022001F0A8FA01F03AFA51EC100BB3
:1072B00081F0004141EC100B16B0BDEC0E8B04B018
:1072C000BDE8F08D18E09FEDBEAB9FEDBF8B0028B1
:1072D00071D1B848804522D105F1804010F5801069
:1072E00008BFBAF1000F07D0B3450ADC002CA8BFD5
:1072F0009DED260BE0DA0DE0B0EE490AF0EE690AEA
:10730000DAE7002C06DA9DED260B51EC100B81F02C
:1073100000416FE0AE48784490ED000BCCE7D845D3
:107320004DD1002C48DA2EB186423AD1BAF1000F85
:1073300042D126E0BAF1000F13D0022001F05CFA2E
:1073400001F02AFA8DED020B9DED240B8DED000B63
:1073500010EE900A039961F31E0003909DED020B5D
:10736000AAE78DED02AB9DED240B1AEE901A10EEFC
:10737000900A8DED000B61F31E0003909DED020B52
:107380009AE78DED028B9DED240B18EE901A10EE0E
:10739000900A8DED000B61F31E0003909DED020B32
:1073A0008AE709DA9DED240B51EC190B53EC102BF5
:1073B000F9F712F91EE020E09DED240B7CE78642F0
:1073C0001BDAB4F1804F0DD0A4F10050B0F1FF50A2
:1073D00013D1002D11DB9DED240B51EC100B04F0AB
:1073E00019F907E09DED240B53EC102B51EC100B19
:1073F00000F0C2BC41EC100B5EE79DED240B51EC9C
:10740000100B03F06BF9BAF1000FCDE90E0142D178
:107410009FED710B46B3A6F1E040B0F17F600CD058
:107420005E4538D1002D00DAA7B3022F0CBF012032
:107430004FF0FF30F9F74DF9DCE7002D01DD002CAE
:107440000DDA002D01DD002C1FDB002D16DA002CDB
:1074500014DB012F08BF9FED620B3FF42DAFB0EEA0
:107460004A0AF0EE6A0A27E7022F18BF002D0CD057
:10747000012F0AD1002DFFF61FAF06E0002DB8BF87
:10748000002C08DA012F3FF417AFB0EE480AF0EEF7
:10749000680A11E71BE0012000EBE57050EA0701E4
:1074A00015D0791EB0EE498AF0EE698A084308BF0C
:1074B0009FED4D8B4E480025804570DD4D494E486F
:1074C000884514DDB0420DDB002C19DB2FE00120D4
:1074D00001F092F916B0BDEC0E8B04B0BDE8F04D92
:1074E00001F04AB9B34502DC002C09DC1FE08642FA
:1074F00002DA002C1BDA03E05E452BDD002C16DDE2
:10750000022001F079F901F047F98DED020B53ECFF
:107510001A2B51EC180BF8F7EDFFCDE90001039998
:10752000019861F31E0003909DED020BC4E602205A
:1075300001F062F901F040F910EE901A18EE900A8D
:107540008DED020B8DED008B61F31E0003909DED20
:10755000020BB1E69DED0E0B53EC192B51EC100B09
:10756000F8F7C2FF9FED260BCDE9080153EC102B75
:107570009DED080B51EC100BF8F7BCFF9FED221BA3
:1075800053EC112BF8F7B3FF9DED081B53EC112BB7
:10759000F8F7B0FF9FED1E1B53EC112B3CE08CE085
:1075A000FFFF1F00FFFF0F00000000000000F03F82
:1075B0000000F03F0000F07F0000404301FCFFFFAF
:1075C000000000000000F07F00000000000000004C
:1075D000B65800000000000000000000000000801D
:1075E000000000000000F0FF000000000000F0BFFD
:1075F0000000E0410000F043FFFFEF3F000000000B
:10760000000000000000D03F555555555555D53F59
:10761000000000000000E03FF8F769FF9DED080B57
:1076200041EC1A0B53EC102B51EC100BF8F762FFE6
:1076300053EC1A2BF8F75EFF41EC1A0B9FEDFE0B93
:1076400053EC102B9DED080B51EC100BF8F752FF8B
:1076500041EC1B0B9FEDFA0B51EC1A0B53EC102B6A
:10766000F8F748FF41EC1A0B9FEDF70B53EC102B8A
:107670009DED080B51EC100BF8F73CFF53EC1A2B67
:10768000F8F732FF41EC1A0B51EC1B0B53EC1A2BA1
:10769000F8F789FE0690CDE906519DED060B53ECF7
:1076A0001B2B51EC100BF8F71FFF53EC1A2BF8F7BC
:1076B0001EFF41EC100B00F0A1B90020B6F5801FB1
:1076C0000EDA9FEDE30B53EC102B9DED0E0B51ECFE
:1076D000100BF8F70FFFCDE90E016FF034000E46E6
:1076E00000EB2650A0F2FF37C6F31300DA4940F052
:1076F0007F6646F040568842D8BF002408DDD7494F
:107700008142C8BF012403DC0024A6F580167F1C3B
:10771000D348784400EBC4000F9690ED00CB9DED6C
:107720000E0B53EC1C2B51EC100BF8F7DDFE9DED0E
:107730000E0B41EC1B0B53EC1C2B51EC100BF8F710
:1077400032FE41EC100B51EC190B53EC102BF8F7F7
:1077500043FF41EC1D0B51EC1B0B53EC1D2BF8F7B9
:10776000C9FE41EC1A0BBF488DED10AB7844109563
:1077700090ED000B4FF0005040EA660000EB8440B3
:107780008DED080B00F5002009909DED080B53ECE2
:107790001C2B51EC100BF8F7A7FE9DED0E1B53ECC4
:1077A000112BF8F7A4FE41EC100B53EC102B9DEDC0
:1077B000100B51EC100BF8F79DFE9DED080B41EC02
:1077C0001C0B53EC102B9DED100B51EC100BF8F72C
:1077D00091FE53EC1B2BF8F78AFE53EC1C2BF8F7A9
:1077E00083FE53EC1D2BF8F785FE41EC1C0B53EC8C
:1077F0001A2B51EC1A0BF8F77DFE41EC1B0B9A4843
:107800000621B0EE4B0AF0EE6B0A784400F074FEED
:10781000B0EE401AF0EE601AB0EE41DAF0EE61DA46
:1078200053EC1B2B51EC1B0BF8F764FE53EC1D2B98
:10783000F8F760FE9DED100B41EC1B0B53EC1A2B7F
:1078400051EC100BF8F7AFFD53EC1C2BF8F752FE80
:1078500053EC1B2BF8F7A7FD9DED100B41EC1B0B18
:1078600053EC102B51EC100BF8F744FE41EC1D0BC0
:107870009FED7FEB53EC1E2BF8F795FD53EC1B2B84
:10788000F8F791FD0890CDE908519DED080B53ECF8
:107890001E2B51EC100BF8F727FE53EC1D2BF8F7BD
:1078A00023FE53EC1B2BF8F722FE9DED080B41EC59
:1078B0001D0B53EC102B9DED100B51EC100BF8F73A
:1078C00019FE41EC1B0B53EC1A2B51EC1D0BF8F776
:1078D00011FE9DED080B41EC1A0B53EC102B51ECF3
:1078E0001C0BF8F707FE53EC1A2BF8F75CFD41EC84
:1078F0001A0B51EC1B0B53EC1A2BF8F754FD0C90A0
:10790000CDE90C519DED0C0B53EC1B2B51EC100BE6
:10791000F8F7EAFD53EC1A2BF8F7E9FD41EC1B0BE5
:107920009FED550B53EC102B9DED0C0B51EC100BF8
:10793000F8F7E0FD41EC1A0B9FED510B51EC1B0BDE
:1079400053EC102BF8F7D6FD41EC1B0B9FED4E0BC3
:1079500053EC102B9DED0C0B51EC100BF8F7CAFDFE
:1079600053EC1B2BF8F71FFD41EC100B48487844F3
:1079700000EBC40090ED001B51EC100B53EC112BED
:10798000F8F711FD41EC1B0B3846F8F7A2FECDE9E4
:10799000080153EC1B2B51EC1A0BF8F704FD41ECDA
:1079A000100B3C48784400EBC40090ED00CB51EC48
:1079B000100B53EC1C2BF8F7F6FC9DED081B53EC59
:1079C000112BF8F7F0FC0690CDE906519DED080B60
:1079D00053EC102B9DED060B51EC100BF8F784FDCA
:1079E00053EC1C2BF8F780FD53EC1A2BF8F77CFDB9
:1079F00053EC1B2BF8F77BFD41EC100B9DED261B88
:107A000053EC102B8DED001B00959DED260B51ECDA
:107A1000100BF8F76FFD9DED000B41EC1A0B53ECCA
:107A2000102B9DED260B51EC100BF8F75DFD9DED35
:107A3000061B53EC112B2FE0000000604715F73FA9
:107A4000FE822B654715F73F44DF5DF80BAE543ED1
:107A500000000000000040438E9803007AB60B003F
:107A60006A53000060540000A252000000000000B1
:107A70000000000000000840000000E009C7EE3FE1
:107A8000FD033ADC09C7EE3FF5015B14E02F3EBE73
:107A90002E510000E8500000F8F72CFD53EC1A2B93
:107AA000F8F781FC9DED060B41EC1A0B53EC102B03
:107AB0009DED000B51EC100BF8F71CFDCDE90C010E
:107AC0009DED0C0B51EC1A0B53EC102BF8F76BFCE3
:107AD000CDE902010C46AA498C422FDB611A08430A
:107AE00018D19DED0C0B53EC102B9DED020B51ECBE
:107AF000100BF8F7F9FC41EC1B0B9FEDA30B51ECBD
:107B00001A0B53EC102BF8F74EFC53EC1B2BF8F729
:107B100049FE2DD2022000F06FFE00F03DFE10EE77
:107B2000901A18EE900A8DED020B8DED008B61F32B
:107B30001E0003909DED020BFFF7BEBB944A24F09C
:107B40000041914214D39349214408437FF4EFACA0
:107B50009DED0C0B53EC102B9DED020B51EC100B1B
:107B6000F8F7C2FC53EC1A2BF8F71CFE7FF6DFACDB
:107B700024F000408849894A002601EB20518242C6
:107B80002BDA481C4FF4801121FA00F02044844A7B
:107B9000C0F30A517A44A1F2FF3192ED000B814A01
:107BA0008DED080BCA4020EA0202C0F3130040F436
:107BB0008010C1F1140120FA01F60992002CB8BF1F
:107BC00076429DED080B53EC102B9DED0C0B51EC08
:107BD000100BF8F789FCCDE90C019DED0C0B51EC75
:107BE0001A0B53EC102BF8F7DEFB9FED6F0B089090
:107BF000CDE9085153EC102B9DED080B51EC100B07
:107C0000F8F778FC41EC1B0B9FED690B53EC102B44
:107C10009DED080B51EC100BF8F76CFC9DED0C0B77
:107C200041EC1C0B53EC102B9DED080B51EC100B91
:107C3000F8F75AFC53EC1A2BF8F759FC9FED5E1B32
:107C400053EC112BF8F756FC53EC1C2BF8F7ABFB5D
:107C500041EC1A0B51EC1B0B53EC1A2BF8F7A3FB5E
:107C6000CDE902019DED020B53EC1B2B51EC100BE7
:107C7000F8F73AFC53EC1A2BF8F739FC9DED020BA0
:107C800041EC1A0B53EC102B51EC100BF8F732FCB3
:107C9000CDE908014A489DED080B0521784400F024
:107CA0002BFC9DED081B51EC100B53EC112BF8F73E
:107CB00021FC9DED021B53EC112BF8F718FCCDE9CC
:107CC00006019DED020B53EC1A2B51EC100BF8F74B
:107CD00011FC53EC1A2BF8F766FB9FED3B0B41ECC4
:107CE0001A0B53EC102B9DED060B51EC100BF8F713
:107CF000FBFB9DED060B41EC1B0B53EC102B9DED9C
:107D0000020B51EC100BF8F7F5FB53EC1B2BF8F7BB
:107D100063FC53EC1A2BF8F7E7FB9DED021B53ECC9
:107D2000112BF8F7E1FB53EC192BF8F7E0FBCDE949
:107D3000020101EB065001150029C8BF039015DCB4
:107D40009DED020B324651EC100BF8F73AFEFEF7B0
:107D50001FFF042808BF00F02FFD32469DED020BE7
:107D600051EC100BF8F72DFECDE902019DED020B51
:107D700051EC180B53EC102BF8F7BCFBFFF73ABB98
:107D80000000904000000000FE822B654715973CE4
:107D900000CC904000346F3F01FCFFFF0000E03F4B
:107DA00038500000FFFF0F0000000000432EE63FA8
:107DB000396CA80C615C20BEEF39FAFE422EE63F1A
:107DC000404E0000000000000000000000000040E5
:107DD00010B52F499FED2C1B2DED020B84B005989B
:107DE00020F000408842DCBF00209DED040B32DD16
:107DF0002849884209D1049840B94FF0010000F0A9
:107E0000FBFC00F0B9FC06B010BD05DB9DED040BDA
:107E100000F09EFC06B010BD68469DED040B00F01E
:107E200097F810F0030011D0012818D09DED021B27
:107E30009DED000B02281AD000F0A6FA51EC100BB1
:107E400081F0004106B041EC100B10BD9DED021B0E
:107E50009DED000B012000F0CBFB06B010BD9DEDA9
:107E6000021B9DED000B00F08FFA06B010BD012043
:107E700000F0BEFB51EC100B81F0004106B041EC6C
:107E8000100B10BD0000000000000000000000000A
:107E9000FB21E93F0000F07F00B52DED048BB0EE33
:107EA000409AF0EE609A83B051EC190BF8F7A0FD00
:107EB00041EC180B18EE100A18EE901A8DED008B9D
:107EC000002818BF0120084320F00040C0F17F6067
:107ED00000F1E040C00F14D019EE101A19EE900A0C
:107EE0008DED009B002918BF0121084320F00040C0
:107EF000C0F17F6000F1E040C00F04BF012000F03E
:107F00007BFCB0EE480A03B0F0EE680ABDEC048BCF
:107F100000BD10B52DED028BB1EEC08A18EE100A2F
:107F200020F00040C0F1FF40C00F0AD010EE100A50
:107F300020F00040C0F1FF40C00F04BF012000F05E
:107F40005BFCB0EE480ABDEC028B10BD00000000E7
:107F50002DE9F14F04462DED020B2DED088B8AB073
:107F60009FEDE70B80ED020B139EE74826F00045DE
:107F700085420ADC9DED120B002084ED000B0AB057
:107F8000BDEC088B03B0BDE8F08FE0489FEDE0AB9F
:107F90009FEDE1BBA84247DDE14F9FEDE39B9FEDE5
:107FA000E48B9DED120B53EC1A2B51EC100B002EB1
:107FB0001CDDF8F799FA41EC100BBD4208D053ECE8
:107FC0001B2B51EC100BF8F78FFAC4E900010BE002
:107FD00053EC192B51EC100BF8F786FA53EC182BD5
:107FE000F8F782FAC4E900010120C8E7F8F7DBF9E5
:107FF00041EC100BBD4208D053EC1B2B51EC100B85
:10800000F8F7D1F9C4E900010BE053EC192B51EC5E
:10801000100BF8F7C8F953EC182BF8F7C4F9C4E9BA
:1080200000014FF0FF30AAE7C348A84279DB9DED7D
:10803000120B51EC100B02F051FB41EC180B9FEDB1
:10804000C00B53EC102BF8F755FA9FEDBF1B53EC08
:10805000112BF8F7A8F9F8F75AFB0746F8F739FBA0
:1080600041EC190B53EC1A2BF8F744FA53EC182B8C
:10807000F8F73DFA41EC180B53EC1B2B51EC190BA4
:10808000F8F738FADFF8C8A241EC100B4FEA1558A0
:108090000125FA4453EC102B51EC180BF8F724FA95
:1080A000032DC4E900013DD0C1F30A5005EB451191
:1080B000A8EB00001139814234DA0AEB051BB0EE5F
:1080C00048AA9BED000BF0EE68AA53EC102B51EC84
:1080D000190BF8F70FFA41EC1B0B51EC1A0B53EC90
:1080E0001B2BF8F701FA41EC180B51EC1A0B53EC6F
:1080F000182BF8F7F9F953EC1B2BF8F7F5F99BED72
:10810000020B41EC1A0B53EC102B51EC190BF8F746
:10811000F1F953EC1A2BF8F7E7F941EC100B6D1C51
:10812000B8E70EE0002EA8BF3846BFF628AF94EDA2
:10813000000B51EC100B81F00041C4E900017842C2
:108140001DE7C6F3130040F4801EC6F30A50A0F2E8
:10815000F530471100F01F05C5F12000DDF848B0EB
:1081600008900020069007900520EC467949002DE4
:1081700007EB0002794408BF51F8221009D051F8EA
:10818000223001EB8201AB404A68089922FA01F1E2
:108190001943A1FB0E26A1FB0B131A449A4234BFCC
:1081A0000123002303EB06080CEB8003D3E901A6AF
:1081B0000E448E4234BF0121002192448A4411B101
:1081C000924502D903E0924501D2012100E000214D
:1081D000C3E901A641444CF82010011EA0F10100A2
:1081E000C4DC029800F10050850F0298DDE90367B6
:1081F0008000DDF81480F8F76CFA41EC1A0B304679
:10820000F8F778FA9FED541B53EC112BF8F772F93D
:1082100041EC1B0B3846F8F76DFA9FED511B53EC00
:10822000112BF8F767F941EC180B4046F8F762FAA2
:108230009FED4D1B53EC112BF8F75CF941EC190B3A
:1082400051EC180B53EC192BF8F7ADF853EC1B2B32
:10825000F8F7A9F853EC1A2BF8F7A5F8CDE90801BF
:10826000002008909DED080B53EC1A2B51EC100BDD
:10827000F8F73AF953EC1B2BF8F736F953EC182BB7
:10828000F8F732F953EC192BF8F731F99FED381B59
:1082900053EC112BF8F72EF99FED370B41EC180B2F
:1082A00053EC102B9DED080B51EC100BF8F722F955
:1082B00053EC182BF8F777F89FED310B41EC180BC6
:1082C00053EC102B9DED080B51EC100BF8F712F945
:1082D00053EC182BF8F767F841EC100B139810F0DB
:1082E000004F06D06D4251EC100B81F0004141EC83
:1082F000100B284684ED000B41E600000000000052
:108300000000000000000000FB21E93F7CD9024092
:1083100000004054FB21F93F3163621A61B4D03D43
:10832000FB21F93F000000000000601A61B4D03D5D
:108330007370032E8A19A33BFB2139410000000012
:1083400083C8C96D305FE43F000000000000E03FDB
:10835000424B0000904A0000000000000000103E68
:10836000000000000000103C000000000000103A77
:10837000182D4454FB21F93D3326A611460B113C20
:1083800000000054FB21F93D10B52DED040B2DED3F
:10839000088B82B0B0EE419AF0EE619A0B9820F013
:1083A00000449FED4BABB4F1795F11DA9DED0A0B00
:1083B00051EC100BF8F7ABF9002801BFB0EE4A0AF8
:1083C000F0EE6A0A02B0BDEC088B04BF04B010BD29
:1083D0009DED0A0B53EC102B51EC100BF8F78AF8BB
:1083E00041EC180B3C480621B0EE480AF0EE680A52
:1083F000784400F081F853EC182B51EC100BF8F78F
:1084000079F89DED0A0B41EC1B0B53EC192B51EC49
:10841000100BF8F76FF841EC190B53EC1B2B51ECD8
:10842000180BF8F767F853EC192BF8F75DF89FED88
:108430002C0B41EC190B53EC102B51EC180BF8F7EB
:1084400059F841EC100B2848844210DA53EC192BF0
:1084500051EC100BF8F748F853EC1A2BF8F747F8E3
:1084600041EC100B02B0BDEC088B04B010BD1F48EE
:10847000A042BCBF9FED1E1B8DED001B06DBA4F5CB
:1084800000100190002000909DED001B51EC100B9E
:1084900053EC112BF8F728F89DED000B41EC180B6D
:1084A00053EC102B51EC1A0BF8F71EF841EC1A0B99
:1084B00053EC192B51EC180BF8F716F853EC1A2B58
:1084C000F8F715F841EC100BCCE7000000000000B5
:1084D000000000000000F03FAC470000000000007A
:1084E000000000000000E03F3333D33F0000E93FCD
:1084F000000000000000D23F70B504462DED028B55
:108500004D1E00EBC500B0EE408AF0EE608A90EDA3
:10851000000B35F0060017D053EC182B51EC100B64
:10852000F7F7E8FF41EC100B6D1E04EBC50090ED72
:10853000001B51EC100B53EC112BF7F734FF41ECFF
:10854000100B35F00600E7D1022D36D0042D1CD0DB
:10855000062D1CBFBDEC028B70BD53EC182B51ECEB
:10856000100BF7F7C7FF94ED0A1B53EC112BF7F72D
:108570001AFF53EC182BF7F7BDFF94ED081B53ECD3
:10858000112BF7F710FF41EC100B53EC182B51ECAB
:10859000100BF7F7AFFF94ED061B53EC112BF7F719
:1085A00002FF53EC182BF7F7A5FF94ED040B53ECE7
:1085B000102BF7F7F8FE41EC100B53EC182B51EC95
:1085C000100BF7F797FF94ED021B53EC112BF7F705
:1085D000EAFE53EC182BF7F78DFF94ED001B53ECDC
:1085E000112BF7F7E0FEBDEC028B41EC100B70BDD8
:1085F00031B504462DED040B2DED0A8BB0EE41BADA
:10860000F0EE61BA0B989DED0A0B20F00040B0F13E
:10861000795F0DDA51EC100BFEF7BAFA042808BFA7
:1086200000F0CAF89DED0A0BBDEC0A8B05B030BD19
:1086300053EC102B51EC100BF7F75CFF41EC180BCF
:108640009DED0A0B53EC182B51EC100BF7F752FF72
:1086500041EC190B2C48B0EE480AF0EE680A0521EF
:108660007844FFF749FF9FED2ACBB0EE40AAF0EE29
:1086700060AA9CB353EC1C2B51EC190BF7F73AFF93
:1086800041EC1C0B53EC1A2B51EC190BF7F732FF92
:108690009FED210B41EC190B53EC102B51EC1B0BF4
:1086A000F7F728FF53EC192BF7F71EFF53EC182BA5
:1086B000F7F720FF53EC1B2BF7F716FF53EC1C2B9F
:1086C000F7F712FF9DED0A1B53EC112BF7F70FFF85
:1086D000BDEC0A8B05B041EC100B30BDFFE753EC4D
:1086E0001A2B51EC180BF7F705FF53EC1C2BF7F77F
:1086F0005AFE53EC192BF7F7FDFE9DED0A1B53ECC8
:10870000112BF7F750FEE3E73C46000000000000A5
:10871000495555555555C5BF000000000000E03FC4
:108720009FED070B10B553EC102B9FED070B51EC91
:10873000100BF7F751FF41EC100B10BD00000000CB
:108740000000000000000000000000000000F03FFA
:1087500010B553EC102B51EC100BF7F724FE41EC45
:10876000100B10BD10B553EC112B51EC100BF7F79B
:108770001AFE41EC100B10BD9FED050B10B553EC2C
:10878000102B51EC100BF7F727FF41EC100B10BD2D
:1087900000000000000000009FED050B10B553EC39
:1087A000102B51EC100BF7F7A5FE41EC100B10BD90
:1087B00000000000000000709FED050B10B553ECA9
:1087C000102B51EC100BF7F795FE41EC100B10BD80
:1087D000000000000000001002E008C8121F08C1DD
:1087E000002AFAD170477047002001E001C1121F32
:1087F000002AFBD170470000014908607047000063
:10880000580300202DE9FF5F82B00021DDE904302C
:10881000020DDDF840B0034318D044F61050A2F228
:10882000FF3242431514119801281FD0A5EB0B000D
:10883000401C5FEA000A4FF000064E4FDFF8389107
:10884000B046504615D5CAF1000413E01198012432
:108850004AA3012801D16FEA0B010298119AC0E9DD
:108860000031C0E9024206B0BDE8F09FCBF1000044
:10887000DFE704460021404A491842EB0450CDE9A5
:10888000001012E0E00707D032463B46404649461A
:10889000F7F730FE8046894632463B461046194679
:1088A000F7F728FE06460F466410002CEAD1DDE9F2
:1088B0000401DDE90023BAF1000F06DAF7F71AFE2A
:1088C00042464B46F7F716FE05E0F7F785FE4246AF
:1088D0004B46F7F781FE04460E460022284BF7F779
:1088E00061FF03D84FF0FF30014607E00022254B1F
:1088F00020463146F7F757FDF8F7CBF8102409E08A
:10890000002C0ADB0A220023F7F7F8FC039B303225
:108910001A55641E50EA0102F2D1641C039AC4F194
:1089200011031444119A012A03D0012208430DD1E6
:108930000AE0084304D000204FF0110B119072E7B9
:10894000A3EB0B056D1E0DE05B4504DD4FF000024F
:1089500005F1010504E003DA4FF00002A5F101057D
:10896000002AECD002981199C0E90231C0E9004513
:1089700079E70000000014400000F03F30000000E4
:108980000000F0430000E03F2DE9FF4F95B09A460C
:10899000884606460025EEE1252877D100242746A3
:1089A000F94A0121039400E0044316F8013F203BFB
:1089B00001FA03F01042F7D130782A2811D06FF075
:1089C0002F033078A0F13002092A16D8039A44F018
:1089D000020402EB820203EB42021044761C039075
:1089E000EFE758F8042B0392002A03DA504244F4CC
:1089F0000054039044F00204761C30782E2816D1DF
:108A000016F8010F44F004042A280DD06FF02F024D
:108A10003078A0F13003092B09D807EB870302EB6C
:108A20004303C718761CF3E758F8047B761C3078AC
:108A30006C280FD006DC4C2817D068280DD06A2887
:108A400014D104E0742810D07A280FD10DE044F43A
:108A500000140AE044F4801401E044F440147278F5
:108A6000824202D104F58014761C761C3078662888
:108A70000BD013DC582877D009DC002875D04528A6
:108A8000F6D04628F4D047281AD193E118E063289D
:108A900035D0642879D0652812D18BE1702873D045
:108AA00008DC6728F1D069286FD06E280DD06F28B8
:108AB00006D1ACE073282CD0752874D0782853D018
:108AC0005246179990476D1C54E1C4F30250022896
:108AD00009D003280DD0D8F8001004280DD00D605F
:108AE00008F1040846E1D8F80010EA17C1E900527D
:108AF000F6E7D8F800100D80F2E70D70F0E718F8EF
:108B0000041B8DF8001000208DF80100EB460120B9
:108B100003E058F804BB4FF0FF3061074FF000014D
:108B200002D40DE009F101018946B9420FDA81450D
:108B3000F8DB1BF809100029F4D108E009F1010164
:108B400089468142FADB1BF809100029F6D1039807
:108B50005346A0EB090721463846179A00F080FAE1
:108B6000284400EB090507E044E008E10DE01BF8AC
:108B7000010B524617999047B9F10109F7D25346B4
:108B800021463846179AF2E039E00A21C4F302522E
:108B90004FF0000B0091022A06D058F8040BC117C1
:108BA000032A09D00AE023E008F1070020F00702B9
:108BB000F2E80201904605E000B2C117042A01D193
:108BC00040B2C117002906DA0A460021404261EB93
:108BD00002012D2202E0220504D52B228DF804206B
:108BE000012203E0E20701D02022F7E7914657E097
:108BF0000A2100E010214FF0000B00910BE0102142
:108C00004FF0000B44F004040827009103E0082013
:108C10004FF0000B0090C4F30252022A05D058F81E
:108C2000040B0021032A08D008E008F1070020F017
:108C30000702F2E80201904603E080B2042A00D164
:108C4000C0B24FF0000922072AD53278702A07D027
:108C5000DDF800C08CF0100C5CEA0B0C05D00EE0C7
:108C600040228DF80420012208E050EA010306D0DA
:108C700030238DF804308DF8052002229146009BA8
:108C800083F0080353EA0B030AD150EA010201D131
:108C9000620705D530228DF804204FF001097F1EB0
:108CA0003278582A04D039A20C920CAA02920BE016
:108CB0003BA2F9E75B46009AF7F720FB0C9B9B5C15
:108CC000029A521E0292137050EA0102F2D10298E7
:108CD00004A9081A00F1200B600702D524F480349F
:108CE00000E001275F4502DDA7EB0B0000E000205C
:108CF00000EB0B01009003984944401A0390E003F5
:108D000006D453462146179A039800F0A9F9054462
:108D1000002706E001A85246C05D179990476D1CD8
:108D20007F1C4F45F6DBE0030CD553462146179ACE
:108D3000039800F095F9054404E030205246179955
:108D400090476D1C0099481E00900029F5DC08E052
:108D50000298029952460078491C0291179990474F
:108D60006D1CBBF10001ABF1010BF1DC5BE100F02C
:108D700065F90544761C307800287FF40DAE19B0F3
:108D80002846BDE8F08F0000092801003031323359
:108D90003435363738396162636465660000000037
:108DA0003031323334353637383941424344454621
:108DB00000000000600700D4062708F1070020F03B
:108DC0000700F0E80223804603F0004C5FEA0C0045
:108DD00001D097A009E0200501D596A005E0E007A5
:108DE00001D095A001E0AFF24C001390307823F051
:108DF000004365280CD006DC452809D046281DD044
:108E000047287FD13BE0662818D067287AD136E022
:108E10000021112F01DB112000E0781CCDE90001B9
:108E200004A90CA8FFF7EEFCDDE90D010C9A4FF048
:108E3000000B07F10109109200914EE04FF0004045
:108E40000097CDE9011004A90CA8FFF7DBFCDDE9D0
:108E50000D020C9B0F994FF0000B9146109300925E
:108E600011B9791C00EB0109B7EB090003D4C0F17B
:108E7000FF3B07F10109A9EB0700019042E0012F38
:108E800000DA01270021112F01DD112000E0384612
:108E9000CDE9000104A90CA8FFF7B4FCDDE90D0140
:108EA0000C9A00914FF0000BB946109221070FD495
:108EB000009A4A4503DA914601E0A9F10109B9F1A6
:108EC000010F05DD109AA9F10101515C3029F4D0A0
:108ED000B84202DA10F1040F03DA0121CDE90110E2
:108EE00010E0002803DC8344A9EB000102E0411CF0
:108EF000494500DD8946A0EB0B00401C01904FF076
:108F000000400290200705D40198484502DB4FF04D
:108F1000FF30019000208DF84B0002980DF14B07B7
:108F2000B0F1004F25D002200C902B200D9002981C
:108F300000280CDA404202902D200D9007E00A2113
:108F40000298F7F763FC3031029007F8011D0C9985
:108F5000481E0C900029F2DC02980028EFD1791EFF
:108F60000D980870307800F0200040F0450007F8B8
:108F7000020D11A8C01BC01D02901398007800B10B
:108F8000012000EB0901019801EBE0710298014416
:108F90000398401A401E0390E00306D4534621462E
:108FA000179A039800F05CF805441398007818B1FC
:108FB0005246179990476D1CE00323D5534621462E
:108FC000179A039800F04CF805441BE0BBF1000F22
:108FD00007DB0098584504DD1098179910F80B002E
:108FE00001E0179930205246904701980BF1010B90
:108FF000401E05F10105019004D12E20524617991B
:1090000090476D1CB9F10001A9F10109DEDC05E012
:1090100017F8010B5246179990476D1C0299481E8C
:1090200002900029F4DC53462146179A03989EE6E5
:109030002D0000002B000000200000002DE9F04171
:10904000044600251E461746880404D405E0394628
:109050002020B0476D1C641EF9D52846BDE8F0817C
:109060002DE9F041044600251E469046C80301D56F
:10907000302700E02027880404D505E04146384623
:10908000B0476D1C641EF9D52846BDE8F081D0EDCF
:10909000000AF4EEC00AF1EE10FA01DD80ED000ADC
:1090A000D0ED000AB1EE400AF4EEC00AF1EE10FA7B
:1090B00001D280ED000A704710B541EC100BFDF7AE
:1090C0008FFD51EC100B10BD70B5F7F741FD8020FE
:1090D000F7F7B4FD5520F7F7B1FD5520F7F7AEFDD2
:1090E000424C2070F7F72CFD0120F8F7A5FFF7F7A9
:1090F0002FFD8020F7F7A2FD5520F7F79FFD5520A3
:10910000F7F79CFD2070F7F71BFD0120F8F794FF9F
:10911000F7F71EFDB6217E20F7F7A2FDF7F710FD49
:109120005020F8F789FFF7F713FD8020F7F786FD49
:109130005520F7F783FD5520F7F780FD2070F7F7EE
:10914000FFFC0120F8F778FFF7F702FD8020F7F722
:1091500075FD5520F7F772FD5520F7F76FFD20706C
:10916000F7F7EEFC0120F8F767FF20781E2801D002
:10917000FF2070BD1D4D002060702435F7F7E8FC1E
:10918000607800EB40004119285C4978F7F768FDEA
:10919000F7F7D6FC0120F8F74FFFF7F7D9FC607816
:1091A00000EB4000285C40F08000F7F747FD5520B9
:1091B000F7F744FD5520F7F741FD2070F7F7C0FCA5
:1091C0000120F8F739FF6078237800EB400129444B
:1091D0004A789A4203D08978A2781143A170401C42
:1091E000C0B260700628C9D3002070BD7002002094
:1091F00070B5F7F7BDFC3C490020F7F713FDF7F712
:10920000AFFC0120F8F718FFF7F7B2FC3649002051
:10921000F7F708FDF7F7A4FC0120F8F70DFFF7F7C3
:10922000A7FCB6211420F7F71BFDF7F799FC502097
:10923000F8F702FFF7F79CFC2B490020F7F7F2FC48
:10924000F7F78EFC0120F8F7F7FEF7F791FC2649B7
:109250000020F7F7E7FCF7F783FC0120F8F7ECFEB6
:10926000214C20780F2801D0FF2070BD1E4D00201A
:1092700060703635F7F77CFC607800EB40004119F0
:10928000285C4978F7F7ECFCF7F76AFC0120F8F75F
:10929000D3FEF7F76DFC6078134900EB4000285CC3
:1092A000F7F7C0FCF7F75CFC0120F8F7C5FE607823
:1092B000227800EB40012944497891420BD0401EAE
:1092C000C0B20949607000EB400024310844A17825
:1092D00080780843A0706078401CC0B26070062897
:1092E000C8D3002070BD00007002002070B5144C7F
:1092F000012500202562C4E9060520606060A060A9
:10930000E0600E2660616662206121460D48F8F734
:10931000DFF80C48F8F78EFC02210A48F8F75DF8F0
:1093200066616662214608482561F8F7D1F806486B
:10933000F8F780FCBDE8704010210348F8F74DB8FD
:10934000DC5A0020200B0020480B00202DE9F05FA4
:10935000DFF894A0DFF894B08146002404EB840089
:1093600000EBC4080AEB880609EB8407B6F9100085
:10937000C4EB041500EE100A1D48D7ED2D0AB8EE17
:10938000C00A00EB850001F061FB87ED3D0AB6F9EC
:109390001600F0EE400A00EE100A1548F030B8EE64
:1093A000C00A00EB850001F051FBBDEEC00A10EED3
:1093B000100AB0850BEB8806D7ED1D0AB6F916002A
:1093C00000EE100A0B48B8EEC00A00EB850001F071
:1093D0003DFBBDEEC00A641C042C10EE100AB085E3
:1093E000BCDBBDE8F09F00001C5D00204C5C002051
:1093F00004040020E40500202DE9F0413A4D3B4FE4
:1094000004462DED068B002069783A78914211D1FF
:109410006988491C89B26980B1F57A7F0BD92070BF
:109420009FED330A84ED020A84ED030AA888401CEC
:10943000A88053E068802F4E707820707068F7F72E
:1094400085F99FED2D8B53EC182BF7F7C5F89FEDA1
:109450002C9B53EC192BF7F74DF8F7F7BBF900EEFF
:10946000100A01F051FF9FED28AAD4ED050AB0EED5
:109470004A1A01F032FA84ED050AB068F7F766F986
:1094800053EC182BF7F7A8F853EC192BF7F732F831
:10949000F7F7A0F900EE100A01F036FFD4ED060A46
:1094A000B0EE4A1A01F019FA84ED060AD4ED050A65
:1094B000C4ED020A84ED030A307884F8400096F87F
:1094C000240084F8410096ED050A84ED0E0A96ED1D
:1094D000040A84ED010AB07F84F85C013878687072
:1094E000BDEC068BBDE8F0810000002000030020E9
:1094F00000000000685B0020809F71E14048363F1B
:1095000000000000000004400000C84270B504469E
:109510000078DFED250A18B9C4ED020AC4ED030A8C
:10952000224D94F8410095ED030AB5EEC00AF1EE24
:1095300010FA05D120B194F85E11494284F85E1109
:10954000052804D2DFE800F003080D1D2000C4ED5B
:10955000040A94ED040A11E094F95E0140F2DC5132
:1095600003E094F95E0140F6B83110FB01F000EE23
:10957000100AB8EEC00A00BF84ED040A85ED030AA4
:1095800070BD9FED0B0AF7E795ED020A094801F05F
:109590005DFA0848D4ED040AB3EE091A90ED0E0AFC
:1095A00001F09BF9E8E70000000000000000002047
:1095B00000409CC55C03002010B50446FFF7A6FFE1
:1095C00001492078087010BD000000201CB50E4A2B
:1095D0000E4892F8403003C8012B0DD112785AB1D1
:1095E0000B4AB2F9C840B2F99430CDE90034B2F96F
:1095F0006030B2F92C2003E0002200921346019261
:1096000001F054FE1CBD0000100000203C030020AF
:109610004C5C002070B5774D00242DED048BDFED00
:10962000768ADFED769A9FED768A9FED769A00BF77
:10963000C4EB041005EB8000B0EE682AF0EE691A66
:10964000B0EE481AF0EE490AB1EE040A01F03FFA12
:10965000641C042CECDBB0EE682ADFED6B1A654865
:10966000B0EE481AF0EE490AB1EE040A783001F083
:109670002EFA6048B0EE682AF0EE691AB0EE481A89
:10968000F0EE490AB1EE040A3C3001F020FADFEDB9
:109690005F8AF0EE481AB0EE481AB0EE682AF0EE93
:1096A000480AB6EE000A5A4801F011FA9FED599A9D
:1096B000F0EE481AB0EE481AB0EE492AF0EE480A29
:1096C0009FED550A4B48F03801F001FA9FED532AFF
:1096D0004F48F0EE481AB0EE481AF0EE480AB6EEDF
:1096E000000A3C3001F0F3F9B0EE492AF0EE481AD6
:1096F000B0EE481AF0EE480ADFED499A3D48B0EE68
:10970000690AB43801F0E3F94148B0EE682AF0EE96
:10971000481AB0EE481AF0EE480AB6EE000A783061
:1097200001F0D5F93348B0EE492AF0EE481AB0EE10
:10973000481AF0EE480AB0EE690A783801F0C7F925
:109740003348B0EE682AF0EE481AB0EE481AF0EE50
:10975000480AB6EE000AB43001F0B9F92548B0EE77
:10976000492AF0EE481AB0EE481AF0EE480AB0EE78
:10977000690A3C3801F0ABF9B3EE0E2AF0EE481A54
:10978000B0EE481AF0EE480AB6EE000A254801F09D
:109790009EF9DFED258A2348F0EE481AB0EE682ADC
:1097A000B0EE481AF0EE480AB2EE040A783801F03A
:1097B0008EF91C48B0EE682AF0EE481AB0EE481A4E
:1097C000F0EE480AB2EE040A3C3801F080F9B0EE3F
:1097D000481ABDEC048BF1EE041AB6EE000ABDE89F
:1097E000704010489FED112ADFED110A3C3001F066
:1097F0006EB90000E405002000007A4600401C45D8
:1098000000000000CDCCCC3D00007A450000C843EC
:10981000040400200000804600005C420000FA437F
:10982000000048424C0700200080BB440000807FBD
:109830006F12833A2DE9F0412DED0E8B88B09FED2C
:1098400069EADFF8A4810024F0EE4E8A6F46B0EE9C
:10985000688A9FED66BB9FED67CBDFED68EA9FED01
:1098600068DB00BF04EB840000EBC40108EB81055A
:10987000B5F92C603046F6F72CFF41EC190B53EC90
:109880001B2BF6F737FE53EC192BF6F733FEB5F921
:10989000165041EC1A0B2846F6F71BFF41EC190B4A
:1098A00053EC1C2BF6F726FE53EC192BF6F722FE91
:1098B00000EE105A41EC190BB8EEC00A60EE2E0A09
:1098C00000EE106AB8EEC00A20EE800A10EE100A10
:1098D000F6F73CFF53EC192BF6F765FD53EC1A2B0A
:1098E000F6F761FD53EC1D2BF6F75DFDF6F772FF01
:1098F00000EE100A07EB8400641C70EE288A80EDED
:10990000000A042CAEDBDFF80081002404AF9FEDD9
:109910003FBB9FED40CBDFED41EA9FED41DB00BF58
:1099200004EB840000EBC40108EB8106B6F92C506F
:109930002846F6F7CEFE41EC190B53EC1B2BF6F73D
:10994000D9FD53EC192BF6F7D5FDB6F9166041ECAD
:109950001A0B3046F6F7BDFE41EC190B53EC1C2BED
:10996000F6F7C8FD53EC192BF6F7C4FD00EE105ABC
:1099700041EC190BB8EEC00A60EE2E0A00EE106A38
:10998000B8EEC00A20EE800A10EE100AF6F7DEFEEE
:1099900053EC192BF6F707FD53EC1A2BF6F703FDE2
:1099A00053EC1D2BF6F7FFFCF6F714FF00EE100A40
:1099B00007EB8400641C30EE088A80ED000A042C5A
:1099C000AEDB38EE880A1848B5EEC00A80ED010A11
:1099D000F1EE10FA01D280ED01EA08B0BDEC0E8B79
:1099E000BDE8F081000000001C5D002007477C0EF0
:1099F000968A943E9F7144E03C10AE3E41B0BE3525
:109A000014AE47E17A14E63F4C5C0020B7690F7949
:109A1000B6E2A03E1F5B253D61FD8B3E4F02063640
:109A20000AD7A3703D0AE73FA80100202DE9F04FB7
:109A30002DED108B9BB0DFEDFE8AB0EE688AFD4CF9
:109A4000F3EE0E0AA08B258C00EE100AFA48B8EE51
:109A5000400A00F0FBFF00EE905AF848F849F8EE93
:109A6000600AF84A30EEC09A80ED009A0968914287
:109A700009DB218C282902D2B3EE040A01E09FED14
:109A8000F20A39EE009A8046002480ED069A9FED96
:109A9000EFEB0DF120099FEDEFCBDFEDF09A9FED9D
:109AA000F0DBF14D04EB840000EBC40005EB800615
:109AB000B6F92C703846F6F70CFE41EC1A0B53EC55
:109AC0001E2BF6F717FD53EC1A2BF6F713FDB6F91C
:109AD000166041EC1B0B3046F6F7FBFD41EC1A0B10
:109AE00053EC1C2BF6F706FD53EC1A2BF6F702FD90
:109AF00000EE106A41EC1A0BB8EEC00A60EE290ABB
:109B000000EE107AB8EEC00A20EE800A10EE100ABD
:109B1000F6F71CFE53EC1A2BF6F745FC53EC1B2B07
:109B2000F6F741FC53EC1D2BF6F73DFCF6F752FE21
:109B300000EE100A09EB8400641C30EE088A4E46E1
:109B400080ED000A042CADDBC84890ED040A9FEDBF
:109B5000C8AB19EE100AF6F7F9FD53EC1A2BF6F71D
:109B6000C9FCF6F7D4FD00EE100AC14688ED078A5D
:109B7000B8EEC00A0DF1040BB4EEC08AF1EE10FA93
:109B80007EDD00EE100A0024B246B8EEC00AC0EE38
:109B900008FA00EE100AB8EEC08A9FEDB7EBD8467F
:109BA0000AEB840090ED000A08EB840020EE2F0AF7
:109BB00080ED000AB5EEC00AF1EE10FA66D304EBB0
:109BC000840000EBC40005EB800610EE100AB6F925
:109BD000167000EE907AF8EEE00A20EEA9FAF6F799
:109BE000B5FD41EC1B0B3846F6F773FD41EC1A0B43
:109BF00053EC1C2BF6F77EFC53EC1A2BF6F77AFC91
:109C000053EC1B2BF6F770FC53EC1D2BF6F7CBFB3C
:109C1000F6F7E0FDB6F92C1000297CDDF6F796FD8D
:109C200053EC1E2BF6F766FC2FEE0F0A41EC1A0BD5
:109C300010EE100AF6F78AFD53EC1A2BF6F754FCD7
:109C400041EC100BFEF728F9B0EE40AAB1EE4F0A36
:109C5000F0EE60AA10EE100AF6F778FD53EC1A2B1E
:109C6000F6F7A1FB9FED861B53EC112BF6F7B4FC26
:109C7000F6F7B0FD00EE100A834910EE100A00E07E
:109C800008E088427EDD4FF47A50B085641CE4B26F
:109C9000042C85D339EE480AF0EE080A30EE608ACB
:109CA00089ED088AB5EEC08AF1EE10FA01D2B0EE65
:109CB000688A00249FED75DB0DF130089FED75BBC0
:109CC0009FED76EA9FED76CB774D00BF04EB8400E5
:109CD00000EBC40005EB8006B6F92C703846F6F7A9
:109CE000F8FC41EC190B53EC1D2BF6F703FC53EC7D
:109CF000192BF6F7FFFBB6F9166041EC1A0B30464C
:109D0000F6F7E7FC41EC190B53EC1B2BF6F7F2FBD3
:109D100053EC192B00E003E1F6F7ECFB00EE107AB0
:109D200041EC190BB8EEC00A60EE0E0A00EE106AA4
:109D3000B8EEC00A20EE800A10EE100AF6F706FD13
:109D400053EC192BF6F72FFB53EC1A2BF6F72BFBE2
:109D500053EC1C2BF6F727FBF6F73CFD00EE100A40
:109D600008EB8401641C70EE288A81ED000A042C43
:109D7000ACDBF4EEC88AF1EE10FA56DD88EE28AAC4
:109D8000002400E001E1D9469FED48DB9FED49FB4F
:109D900008EB840090ED000A09EB840020EE0A0A2B
:109DA00080ED000AB5EEC00AF1EE10FA3ED304EBE6
:109DB000840000EBC40005EB800610EE100AB6F933
:109DC000167000EE907AF8EEE00A60EE8EAAF6F7D2
:109DD000BDFC41EC190B3846F6F77BFC41EC180B47
:109DE00053EC1B2BF6F786FB53EC182BF6F782FB94
:109DF00053EC192BF6F778FB53EC1C2BF6F7D3FA40
:109E0000F6F7E8FCB6F92C1000297DDDF6F79EFC8C
:109E100053EC1D2BF6F76EFB2AEEAA0A41EC180B49
:109E200010EE100AF6F792FC48E074E06EE00000D5
:109E300000000000685B00204C070020A801002003
:109E4000EC5D0020000038410000704207477C0EA6
:109E5000968A943E9F7144E03C10AE3E41B0BE35C0
:109E600014AE47E17A14E63F1C5D0020100000208C
:109E70009A9999999999E93F07477C0E968AB43E39
:109E800007477C0E968AA43E00007A46B7690F7990
:109E9000B6E2A03E1F5B253D61FD8B3E4F020636BC
:109EA0000AD7A3703D0AE73F4C5C0020B7690F79E1
:109EB000B6E2C03EB7690F79B6E2B03E53EC182B5C
:109EC000F6F712FB41EC100BFDF7E6FFB0EE408A0F
:109ED000B1EE6A0AF0EE608A10EE100AF6F736FC70
:109EE00053EC182BF6F75FFA53EC1F2BF6F774FBC5
:109EF000F6F770FC00EE100A434910EE100A884293
:109F00007CDD4FF47A5000E044E0B085641CE4B29C
:109F1000042CFFF43DAF1BB0BDEC108BBDE8F08FFF
:109F2000F6F714FC53EC1E2BF6F7E4FA2FEE0F0AAB
:109F300041EC1A0B10EE100AF6F708FC53EC1A2B42
:109F4000F6F7D2FA41EC100BFDF7A6FFB0EE40AAEF
:109F5000B1EE4F0AF0EE60AA10EE100AF6F7F6FB2B
:109F600053EC1A2BF6F7C0FA1FED3B1B53EC112BE9
:109F7000F6F732FBF6F72EFC00EE100A234910EE3E
:109F8000100A884201D922487FE6BDEEC00A10EED1
:109F9000100A7AE6F6F7DAFB53EC1D2BF6F7AAFA6D
:109FA0002AEEAA0A41EC180B10EE100AF6F7CEFBC7
:109FB00053EC182BF6F798FA41EC100BFDF76CFFF9
:109FC000B0EE408AB1EE6A0AF0EE608A10EE100A36
:109FD000F6F7BCFB53EC182BF6F786FA53EC1F2B65
:109FE000F6F7FAFAF6F7F6FB00EE100A074910EE5C
:109FF000100A884202D9064885E7FFE7BDEEC00A8D
:10A0000010EE100A7FE7000000007A4600007AC6D2
:10A0100080C1FFFF114BB3F91620B3F9B210B3F9A9
:10A020007E00B3F94A30002A00DA5242002B00DAEF
:10A030005B421A44002800DA40421044002900DA4A
:10A0400049420844C0F38D010548962901D20121F7
:10A0500000E0002181600846704700004C5C002051
:10A06000A801002010B504462DED048B9FEDE09B68
:10A07000B0EE490AF0EE690AFDF7AAFEB0EE408A9A
:10A08000F0EE608AA06AF6F761FB53EC182BF6F746
:10A0900031FA41EC180B206AF6F758FB53EC182BF9
:10A0A000F6F722FAF6F796FBB0EE490AF0EE690AE7
:10A0B000A066FDF78DFEB0EE408AF0EE608AA06AE1
:10A0C000F6F744FB53EC182BF6F714FA41EC180B97
:10A0D000606AF6F73BFB53EC182BF6F764F9F6F7DA
:10A0E00079FBB0EE490AF0EE690AE066FDF770FE12
:10A0F000B0EE408AF0EE608AA06AF6F727FB53ECD8
:10A10000182BF6F7F7F941EC180B206AF6F71EFB4F
:10A1100053EC182BF6F7E8F9F6F75CFBB0EE490ABA
:10A12000F0EE690AE065FDF753FEB0EE408AF0EE0E
:10A13000608AA06AF6F70AFB53EC182BF6F7DAF9F7
:10A1400041EC180B606AF6F701FB53EC182BF6F79D
:10A15000CBF9F6F73FFBB0EE490AF0EE690A20664C
:10A16000FDF736FEB0EE408AF0EE608AA06AF6F7A0
:10A17000EDFA53EC182BF6F7BDF941EC180B206AF9
:10A18000F6F7E4FA53EC182BF6F70DF9F6F722FB85
:10A19000B0EE490AF0EE690A2065FDF719FEB0EE4F
:10A1A000408AF0EE608AA06AF6F7D0FA53EC182BDA
:10A1B000F6F7A0F941EC180B606AF6F7C7FA53EC12
:10A1C000182BF6F791F9F6F705FBB0EE490AF0EE19
:10A1D000690A6065FDF7FCFDB0EE408AF0EE608A2A
:10A1E000A06AF6F7B3FA53EC182BF6F783F941ECB3
:10A1F000180B206AF6F7AAFA53EC182BF6F7D3F8E7
:10A20000F6F7E8FAB0EE490AF0EE690A6064FDF785
:10A21000DFFDB0EE408AF0EE608AA06AF6F796FAAB
:10A2200053EC182BF6F766F941EC180B606AF6F759
:10A230008DFA53EC182BF6F7B6F8F6F7CBFAA064C4
:10A24000E06EF6F783FA41EC100B9FED6B8BB0EEEE
:10A25000481AF0EE681AFCF793FFB0EE409AF0EE61
:10A26000609AA06EF6F772FA41EC100BB0EE481A45
:10A27000F0EE681AFCF784FFB0EE401AF0EE601AB8
:10A2800053EC192B51EC110BF6F78DF841EC100B38
:10A29000FDF702FE51EC100BF6F79CFAC4F88000B3
:10A2A000206EF6F753FA41EC100BB0EE481AF0EEC0
:10A2B000681AFCF765FFB0EE409AF0EE609AE06D28
:10A2C000F6F744FA41EC100BB0EE481AF0EE681ABB
:10A2D000FCF756FFB0EE401AF0EE601A53EC192B63
:10A2E00051EC110BF6F75FF841EC100BFDF7D4FDC4
:10A2F00051EC100BF6F76EFAE067606DF6F726FA90
:10A3000041EC100BB0EE481AF0EE681AFCF738FF7B
:10A31000B0EE409AF0EE609A206DF6F717FA41EC35
:10A32000100BB0EE481AF0EE681AFCF729FFB0EEF9
:10A33000401AF0EE601A53EC192B51EC110BF6F7A2
:10A3400032F841EC100BFDF7A7FD51EC100BF6F7BE
:10A3500041FAA067A06CF6F7F9F941EC100BB0EEEA
:10A36000481AF0EE681AFCF70BFFB0EE409AF0EED8
:10A37000609A606CF6F7EAF941EC100BB0EE481AFF
:10A38000F0EE681AFCF7FCFE53EC192B51EC100BA5
:10A39000F6F709F841EC100BFDF77EFD51EC100BC0
:10A3A000F6F718FA6067207800281ED094ED020AAC
:10A3B000B5EEC00AF1EE10FA17D194ED030AB5EE2E
:10A3C000C00AF1EE10FA10D194ED040AB5EEC00AFD
:10A3D000F1EE10FA09D100209FED090A04EB80018B
:10A3E000401C81ED1D0A0428F8DBBDEC048B10BD78
:10A3F0006F1283C0CA21E93F000000000000004046
:10A40000000000002DE9F04104462DED068BC06EE2
:10A41000F6F79CF941EC100B9FED918BB0EE481ACA
:10A42000F0EE681AFCF7ACFEB0EE409AF0EE609ADF
:10A43000A06EF6F78BF941EC100BB0EE481AF0EE77
:10A44000681AFCF79DFE53EC192B51EC100BF5F735
:10A45000AAFF41EC100BFDF71FFD51EC100BF6F7B6
:10A46000B9F9C4F88000206EF6F770F941EC100BD2
:10A47000B0EE481AF0EE681AFCF782FEB0EE409A91
:10A48000F0EE609AE06DF6F761F941EC100BB0EE7A
:10A49000481AF0EE681AFCF773FEB0EE401AF0EEC0
:10A4A000601A53EC192B51EC110BF5F77CFF41ECC2
:10A4B000100BFDF7F1FC51EC100BF6F78BF9E06790
:10A4C000606DF6F743F941EC100BB0EE481AF0EE70
:10A4D000681AFCF755FEB0EE409AF0EE609A206DD7
:10A4E000F6F734F941EC100BB0EE481AF0EE681AAA
:10A4F000FCF746FE53EC192B51EC100BF5F753FF0C
:10A5000041EC100BFDF7C8FC51EC100BF6F762F9AB
:10A51000A067A06CF6F71AF941EC100BB0EE481AE0
:10A52000F0EE681AFCF72CFEB0EE409AF0EE609A5E
:10A53000606CF6F70BF941EC100BB0EE481AF0EE38
:10A54000681AFCF71DFEB0EE401AF0EE601A53ECEC
:10A55000192B51EC110BF5F726FF41EC100BFDF711
:10A560009BFC51EC100BF6F735F9606720789FEDF6
:10A570003E0AA0B1D4ED020AF5EEC00AF1EE10FADF
:10A5800015D1D4ED030AF5EEC00AF1EE10FA0ED1A2
:10A59000D4ED040AF5EEC00AF1EE10FA07D100205E
:10A5A00004EB8001401C81ED1D0A0428F8DB00202B
:10A5B00004EB8001401C91ED1D0AD1ED350A042801
:10A5C00020EE200A81ED1D0AF2DB94ED040AB5EEBF
:10A5D000C00AF1EE10FA3ED1244F9FED259B9FED6E
:10A5E00026AB002505EB850000EBC50007EB8000DE
:10A5F00004EB8506B0F91000D6ED290A00EE100A2A
:10A60000B8EEC00A30EEC00AB0EEC00A10EE100A72
:10A61000F6F79CF853EC182BF5F76CFF53EC192B5D
:10A62000F5F768FF53EC1A2BF5F764FFF6F7D2F84D
:10A6300000EE100A84ED580AF5F724FE20EE001A09
:10A64000D6ED1D0A6D1C042D21EE000A20EE800AB5
:10A6500086ED1D0AC6DBBDEC068BBDE8F08100006F
:10A660000000000000000040000000001C5D002011
:10A670001F85EB51B81E0940000000000000203F7C
:10A68000034A00EB4000002142F830107047000000
:10A69000C407002030B587B0002418220D49684651
:10A6A000F5F75DFE0C4A00206B4600BF04EB440149
:10A6B00042F8310033F8145002EBC101641C4D60C4
:10A6C0000872C8600861E4B248610B2CEED307B091
:10A6D00030BD000098C10008C407002082B0CDE959
:10A6E000000121F0004001909DED000B02B051EC03
:10A6F000100B704710EE102AC260096881600021BB
:10A70000016041607047000013B54FF6FF730122EE
:10A7100069460248F9F7A2FD00981CBDC80D00204B
:10A720002DE9F05F454E464FDFF8188105462DEDC7
:10A73000048B9FED458B846BB44209D2BC4207DC8D
:10A740002046F6F703F853EC182BF5F7CDFE0CE096
:10A7500044450DD2B4420BD32046F5F7F7FF9FEDE9
:10A760003C1B53EC112BF5F7C2FEF6F733F8E86308
:10A77000DFF8E4A0DFF8E4B004EB0A019FED389BBA
:10A780006FEA0A09594507D22046F5F7DFFF41EC89
:10A79000100B53EC182B0EE04C452ED8BC422CDC91
:10A7A0002046F5F7D3FF53EC182BF5F79DFE53EC3D
:10A7B000192B41EC100B51EC100BF5F798FEF6F746
:10A7C00009F8E863E86BF5F7C1FF53EC192BF5F7CF
:10A7D0008EFEF5F7FFFFE863234DB44212D9194806
:10A7E000801E84420ED22046F5F7B0FF9FED1F1B5E
:10A7F00041EC100B53EC112B15E0B442E2D344456D
:10A80000C2D3DFE74C4503D80D48801E844203DDE8
:10A8100004EB0A0159450DD82046F5F797FF53EC94
:10A82000182B41EC100B51EC100BF5F760FEF5F70F
:10A83000D1FFA860BDEC048BBDE8F09FD583BAC002
:10A84000DC0F4940DC0F49C0E5D022DBF97E05C0B2
:10A8500032C7F2AE7A5017403008D43F058C8E00D4
:10A860004AD8124DFB211940000000205E20521DE5
:10A87000BCF021C010B5B0F9103043820A8852BA3A
:10A8800012B202824C8864BAC4828C8864BA04838F
:10A89000897981764FF4B47112FB01F1CC1701EB89
:10A8A000D4414C138482D31A0168B3F5805F01DD73
:10A8B000491E03E013F5805F01DA491C0160818BBA
:10A8C000521A016802EB4132C1EB011101EB410167
:10A8D00004EBC101C0E9012110BD70EE601AF0EE79
:10A8E000E11AF4EEC11AF1EE10FA06DDB4EEE00A58
:10A8F000F1EE10FA02DD30EE810A7047FDD230EE43
:10A90000C10A704709489FED080A80ED080A9FEDCB
:10A91000080A80ED090A9FED070A80ED0A0A9FEDFB
:10A92000060A80ED0B0A704700C04345A8030020CB
:10A930000010A34500F8B4450070EF45F7F7A8FCF8
:10A94000FAF7D8FCF9F7C8FDF9F736FDF9F78CFEF0
:10A95000F9F7A6FEF9F7FAFEF9F7C6FEF9F798FF40
:10A96000F9F776FFF9F74CFFF9F7E2FCF9F702FD8A
:10A97000FEF7BCFCA820F6F7B3FC01210648F6F769
:10A98000FFF80028F9D1FAF777FCF6F78DFBF9F715
:10A9900059FD00F02CF8FEE7900B00200146002046
:10A9A000842900D0C81C704730B504460125FFF744
:10A9B00031FB01280DD094ED020AB5EEC00AF1EE8C
:10A9C00010FA06D194ED030AB5EEC00AF1EE10FAC2
:10A9D00005D0D4F86401002801D1C4F8645130BD19
:10A9E00010B500B9012001F0ABF9002010BD10B581
:10A9F00001F0CCF9002010BD7FB50D460446416939
:10AA0000B0F9080081B1A16971B1FFF7C7FFD4E9BE
:10AA100005128DE80700D4E900102B46226901F0E9
:10AA2000C8FA039004B070BDFFF7B8FF03A9CDE9E1
:10AA30000001208A2B4682B2D4E9001001F08CFA82
:10AA4000012801D00020EDE70398EBE710B580ED79
:10AA50000A0A30EEC00AC0ED090A044680ED080A71
:10AA6000D0ED000A60EE800AC0ED0B0AD0ED0C0AB2
:10AA700090ED011A41EE000AC0ED0C0AD0ED070A74
:10AA800030EE600AD0ED020A04F1300020EE200A18
:10AA900084ED0D0A94ED030AFEF7F9FA94ED0B0A22
:10AAA000D4ED0C0A04F1380030EE200AD4ED0D0A82
:10AAB00030EE200A84ED0E0A94ED040AFEF7E7FA60
:10AAC00094ED080A84ED070A94ED0E0A10BD80EC9F
:10AAD000050A7047084C00BF94F83000F5F70AFEED
:10AAE00041EC100B05A053EC102BFCF741F80520AE
:10AAF000FFF776FFF0E70000685B002025660A009C
:10AB00002DE9F041184C0F460546E6682068001D07
:10AB100001F04EF838B9206890F82C1001208840D8
:10AB2000216981432161681C07D137B12168BDE8E3
:10AB3000F0410E48091D01F07FB820683544B54248
:10AB40004560216805D2A06BBDE8F041091D01F008
:10AB50005BB8606B091D01F057F8A06A854200D20E
:10AB6000A562BDE8F081000004020020B8170020B3
:10AB70002DE9F041054601F06BF82E4CA068401C11
:10AB8000A06020682C4F10B1606940B32DE02560B3
:10AB9000A068012829D1002606EB860007EB80007B
:10ABA00001F024F8761C072EF6D323488C3001F0F0
:10ABB0001DF82148A03001F019F81F48B43001F009
:10ABC00015F81D48C83001F011F81B48DC3001F0C1
:10ABD0000DF819488C3060631430A06305E02068DC
:10ABE000E96AC06A884200D82560606A401C6062D9
:10ABF000E96A0120226988401043206101EB81004D
:10AC000007EB8000291D01F017F801F041F8606999
:10AC100000280CD02068E96AC06A884207D2074938
:10AC20004FF080500860BFF34F8FBFF36F8FBDE8C8
:10AC3000F081000004020020DC16002004ED00E09A
:10AC400010B5044690F8510058B101280CD00228E4
:10AC50000FD0502080F31188BFF34F8FBFF36F8F59
:10AC6000FEE7206B01F028F82046BDE8104001F017
:10AC700023B810BD0F4844F2D021420705D0C01DB3
:10AC80000C4A20F00700821A891A0B4A002301445B
:10AC9000C2E900030839183A21F0070111604B603E
:10ACA0000B600B1AC0E9001393604FF00040536033
:10ACB00050617047CC17002058020020144E154CEC
:10ACC000A6F1C8074FF08058DFF84C9012E000BFA3
:10ACD00000F0BEFFF068C568281D00F069FFA0689D
:10ACE000401EA0606068401E606000F0D1FF2846F2
:10ACF000FFF7A6FF60680028EAD138680128F9D973
:10AD0000C9F80080BFF34F8FBFF36F8FF2E70000E9
:10AD1000A41700200402002004ED00E02DE9F04714
:10AD20009A46DDE9098481466FF00303206B03EB4B
:10AD300082021044089E20F00707780707D05020B1
:10AD400080F31188BFF34F8FBFF36F8FFEE70025AD
:10AD500061B1002023180A5C83F834200A5C12B128
:10AD6000401C1028F6D384F8435001E084F8345096
:10AD7000072E00D30626E662C4E91165201D00F007
:10AD800040FF04F1180000F03CFF2461C6F1070009
:10AD90006462A061E56484F85050524649463846E2
:10ADA00000F0C0F82060B8F1000F01D0C8F80040F2
:10ADB000BDE8F08730B5114900E011460A688242CB
:10ADC000FBD34B685C18844203D140681844486048
:10ADD000084643681C18944209D1084C183C246862
:10ADE000A24209D052681A4442600A68126802609E
:10ADF000814200D0086030BD0460F9E758020020AD
:10AE00000648416B096829B1416BC968C96849683E
:10AE1000816270474FF0FF31FAE700000402002022
:10AE200008484068401C4FF0500080F3118804D05F
:10AE3000BFF34F8FBFF36F8FFEE7BFF34F8FBFF3AB
:10AE40006F8FFEE7600200202DE9F04105460027E4
:10AE500000F0D2FF324E306808B9FFF70BFF70697F
:10AE600005424ED1C5B3083568070ED005F007007E
:10AE7000C0F108000544680707D0502080F311880E
:10AE8000BFF34F8FBFF36F8FFEE72DB3706885421E
:10AE900037D82348183001460C6801E020460C469C
:10AEA0006168A94202D221680029F7D131688C4239
:10AEB00027D007682168016060680837411B1029A6
:10AEC0000FD96019420708D0502080F31188BFF3D2
:10AED0004F8FBFF36F8FFEE713E041606560FFF7B0
:10AEE00069FF61687068401A7060B268904200D271
:10AEF000B060706901430020C4E90001F068401CA3
:10AF0000F06001F0E7F8780707D0502080F311884F
:10AF1000BFF34F8FBFF36F8FFEE73846BDE8F08178
:10AF20004002002010B5031F4FF080741C601B1FEF
:10AF300021F001011960191F044B0B6014390A60DC
:10AF4000091F6FF0020244380A6010BD21AE0008EC
:10AF50002DE9FF4F00287CD000297AD00278437871
:10AF600042EA0322C2F30A0221F8162B43788478BE
:10AF7000DB0843EA4413C3F30A0921F8149CCDF813
:10AF80000C908378C4789B0943EA8403047943EAEC
:10AF90008423C3F30A0921F8129CCDF808900379A1
:10AFA00044795B0843EAC413C3F30A0921F8109CEF
:10AFB000CDF804904379C3F3011301F80D3C4379B4
:10AFC0009B0901F80E3C037C447C43EA042941F8C8
:10AFD0000A9CCDF800908379C47943EA04230B805E
:10AFE000037A447A43EA04234B80837AC47A43EA9F
:10AFF00004238B80037B8B71437BCB71837BC47B6E
:10B0000043EA0423CB81837B03F001030B74837B2E
:10B01000C3F340034B74837BC3F380038B74837B44
:10B02000C3F3C003CB74837BC3F300130B75837B23
:10B03000C3F340134B759B46837BC3F3801881F8A1
:10B040001680837BDB09CB759A46C37B03F0010C2A
:10B0500000E008E181F818C0C37BC3F340074F76D6
:10B06000C37BC3F380068E76C37BC3F3C00981F82C
:10B070001B90C37B5FEA090EC3F300150D77C37BFA
:10B08000C3F340144C77C37BC3F380138B77C07B2F
:10B09000A2F580624FEAD010C87721F8162DDDF8AE
:10B0A0000C90A9F58069A1F80290DDF80890A9F547
:10B0B0008069A1F80490DDF80490A9F58069A1F8F1
:10B0C0000690DDF80090A9F58069C1F80C9009D0D0
:10B0D00091F8412032B991F8512052B15FF000024D
:10B0E00081F8512081F841E065B191F8422012B118
:10B0F00008E00122F4E791F8522052B15FF000021B
:10B1000081F8522081F8425064B191F8432012B185
:10B1100008E00122F4E791F8532052B15FF00002F9
:10B1200081F8532081F8434063B191F8442012B173
:10B1300008E00122F4E791F8542062B15FF00002C8
:10B1400081F8542081F84430BBF1000F0CD091F805
:10B150003B2012B108E00122F2E791F84B2062B1E6
:10B160005FF0000281F84B2081F83BB0B8F1000F8E
:10B170000CD091F83C2012B108E00122F2E791F8DE
:10B180004C2062B15FF0000281F84C2081F83C80D5
:10B19000BAF1000F0CD091F83D2012B108E0012265
:10B1A000F2E791F84D2052B15FF0000281F84D2096
:10B1B00081F83DA067B191F83F2012B108E001226B
:10B1C000F4E791F84F2052B15FF0000281F84F2070
:10B1D00081F83F7066B191F8402012B108E0012279
:10B1E000F4E791F8502052B15FF0000281F850204E
:10B1F00081F8406060B191F8452012B108E0012269
:10B20000F4E791F8552062B15FF0000281F8552013
:10B2100081F84500BCF1000F0CD091F83E0010B150
:10B2200008E00122F2E791F84E0048B15FF000001B
:10B2300081F84E0081F83EC0487F012802D008E026
:10B240000120F5E791F820201AB9CA7F4AB10022FF
:10B25000CA7781F82000FBF743FCBDE8FF4FF9F700
:10B260004FB80122F4E7BDE8FF8F0000FEF7D2F9E6
:10B270000D4800F061F80C48FEF7F4FE0A4800F0B3
:10B2800001FA0948FFF7BEF80748FEF75FF8FEF736
:10B29000CDFBFEF7CFFA00F02BFCFEF797F901206B
:10B2A000FFF79EFBE4E700001000002030B589B0F6
:10B2B000DDE90C54029100210491059108210691C9
:10B2C000110A8DF800108DF80120190A8DF802106E
:10B2D000290A8DF804108DF80550210A8DF8061002
:10B2E0008DF803308DF8074008AB6A4602A9F6F7DF
:10B2F00086F804490028087002D04878401C48703D
:10B3000009B030BD4C03002010EE100A0849DFEDF3
:10B31000070A884204DA10EE100A0649884201D36F
:10B32000F0EE400AB0EE600A704700000000000036
:10B3300000004842000048C210B504462DED068BBF
:10B34000FFF732FB9FEDB18AD4F8640128B984ED90
:10B35000028A84ED038A84ED048A2078B7EE000A1D
:10B36000002859D001286AD0E06BF5F7EFF941ECDD
:10B37000100BFCF72DFDB0EE408AF0EE608AA0685D
:10B38000F5F7E4F953EC182BF5F7B4F841EC180B8A
:10B39000E06BF5F7DBF941EC100BFBF78DFEB0EE3F
:10B3A000409AF0EE609AE068F5F7D0F953EC192B6B
:10B3B000F5F7A0F853EC182BF5F796F8F5F70AFA1D
:10B3C0006062E06BF5F7C2F941EC100BFCF700FD91
:10B3D000B0EE408AF0EE608AE068F5F7B7F953EC1A
:10B3E000182BF5F787F841EC180BE06BF5F7AEF981
:10B3F00041EC100BFBF760FEB0EE409AF0EE609A65
:10B40000A068F5F7A3F953EC192BF5F773F841ECA5
:10B41000100B53EC182BE2E084ED020AE06BF5F719
:10B4200095F941EC100BFCF7D3FCB0EE409AF0EE2E
:10B43000609AA068F5F78AF953EC192B26E0D4ED51
:10B44000020AF5EEC00AF1EE10FA71D1D4ED040A49
:10B45000F5EEC00AF1EE10FA6AD1D4ED030AF5EE6A
:10B46000C00AF1EE10FA63D184ED020AE06BF5F741
:10B470006DF941EC100BFCF7ABFCB0EE409AF0EE2E
:10B48000609AA068F5F762F953EC192BF5F732F8DA
:10B4900041EC190BE06BF5F759F941EC100BFBF798
:10B4A0000BFEB0EE40AAF0EE60AAE068F5F74EF9A8
:10B4B00053EC1A2BF5F71EF853EC192BF5F714F88B
:10B4C000F5F788F96062E06BF5F740F941EC100B95
:10B4D000FCF77EFCB0EE409AF0EE609AE068F5F77B
:10B4E00035F953EC192BF5F705F841EC190BE06B26
:10B4F000F5F72CF941EC100BFBF7DEFDB0EE40AA9E
:10B50000F0EE60AAA068F5F721F953EC1A2BF4F7D6
:10B51000F1FF53EC192BF4F746FFF5F75BF92062C6
:10B5200094ED040A84ED0A0A84ED028A62E0FFE7E2
:10B53000E06BF5F70BF941EC100BFCF749FCB0EEB2
:10B54000408AF0EE608AA068F5F700F953EC182BFA
:10B55000F4F7D0FF41EC190BE06BF5F7F7F841EC8D
:10B56000100BFBF7A9FDB0EE408AF0EE608AE068B0
:10B57000F5F7ECF853EC182BF4F7BCFF53EC192B50
:10B58000F4F7B2FFF5F726F96062E06BF5F7DEF845
:10B5900041EC100BFCF71CFCB0EE408AF0EE608A28
:10B5A000E068F5F7D3F853EC182BF4F7A3FF41EC60
:10B5B000190BE06BF5F7CAF841EC100BFBF77CFDBB
:10B5C000B0EE408AF0EE608AA068F5F7BFF853EC61
:10B5D000182BF4F78FFF53EC192B41EC100B51ECA7
:10B5E000100BF4F7E0FEF5F7F5F8206294ED040A8D
:10B5F00084ED0A0A00EE100A054880ED030A94ED76
:10B60000090A80ED040ABDEC068B10BD00000000A5
:10B61000A801002000B52DED048B83B041EC190B7F
:10B62000F5F7E6F941EC180B18EE100A18EE901A2F
:10B630008DED008B002818BF0120084320F000404A
:10B64000C0F17F6000F1E040C00F14D019EE101A75
:10B6500019EE900A8DED009B002918BF01210843C7
:10B6600020F00040C0F17F6000F1E040C00F04BF57
:10B670000120FDF7C1F851EC180B03B0BDEC048BB1
:10B6800000BD00002DE9F04104462DED068B9FED35
:10B69000F68B9FEDF79B806EF5F758F841EC1A0B8F
:10B6A000E06EF5F753F841EC100BB0EE4A1AF0EEED
:10B6B0006A1AFBF701FC53EC182B51EC100BF5F751
:10B6C00059F8A06E17D2F5F741F841EC1A0BE06E6D
:10B6D000F5F73CF841EC100BB0EE4A1AF0EE6A1A9E
:10B6E000FBF7EAFB53EC192B51EC100BF4F75BFE64
:10B6F00041EC100B0EE0F5F729F841EC1A0BE06E67
:10B70000F5F724F841EC100BB0EE4A1AF0EE6A1A85
:10B71000FBF7D2FB51EC100BF5F75CF8C4F8A00076
:10B72000E06DF5F713F841EC1A0B206EF5F70EF803
:10B7300041EC100BB0EE4A1AF0EE6A1AFBF7BCFBB4
:10B7400053EC182B51EC100BF5F714F8E06D17D2F1
:10B75000F4F7FCFF41EC1A0B206EF4F7F7FF41EC15
:10B76000100BB0EE4A1AF0EE6A1AFBF7A5FB53EC89
:10B77000192B51EC100BF4F716FE41EC100B0EE0F8
:10B78000F4F7E4FF41EC1A0B206EF4F7DFFF41EC15
:10B79000100BB0EE4A1AF0EE6A1AFBF78DFB51EC73
:10B7A000100BF5F717F8C4F89C00206DF4F7CEFFE6
:10B7B00041EC1A0B606DF4F7C9FF41EC100BB0EED1
:10B7C0004A1AF0EE6A1AFBF777FB53EC182B51EC90
:10B7D000100BF4F7CFFF206D17D2F4F7B7FF41EC51
:10B7E0001A0B606DF4F7B2FF41EC100BB0EE4A1A81
:10B7F000F0EE6A1AFBF760FB53EC192B51EC100BBF
:10B80000F4F7D1FD41EC100B0EE0F4F79FFF41EC93
:10B810001A0B606DF4F79AFF41EC100BB0EE4A1A68
:10B82000F0EE6A1AFBF748FB51EC100BF4F7D2FF6D
:10B83000C4F89800606CF4F789FF41EC1A0BA06C17
:10B84000F4F784FF41EC100BB0EE4A1AF0EE6A1ADE
:10B85000FBF732FB53EC182B51EC100BF4F78AFF7B
:10B86000606C17D2F4F772FF41EC180BA06CF4F780
:10B870006DFF41EC100BB0EE481AF0EE681AFBF7C2
:10B880001BFB53EC192B51EC100BF4F78CFD41EC26
:10B89000100B0EE0F4F75AFF41EC180BA06CF4F714
:10B8A00055FF41EC100BB0EE481AF0EE681AFBF7AA
:10B8B00003FB51EC100BF4F78DFFC4F8940094EDEA
:10B8C000280ADFED6D0AC0EE201A9FED6C0A9FED8D
:10B8D0006C1A01EE801A84ED3C1A94ED271AC1EE21
:10B8E000201A9FED681A01EE801A84ED3B1A94ED40
:10B8F000261AC1EE201A9FED641A01EE801A01EE9D
:10B90000900A84ED3A1A81EEA01ADFED600A604ACF
:10B9100000214FF08C454FF08B464FF08A47FFEEE9
:10B92000001A41EE000AC4ED390A9FED5A1A00BF11
:10B9300004EB8100D0ED390A10EE903AAB4202DD03
:10B9400070EEC00A06E010EE903AB3F1464F03D90C
:10B9500070EE800AC0ED390A01EB810303EBC103ED
:10B9600002EB830CBCF9103002EE103AB8EEC22A9A
:10B9700030EEC22A12EE10EAB64502DD70EEC00AC1
:10B980000CE002EE103AB8EEC22A30EEC22A12EEF5
:10B99000103A13F16A5F03D970EE800AC0ED390ADC
:10B9A000BCF9103002EE103AB8EEC22A30EEC22ACC
:10B9B00012EE10CABC4504DDC0ED351A70EEC10AA6
:10B9C00013E002EE103AB8EEC22A30EEC22A12EEAE
:10B9D000103AB3F1454F04D9C0ED351A70EE810A23
:10B9E00003E0B7EE002A80ED352A491CC0ED290A94
:10B9F00004299DDB2078F8B9B2F9AC0000EE100AFA
:10BA0000B8EEC00A84ED440AB2F9780000EE100ADC
:10BA1000B8EEC00A84ED430AB2F9440000EE100A01
:10BA2000B8EEC00A84ED420AB2F9100000EE100A26
:10BA3000B8EEC00A84ED410A174890ED040A4FF0B1
:10BA40000000B5EEC00AF1EE10FA03D0401C042845
:10BA5000FCDB02E0401C0428FCDBD4F86401E8B104
:10BA6000012825D02FE000000000000000000000A9
:10BA700000000060FB211940DB0FC94000000046B8
:10BA80000070EF4500F8B4450010A34500C04345E1
:10BA90001C5D0020000080451000002004EB8001A8
:10BAA000401C91ED410A042881ED2D0AF6DB0AE0E5
:10BAB0005FF0000004EB8001401C91ED290A04288E
:10BAC00081ED2D0AF6DB94ED300A84ED440A94ED05
:10BAD0002F0A84ED430A94ED2E0A84ED420A94ED78
:10BAE0002D0A84ED410ABDEC068BBDE8F081000013
:10BAF0001CB5114B1248114A93F8404003C8012C61
:10BB000010D11B7873B113685B1C13600D4AB2F936
:10BB1000C840B2F99430CDE90034B2F96030B2F9DE
:10BB20002C2006E053685B1C5360002200921346F1
:10BB30000192FFF7BBFB1CBD100000207C01002020
:10BB4000440300201C5D002008B5B7EE000A8DED0F
:10BB5000000A69469FED0F0A0F48FEF7CBFD9FEDE7
:10BB6000101A0D489FED0D2AF0EE411ADFED0D0A77
:10BB70009FED0D0A3C38FEF7AAFF0C48FDF73CFC90
:10BB80000A48FEF7CDFD0948FDF716FD0120FEF736
:10BB900027FFF2E70AD7A33C9803002000803B452B
:10BBA0000000000000000C430060EA451000002087
:10BBB000D0E9013201699A60D0E901235A604A68EC
:10BBC000824201D182684A60002202610868401EF8
:10BBD0000860086870470000034B036003F15400DD
:10BBE0000860802010607047CC08002000F1080138
:10BBF0004FF0FF32C0E90112C16001610021016014
:10BC0000704700210161704730B50B685A1C02D0A3
:10BC100000F1080202E0026904E022465468256847
:10BC20009D42FAD953684B6099608A6051600861FF
:10BC30000168491C016030BD42684A6093688B60AE
:10BC400093685960916008610168491C0160704700
:10BC5000502080F31188BFF34F8FBFF36F8F0A49D5
:10BC60004868401C486001280CD10848006810F062
:10BC7000FF0F07D0502080F31188BFF34F8FBFF321
:10BC80006F8FFEE7704700006002002004ED00E0C7
:10BC90000849486828B1401E486001D180F31188E6
:10BCA0007047502080F31188BFF34F8FBFF36F8F21
:10BCB000FEE700006002002070B500282AD0164D73
:10BCC000A0F1080460686969084207D1502080F338
:10BCD0001188BFF34F8FBFF36F8FFEE722683AB131
:10BCE000502080F31188BFF34F8FBFF36F8FFEE7B3
:10BCF0008843606000F080F86068696808446860A4
:10BD00002046FFF757F82869401C2861BDE87040BD
:10BD100000F0E0B970BD0000400200204FF0E020CC
:10BD200000210161816105494FF47A720968B1FB14
:10BD3000F2F1491E416107210161704700020020B4
:10BD400010B5020014D00F48006B38B1502080F3BA
:10BD50001188BFF34F8FBFF36F8FFEE700F04CF8F1
:10BD600000211046FEF7CCFE00F0B4F9002807D100
:10BD700005494FF080500860BFF34F8FBFF36F8FBE
:10BD800010BD00000402002004ED00E010B586B0F4
:10BD90000024039405AA04A903A80494FFF71CFF38
:10BDA000DDE903010094CDE9011000230EA1104844
:10BDB000059A00F0FEF80F490028C86211D0502003
:10BDC00080F31188BFF34F8FBFF36F8F4FF0FF30B9
:10BDD000886201204861CC6006B0BDE8104000F0E8
:10BDE00041B806B010BD000049444C4500000000B9
:10BDF000BDAC0008040200200248016B491C01632D
:10BE000070470000040200201448016B11B10121A9
:10BE1000C16170470021C1610169B1FA81F1C1F1CD
:10BE20001F0101EB81020E4951F822306BB101EB89
:10BE3000820101F108034A6852684A609A4201D1BE
:10BE400052684A60D16801607047502080F31188C1
:10BE5000BFF34F8FBFF36F8FFEE700000402002097
:10BE6000DC1600201CB537480168374A914207D1DB
:10BE7000502080F31188BFF34F8FBFF36F8FFEE721
:10BE800000683149491E884207D1502080F311884B
:10BE9000BFF34F8FBFF36F8FFEE72C4908780190F7
:10BEA000FF20087008788DF800009DF800009DF8CC
:10BEB000002000F0F000904207D0502080F311885D
:10BEC000BFF34F8FBFF36F8FFEE79DF80000204C4C
:10BED00000F0500020700720A06005E09DF80020D1
:10BEE00052008DF80020401E9DF800201206F5D467
:10BEF000A060032807D0502080F31188BFF34F8F34
:10BF0000BFF36F8FFEE74FF44070A0600198087098
:10BF10000C482030016841F470010160016841F073
:10BF200070410160FFF7FAFE00206060F4F75CF9F1
:10BF30000848016841F040410160F4F741F90020F0
:10BF40001CBD000000ED00E071C20F4100E400E004
:10BF50006002002034EF00E02DE9FF5F8346DDE959
:10BF60000E87994616468A469000FEF76DFF05003B
:10BF70001CD05420FEF768FF040014D00020256375
:10BF800084F85100CDE90240CDE900874B463246A6
:10BF900051465846FEF7C2FE2046FEF7E9FD012055
:10BFA00004B0BDE8F09F2846FFF786FE4FF0FF3053
:10BFB000F6E7F0B585B0DDE90B640A9DA6B1DCB10A
:10BFC000542700972663022684F85160002604AFA8
:10BFD000CDE90246CDE90057FEF7A0FE2046FEF768
:10BFE000C7FD049805B0F0BD502080F31188BFF361
:10BFF0004F8FBFF36F8FFEE7502080F31188BFF3A0
:10C000004F8FBFF36F8FFEE72DE9F0412F4C0026D5
:10C01000206B28B1A069401CA0613046BDE8F081CA
:10C02000E5686D1CE56013D1606B006838B1502085
:10C0300080F31188BFF34F8FBFF36F8FFEE7606B04
:10C04000A16B6163A063206A401C2062FEF7D8FEEA
:10C05000A06ADFF87C80854209D3606B0068A0B1DC
:10C06000606BC068C7687868854211D2A06220689A
:10C07000C06A00EB800158F82100012800D9012690
:10C08000E0690028C9D00126C7E74FF0FF30EDE78F
:10C09000381DFFF78DFDB86A18B107F11800FFF7DA
:10C0A00087FDF96A0120226988401043206101EB75
:10C0B000810108EB8100391DFFF7BEFDF86A216898
:10C0C000C96A8842C9D30126C7E7000004020020DC
:10C0D000DC1600202DE9F0472C4D00242746286B64
:10C0E00038B1FFF7B5FD286B401E2863286B40B1BF
:10C0F00046E0502080F31188BFF34F8FBFF36F8F5E
:10C10000FEE7A968224E0120D1B3A6F1B40980460A
:10C110003068E8B1F068C46804F11800FFF748FD22
:10C12000201DFFF745FDE06A2A6908FA00F1114376
:10C13000296100EB800109EB8100211DFFF77CFDE7
:10C14000E06A2968C96A8842E2D3C5F81C80DFE743
:10C150000CB1FEF755FEAC6944B14646FFF754FFFB
:10C1600000B1EE61641EF9D10020A861E86938B120
:10C170000849012738070860BFF34F8FBFF36F8F5F
:10C18000FFF786FD3846BDE8F08700000402002076
:10C190009017002004ED00E02800640064006400B3
:10C1A00064000A000A000A00320032001E0000008B
:10C1B000DCCC00086F520008000000000000000006
:10C1C000800000000000000000000000E8CC000833
:10C1D00049BB000801000000000000000001000051
:10C1E0000000000000000000F4CC00088D4D0008A5
:10C1F000010000000000000000010000000000003D
:10C200000000000004CD00086DB20008010000002D
:10C21000000000000002000000000000000000001C
:10C22000C8CC0008F9100008FEFF00000000000064
:10C23000000100000000000000000000D0CC000859
:10C24000D5AA0008FEFF00000000000080000000EA
:10C250000000000000000000000610160006101686
:10C2600000000000000000000102030406070809A6
:10C27000000000000102030400000000920E493C8F
:10C28000B10AC93C2BC3163D2EFB483D752B7B3DA7
:10C2900004A9963D80B6AF3D36BDC83D2FBCE13DFB
:10C2A00073B2FA3D87CF093E8340163EB5AB223EBE
:10C2B000A2102F3ECF6E3B3EC2C5473E0115543EF5
:10C2C000135C603E7F9A6C3ECCCF783EC07D823E50
:10C2D000938E883E229A8E3E32A0943E86A09A3E4D
:10C2E000E59AA03E128FA63ED47CAC3EEF63B23EF0
:10C2F0002A44B83E491DBE3E15EFC33E53B9C93E60
:10C30000CA7BCF3E4136D53E80E8DA3E4F92E03ED2
:10C310007533E63EBBCBEB3EEA5AF13ECBE0F63E50
:10C32000275DFC3EE4E7003F3D9C033F824B063F18
:10C330009BF5083F6B9A0B3FDA390E3FCDD3103F88
:10C340002A68133FD9F6153FC07F183FC6021B3F2E
:10C35000D17F1D3FCBF61F3F9967223F25D2243F57
:10C360005636273F1594293F4AEB2B3FDE3B2E3FA5
:10C37000BB85303FC9C8323FF304353F233A373FCE
:10C380004268393F3B8F3B3FF9AE3D3F67C73F3F78
:10C3900070D8413F01E2433F03E4453F65DE473F3C
:10C3A00012D1493FF8BB4B3F029F4D3F207A4F3F90
:10C3B0003D4D513F4918533F31DB543FE595563FC2
:10C3C0005348583F6AF2593F1A945B3F532D5D3FE3
:10C3D00005BE5E3F2146603F97C5613F5A3C633FC3
:10C3E00059AA643F880F663FD86B673F3CBF683FE0
:10C3F000A7096A3F0C4B6B3F5E836C3F93B26D3F66
:10C400009ED86E3F73F56F3F0809713F5213723F1C
:10C410004714733FDD0B743F0BFA743FC6DE753F64
:10C4200007BA763FC58B773FF853783F9812793F2C
:10C430009DC7793F02737A3FBE147B3FCDAC7B3FF3
:10C44000283B7C3FC9BF7C3FAC3A7D3FCCAB7D3FB6
:10C4500023137E3FB0707E3F6DC47E3F580E7F3FFA
:10C460006D4E7F3FAB847F3F0FB17F3F97D37F3FC0
:10C4700043EC7F3F11FB7F3F0000803F11FB7F3F7C
:10C4800043EC7F3F97D37F3F0FB17F3FAB847F3F2C
:10C490006D4E7F3F580E7F3F6DC47E3FB0707E3F34
:10C4A00023137E3FCCAB7D3FAC3A7D3FC9BF7C3F81
:10C4B000283B7C3FCDAC7B3FBE147B3F02737A3F71
:10C4C0009DC7793F9812793FF853783FC58B773FE6
:10C4D00007BA763FC6DE753F0BFA743FDD0B743F3B
:10C4E0004714733F5213723F0809713F73F56F3F52
:10C4F0009ED86E3F93B26D3F5E836C3F0C4B6B3F9B
:10C50000A7096A3F3CBF683FD86B673F880F663F0B
:10C5100059AA643F5A3C633F97C5613F2146603F3B
:10C5200005BE5E3F532D5D3F1A945B3F6AF2593F53
:10C530005348583FE595563F31DB543F4918533F28
:10C540003D4D513F207A4F3F029F4D3FF8BB4B3F3F
:10C5500012D1493F65DE473F03E4453F01E2433FD7
:10C5600070D8413F67C73F3FF9AE3D3F3B8F3B3FF0
:10C570004268393F233A373FF304353FC9C8323F59
:10C58000BB85303FDE3B2E3F4AEB2B3F1594293FC6
:10C590005636273F25D2243F9967223FCBF61F3FCF
:10C5A000D17F1D3FC6021B3FC07F183FD9F6153F04
:10C5B0002A68133FCDD3103FDA390E3F6B9A0B3FF9
:10C5C0009BF5083F824B063F3D9C033FE4E7003F5D
:10C5D000275DFC3ECBE0F63EEA5AF13EBBCBEB3E9C
:10C5E0007533E63E4F92E03E80E8DA3E4136D53E76
:10C5F000CA7BCF3E53B9C93E15EFC33E491DBE3E6F
:10C600002A44B83EEF63B23ED47CAC3E128FA63EC5
:10C61000E59AA03E86A09A3E32A0943E229A8E3E93
:10C62000938E883EC07D823ECCCF783E7F9A6C3E12
:10C63000135C603E0115543EC2C5473ECF6E3B3E83
:10C64000A2102F3EB5AB223E8340163E87CF093E57
:10C6500073B2FA3D2FBCE13D36BDC83D80B6AF3D5B
:10C6600004A9963D752B7B3D2EFB483D2BC3163D03
:10C67000B10AC93C920E493C00000000920E49BC30
:10C68000B10AC9BC2BC316BD2EFB48BD752B7BBDA3
:10C6900004A996BD80B6AFBD36BDC8BD2FBCE1BDF7
:10C6A00073B2FABD87CF09BE834016BEB5AB22BEBA
:10C6B000A2102FBECF6E3BBEC2C547BE011554BEF1
:10C6C000135C60BE7F9A6CBECCCF78BEC07D82BE4C
:10C6D000938E88BE229A8EBE32A094BE86A09ABE49
:10C6E000E59AA0BE128FA6BED47CACBEEF63B2BEEC
:10C6F0002A44B8BE491DBEBE15EFC3BE53B9C9BE5C
:10C70000CA7BCFBE4136D5BE80E8DABE4F92E0BECE
:10C710007533E6BEBBCBEBBEEA5AF1BECBE0F6BE4C
:10C72000275DFCBEE4E700BF3D9C03BF824B06BF14
:10C730009BF508BF6B9A0BBFDA390EBFCDD310BF84
:10C740002A6813BFD9F615BFC07F18BFC6021BBF2A
:10C75000D17F1DBFCBF61FBF996722BF25D224BF53
:10C76000563627BF159429BF4AEB2BBFDE3B2EBFA1
:10C77000BB8530BFC9C832BFF30435BF233A37BFCA
:10C78000426839BF3B8F3BBFF9AE3DBF67C73FBF74
:10C7900070D841BF01E243BF03E445BF65DE47BF38
:10C7A00012D149BFF8BB4BBF029F4DBF207A4FBF8C
:10C7B0003D4D51BF491853BF31DB54BFE59556BFBE
:10C7C000534858BF6AF259BF1A945BBF532D5DBFDF
:10C7D00005BE5EBF214660BF97C561BF5A3C63BFBF
:10C7E00059AA64BF880F66BFD86B67BF3CBF68BFDC
:10C7F000A7096ABF0C4B6BBF5E836CBF93B26DBF62
:10C800009ED86EBF73F56FBF080971BF521372BF18
:10C81000471473BFDD0B74BF0BFA74BFC6DE75BF60
:10C8200007BA76BFC58B77BFF85378BF981279BF28
:10C830009DC779BF02737ABFBE147BBFCDAC7BBFEF
:10C84000283B7CBFC9BF7CBFAC3A7DBFCCAB7DBFB2
:10C8500023137EBFB0707EBF6DC47EBF580E7FBFF6
:10C860006D4E7FBFAB847FBF0FB17FBF97D37FBFBC
:10C8700043EC7FBF11FB7FBF000080BF11FB7FBF78
:10C8800043EC7FBF97D37FBF0FB17FBFAB847FBF28
:10C890006D4E7FBF580E7FBF6DC47EBFB0707EBF30
:10C8A00023137EBFCCAB7DBFAC3A7DBFC9BF7CBF7D
:10C8B000283B7CBFCDAC7BBFBE147BBF02737ABF6D
:10C8C0009DC779BF981279BFF85378BFC58B77BFE2
:10C8D00007BA76BFC6DE75BF0BFA74BFDD0B74BF37
:10C8E000471473BF521372BF080971BF73F56FBF4E
:10C8F0009ED86EBF93B26DBF5E836CBF0C4B6BBF97
:10C90000A7096ABF3CBF68BFD86B67BF880F66BF07
:10C9100059AA64BF5A3C63BF97C561BF214660BF37
:10C9200005BE5EBF532D5DBF1A945BBF6AF259BF4F
:10C93000534858BFE59556BF31DB54BF491853BF24
:10C940003D4D51BF207A4FBF029F4DBFF8BB4BBF3B
:10C9500012D149BF65DE47BF03E445BF01E243BFD3
:10C9600070D841BF67C73FBFF9AE3DBF3B8F3BBFEC
:10C97000426839BF233A37BFF30435BFC9C832BF55
:10C98000BB8530BFDE3B2EBF4AEB2BBF159429BFC2
:10C99000563627BF25D224BF996722BFCBF61FBFCB
:10C9A000D17F1DBFC6021BBFC07F18BFD9F615BF00
:10C9B0002A6813BFCDD310BFDA390EBF6B9A0BBFF5
:10C9C0009BF508BF824B06BF3D9C03BFE4E700BF59
:10C9D000275DFCBECBE0F6BEEA5AF1BEBBCBEBBE98
:10C9E0007533E6BE4F92E0BE80E8DABE4136D5BE72
:10C9F000CA7BCFBE53B9C9BE15EFC3BE491DBEBE6B
:10CA00002A44B8BEEF63B2BED47CACBE128FA6BEC1
:10CA1000E59AA0BE86A09ABE32A094BE229A8EBE8F
:10CA2000938E88BEC07D82BECCCF78BE7F9A6CBE0E
:10CA3000135C60BE011554BEC2C547BECF6E3BBE7F
:10CA4000A2102FBEB5AB22BE834016BE87CF09BE53
:10CA500073B2FABD2FBCE1BD36BDC8BD80B6AFBD57
:10CA600004A996BD752B7BBD2EFB48BD2BC316BDFF
:10CA7000B10AC9BC920E49BC000000800000000051
:10CA8000000000000000F03F000000000000F83F40
:10CA900000000000000000000000004003B8E23F7A
:10CAA000000000000000000006D0CF43EBFD4C3E2C
:10CAB000033333333333E33FFFAB6FDBB66DDB3F21
:10CAC0004D268F515555D53F01411DA96074D13F69
:10CAD00065DBC9934A86CD3FEF4E454A287ECA3F63
:10CAE0003E5555555555C53F93BDBE166CC166BFE5
:10CAF0002CDE25AF6A56113FF16BD2C541BDBBBEDE
:10CB0000D0A4BE726937663E4FBB610567ACDD3F9E
:10CB1000182D4454FB21E93F9BF681D20B73EF3F64
:10CB2000182D4454FB21F93FE2652F227F2B7A3CDC
:10CB3000075C143326A6813CBDCBF07A8807703C95
:10CB4000075C143326A6913CC4EB98999999C9BF08
:10CB5000711623FEC671BCBF6D9A74AFF2B0B3BF3D
:10CB60009AFDDE522DDEADBF2F6C6A2C44B4A2BFFD
:10CB70000D5555555555D53FFF8300922449C23F69
:10CB80006E204CC5CD45B73F513DD0A0660DB13F9D
:10CB9000EB0D76244B7BA93F11DA22E33AAD903FAF
:10CBA0004C5555555555A53F7751C1166CC156BFCB
:10CBB0009015CB19A001FA3EAD529C804F7E92BEDB
:10CBC000C4B1B4BD9EEE213ED43888BEE9FAA8BDFA
:10CBD000000000000000000000004054FB21F93F6D
:10CBE0003163621A61B4D03D0000601A61B4D03D77
:10CBF0007370032E8A19A33B0000002E8A19A33BF1
:10CC0000C14920259A837B39000000000000000004
:10CC10006E83F9A22915444ED15727FCC0DD34F5A7
:10CC2000999562DB4190433CAB6351FE61C5BBDE2D
:10CC30003A6E24B7E0D24D42EA2E49061C92D10941
:10CC40001CEB1DFE3EA729B1F53582E88444BB2EBE
:10CC500026709CE9417E5FB439D69139F43953830B
:10CC60008B5F849C3B28F9BDFF97F81F0F9805DE6A
:10CC70008B112FEF1F6D0A5ACF7E366DB709CB2768
:10CC8000663F464F2DEA5F9EC7BA27757BF1E5EBFD
:10CC9000F739073DEA92528AB15FFB6B085D8D1F41
:10CCA000A6F810111111813FD561C119A0012ABF49
:10CCB0007DFEB157E31DC73EEB9C2B8AE6E55ABECD
:10CCC0007CD5CF5A3AD9E53D4445544543540000FC
:10CCD0007072696E74665461736B0000646566619E
:10CCE000756C745461736B0073797374656D5F74E4
:10CCF00061736B004F646F6D657465725F7461730F
:10CD00006B000000636861737369735F7461736BB8
:10CD10000000000034CD0008000000205C0300008B
:10CD2000E80A0008A8CD00085C030020B47A0000DF
:10CD3000E887000801E6CB803F04011F14C043458B
:10CD40001410A34514F8B445044A70EF457A01065F
:10CD5000490A0176297C8210036124F41AAA01C9C8
:10CD60007F4370170009103333EB3A58A08B3A1504
:10CD70007D04017C100F0240AB03410105530806FE
:10CD80005804070F160810810911160A15800B1692
:10CD900005840C18010D13200B122022021A4808DA
:08CDA0001AFED601100000008C
:040000050800018965
:00000001FF
