:020000040800F2
:1000000008A6002061020008136B0008594D000883
:10001000116B0008C9150008098E000800000000D7
:10002000000000000000000000000000A101000826
:10003000D91C000800000000FD010008D17500086F
:100040007B0200087B0200087B0200087B0200089C
:100050007B0200087B020008DB1C00087B02000812
:100060007B020008E11C0008E71C00087B02000876
:10007000011A00087B0200087B0200087B020008CE
:100080007B0200087B0200087B020008D9150008EB
:10009000CD1500087B0200087B020008ED1C00085B
:1000A0007B0200087B0200087B0200087B0200083C
:1000B000A17600087B0200087B0200087B02000892
:1000C0007B0200087B0200087B0200087B0200081C
:1000D0007B020008317D00087B0200083D7D00089E
:1000E0007B0200087B0200087B0200087B020008FC
:1000F0007B0200087B0200087B0200087B020008EC
:100100007B0200087B0200087B0200087B020008DB
:100110007B0200087B0200087B0200087B020008CB
:100120007B0200080D1A00087B0200087B02000811
:100130007B0200087B0200087B020008F115000822
:100140007B020008E51500087B0200084D6D0008E1
:10015000191A00087B020008251A0008FD7D000816
:100160007B0200087B0200087B0200087B0200087B
:100170007B0200087B0200087B02000800000000F0
:100180007B0200087B020008DFF810D000F074FF4B
:100190000048004709A40008AFF3008008A600202B
:1001A0002C4B19680868B0E8F04F80F30988BFF35A
:1001B0006F8F4FF0000080F311887047000000003F
:1001C00008480068006880F308884FF0000080F35A
:1001D000148862B661B6BFF34F8FBFF36F8F00DF35
:1001E00000BF00BF08ED00E0DFF80C00016841F43B
:1001F00070010160704700BF88ED00E0EFF30980F7
:10020000BFF36F8F134B1A681EF0100F08BF20ED5D
:10021000108A20E9F04F106009B44FF0500080F3CD
:100220001188BFF34F8FBFF36F8F0BF009FB4FF0B7
:10023000000080F3118809BC19680868B0E8F04F25
:100240001EF0100F08BFB0EC108A80F30988BFF3CE
:100250006F8F704774000020EFF305807047000037
:100260000648804706480047FEE7FEE7FEE7FEE750
:10027000FEE7FEE7FEE7FEE7FEE7FEE79176000811
:10028000890100089FED1A1AF5EE000A40EE010AF6
:10029000BDEEE00AF5EEC00A10EE100AF1EE10FA1B
:1002A00038BF401E00EE100A1349F7EE001AB8EEF0
:1002B000C00A30EEC00ADFED0F0A20EE200AFCEE85
:1002C000C00A10EE900AC0F3080000EE900A01EB9D
:1002D0008000F8EE600A90ED011A70EE600A90ED71
:1002E000000A71EEE01A21EE800A00EE810A7047E2
:1002F00083F9223E0000004410C10008B5EEC00A98
:10030000F1EE10FA07D2DFED1E0AB4EEE00AF1EECC
:1003100010FAA8BF7047DFED1B0AB5EEC00A60EE09
:10032000200ABDEEE01A11EE100AF1EE10FA38BF05
:10033000401E00EE100A1549F7EE001AB8EEC00A8A
:1003400030EEC00ADFED100A60EE200ABCEEE00AD3
:1003500010EE100AC0F3080000EE100A01EB800056
:10036000B8EE400A90ED011A70EEC00A90ED000A56
:1003700071EEE01A21EE800A00EE810A704700005B
:10038000CD024CB483F9223E0000004410C10008A5
:1003900070B405880E884468D1F804C05368B5422B
:1003A00008D140884988884201BF11888D42518810
:1003B000884203D070BC6FF00200704705FB00F16B
:1003C000880827D094ED001ADCED000A94ED010AAC
:1003D000DCED011A31EE201AD4ED020A70EE211A7A
:1003E0009CED020A83ED001AC3ED011A94ED031A85
:1003F000DCED031A30EE800A401E71EE210A83ED17
:10040000020A04F11004C3ED030A03F110030CF116
:10041000100CD7D111F0030030D0B0F1004F30D222
:1004200000282BDD211F1B1FACF1040210F0010F6F
:100430000AD091ED010AD2ED010A091D121D30EE1C
:10044000200A83ED010A1B1D400817D091ED010A17
:10045000D2ED010A401E30EE200A83ED010A91ED33
:10046000020AD2ED020A01F1080102F1080230EE9F
:10047000200A83ED020A03F10803E7D170BC0020D3
:100480007047B4EC010A401EFCEC010A30EE200A71
:10049000A3EC010AF5D1F1E7018042804360704787
:1004A0002DE9F34F84B004984068009048680190AB
:1004B0000498B0F800E04588DFEDFE0A00200290C5
:1004C000B0EE600AAE4506D108884988884204BF6C
:1004D0007146864504D06FF0020006B0BDE8F08F8B
:1004E00001985FEA010C18BFB7EE001A3DD000BFBB
:1004F000BEEB0C0117D0B1F1004F80F01F82002934
:1005000011DD021F11F0010F1CBFC2ED010A121D07
:100510004B1006D0C2ED010AC2ED020A08325B1E82
:10052000F8D100EB8100BCF10102A0EC011A19D056
:10053000B2F1004F80F00882002A13DD031F12F091
:10054000010F1CBFC3ED010A1B1D511008D000BFD5
:10055000C3ED010AC3ED020A491E03F10803F7D1F6
:1005600000EB8200BCF1010CC2D14FF000080395F2
:10057000002D14BFB0EE602A002000F0BF8100BF44
:10058000009908FB05F001EB800B0199DBED002AD7
:1005900001EB80000346F0EE421AC64552D9AEEB9D
:1005A0000802ABEB850112F0010F17D001EB8501BA
:1005B00091ED000AB5EEC00AF1EE10FA07DDB4EED7
:1005C000E10AF1EE10FA09DDF0EE401A06E0B1EEB4
:1005D000400AF4EEC01AF1EE10FAF5D3521031D001
:1005E00001EB850C9CED000AB5EEC00AF1EE10FAA5
:1005F00005DDB4EEE10AF1EE10FA09DD06E0B1EE38
:10060000400AF4EEC01AF1EE10FA01D2F0EE401AF0
:1006100001EBC50191ED000AB5EEC00AF1EE10FA4A
:1006200005DDB4EEE10AF1EE10FA09DD06E0B1EE07
:10063000400AF4EEC01AF1EE10FA01D2F0EE401AC0
:10064000521ECDD1F5EEC01AF1EE10FA00F0738112
:10065000F5EEC02A0126F1EE10FA0099D4BFB1EEF2
:10066000620AB0EE620AB4EE610AF1EE10FA1CBF43
:10067000AEEB0802B2F1010C47D005FB08F201EB2A
:10068000820292ED001A00BFB0EE410A05FB06F4AB
:10069000B5EEC00A00EB8404F1EE10FACCBFF0EE28
:1006A000400AF1EE400AF4EE610AF1EE10FA28D1A8
:1006B000B5EB080C11D0BCF1004F7DD2BCF1000F9E
:1006C0000BDD00BF92ED000AD1ED000ABCF1010C78
:1006D000E2EC010AA1EC010AF4D129000ED0B1F13B
:1006E000004F6AD2002909DD94ED000AD0ED000A1E
:1006F000491EE4EC010AA0EC010AF5D101200290A8
:100700000BE0761CBCF1010CBED10298012804D08C
:10071000F5EEC02AF1EE10FA7ED09BED000AB5EBA3
:1007200008009A465946064622D0B0F1004F74D2CE
:1007300000281DDD091F10F0010F06D0F0EE400A61
:1007400080EEA01A81ED011A091D401010D000BFE3
:10075000D1ED010A401E80EE801A81ED011A91ED63
:10076000021AC1EE000AC1ED020A01F10801EFD13F
:10077000280026D0B0F1004F7ED2002821DDAAF15A
:10078000040110F0010F06D0D1ED010A80EE801AAD
:1007900081ED011A091D401013D000BFD1ED010AEF
:1007A000401E80EE801A81ED011AD1ED020A80EE22
:1007B000801A81ED021A01E0CBE0D6E001F10801D8
:1007C000ECD1DDE900124FF000095FEA0E0773D0AB
:1007D000C14504BF01EB860102EB850274D091EDA7
:1007E000000ADC465046331E35D01C46B6F1004F99
:1007F0007ED2002C2FDD0B1FABF1040C16F0010F85
:100800000FD0F0EE400ADCED011AB0EE601A00EEF7
:10081000E11A83ED011A01E08DE0B1E01B1D0CF13E
:10082000040C741015D000BFD3ED010A9CED011A21
:1008300040EE410AC3ED010AD3ED020A9CED021A13
:100840000CF1080C40EE410AC3ED020A0833641EA5
:10085000EAD101EB86012B0036D0B3F1004F72D202
:10086000002B31DDA2F1040CAAF1040013F0010FFA
:100870000CD0DCED010A00E08BE090ED011A001DC8
:1008800040EE410ACCED010A0CF1040C5C1019D0C9
:10089000DCED010A90ED011A40EE410ACCED010AAF
:1008A000DCED020A90ED021A083040EE410ACCED70
:1008B000020A03E0000000000DE005E0641E0CF1F8
:1008C000080CE5D102EB830201EB88017F1E09F1E0
:1008D00001097FF47DAF009808F10108001D009028
:1008E0000398401E03907FF44BAE0299012900E06B
:1008F00058E004BF06B0BDE8F08F00BFB5EEC00AF7
:10090000F1EE10FA7FF4E9AD04990EFB05F3002B2C
:100910004A684FF000010BD902EB810C9CED000AF4
:10092000B5EEC00AF1EE10FA02D1491C8B42F3D8A1
:100930008B427FF4D2AD6FF00400CEE5E0EC010A0B
:10094000491EFBD1EFE538E0E0EC010A521EFBD175
:1009500008E692ED000AD1ED000ABCF1010CE2ECD0
:10096000010AA1EC010AF4D1B7E694ED000AD0ED3A
:10097000000A491EE4EC010AA0EC010AF5D1BDE62B
:10098000D1ED000A401E80EE801AA1EC011AF7D1C9
:10099000EEE6D3ED000A401E80EE801AA3EC011AA9
:1009A000F7D10EE7BCEC011AD1ED000A5B1E40EE58
:1009B000410AE1EC010AF5D14DE7B0EC011AD2EDA4
:1009C000000A5B1E40EE410AE2EC010AF5D17BE72A
:1009D0002DE9F04F82B04668536801930588478837
:1009E0004B88002000900888874201BFB2F800C001
:1009F0006545528893421EBF6FF0020002B0BDE809
:100A0000F08F9FED412A4FEA970EC7F3400B00BFCE
:100A1000DDE9000202EB800A4A6898464FF00009BF
:100A2000B0EE420AB4465FEA0E0025D092ED001AFD
:100A3000DCED001A02EB8302DCED010A01EE810A13
:100A400092ED001A02EB8302401ED2ED001A02EB77
:100A5000830200EE810A9CED021ADCED030A000419
:100A60000CF1100C000C01EE210A92ED001A02EBC1
:100A7000830200EE810AD9D117F0030026D0ACF131
:100A80000404A2EB830210F0010F08D002EB8302F2
:100A9000D4ED010A92ED001A241D00EE810A5FEAEE
:100AA0000B0013D002EB830CD4ED010A9CED001A6D
:100AB00002EBC302401E00EE810AD4ED020A92ED61
:100AC000001A04F1080400EE810AEBD109F10100DB
:100AD000AAEC010A1FFA80F9486800EB8902A8F124
:100AE00001001FFA80F8B8F1000F99D1009806EBC9
:100AF0008706184480B20090681E05042D0C87D12B
:100B000002B00020BDE8F08F0000000070B405883E
:100B10000E884468D1F804C05368B54208D14088B3
:100B20004988884201BF11888D425188884203D08C
:100B300070BC6FF00200704705FB00F1880827D0F9
:100B400094ED001ADCED000A94ED010ADCED011AC7
:100B500031EE601AD4ED020A70EE611A9CED020AC1
:100B600083ED001AC3ED011A94ED031ADCED031AAC
:100B700030EEC00A401E71EE610A83ED020A04F1F4
:100B80001004C3ED030A03F110030CF1100CD7D1CC
:100B900011F0030030D0B0F1004F30D200282BDD2F
:100BA000211F1B1FACF1040210F0010F0AD091EDC0
:100BB000010AD2ED010A091D121D30EE600A83ED13
:100BC000010A1B1D400817D091ED010AD2ED010A60
:100BD000401E30EE600A83ED010A91ED020AD2ED6B
:100BE000020A01F1080102F1080230EE600A83ED09
:100BF000020A03F10803E7D170BC00207047B4EC8F
:100C0000010A401EFCEC010A30EE600AA3EC010A66
:100C1000F5D1F1E72DE9F04F02884768B0F802807E
:100C20004888D1F8049082B04FF0000A16468242FC
:100C300007BF098888456FF0020002B018BFBDE801
:100C4000F08F4FEA980B02EB42000190C8F340008E
:100C5000CDF8000009EB8A01BBF1000F33D00198F9
:100C600001EB820C01EB80043B46E64601EBC2053A
:100C70004FEA0B0093ED000A401E81ED000A93ED50
:100C8000010A01EB02118CED000A93ED020A0CEB54
:100C9000021C85ED000A93ED030A05EB021584EDB5
:100CA000000A04EB021403F11003E3D10EEB8200FF
:100CB00000EB820000EB8201ABF10100504307EB37
:100CC0000B1701EB001118F0030C21D03B1FA1EB17
:100CD00082011CF0010F06D093ED010A01EB8201A5
:100CE0001B1D81ED000A009880B100BF93ED010A41
:100CF00001EB820401EBC20184ED000A93ED020ACC
:100D0000401E81ED000A03F10803EFD107EB8C07C9
:100D10000AF101001FFA80FA701E0604360C99D100
:100D200002B00020BDE8F08F2DE9F05F05460020FD
:100D300092469B4688460646814640241BE028464C
:100D400041464746224600F0F2F853465A46C01A3A
:100D5000914110D311461846224600F0D9F82D1AB9
:100D600067EB01084F4622460120002100F0D0F831
:100D700017EB00094E41201EA4F10104DFDC4846B8
:100D800031462A464346BDE8F09F40EA01039B07EF
:100D900003D009E008C9121F08C0042AFAD203E0F0
:100DA00011F8013B00F8013B521EF9D27047D2B254
:100DB00001E000F8012B491EFBD270470022F6E744
:100DC00010B513460A4604461946FFF7F0FF2046C1
:100DD00010BD2DE9FE4F81EA030404F0004421F028
:100DE000004100944FF0000B23F0004350EA01044F
:100DF0005ED052EA03045BD0C3F30A54C1F30A5530
:100E00002C44A4F2F3340194A0FB0254C1F3130167
:100E100041F48011C3F3130343F4801301FB024434
:100E200000FB034E840A970A44EA815447EA835739
:100E3000A4FB076802958D0A05FB07854FEA932CF2
:100E400004FB0C542705029D4FEA065847EA163763
:100E5000B5EB08056EEB070C870E920E47EA81177B
:100E600042EA8312A7FB0201B6EB0B0164EB00041C
:100E70002B0D43EA0C335E1844EB1C50DA46514606
:100E8000E7FB0201C5F313044FEA0B3343EA1453A3
:100E90004FEA0432019C43EA0603A4F10C040294D5
:100EA000009CCDE900B400F098F803B0BDE8F08FE5
:100EB00000200146F9E70EB5C10F80EAE070084452
:100EC000CA07002140F233438DE80E000A460B4664
:100ED00000F083F803B000BD01F0004330B421F00E
:100EE000004150EA010206D00A0DA2F56072C1F37A
:100EF0001301002A02DC30BC00207047440F44EA92
:100F0000C104C100E01830BC00EBC25000F01FB8B3
:100F1000202A04DB203A00FA02F1002070479140B9
:100F2000C2F1200320FA03F3194390407047202AAE
:100F300004DB203A21FA02F00021704721FA02F383
:100F4000D040C2F120029140084319467047002961
:100F5000A8BF7047401C490008BF20F0010070473F
:100F600010B4B0FA80FC00FA0CF050EA010404BF9F
:100F700010BC704749B1CCF1200421FA04F411FAF5
:100F80000CF118BF012121430843A3EB0C01CB1D39
:100F90004FEA00614FEA102042BF002010BC7047AA
:100FA00000EBC35010440029A4BF10BC7047401C84
:100FB000490008BF20F0010010BC704710B5141E96
:100FC00073F1000408DA401C41F1000192185B4102
:100FD0001A4301D120F0010010BD2DE9F04D9246D9
:100FE0009B4611B1B1FA81F202E0B0FA80F22032F0
:100FF0009046FFF78DFF04460F4640EA0A0041EA9B
:101000000B0153465A46084313D0114653EA0100D8
:1010100019D0C8F140025046FFF789FF05460E4639
:10102000504659464246FFF773FF084305D001205A
:1010300004E020463946BDE8F08D0020054346EA2D
:10104000E0762C4337430A986305E40AA0EB0800D6
:101050000022FD0A44EA47540A3002D50020014626
:10106000E9E7010510196941DDE908450019694101
:10107000BDE8F04DA2E70000064C074D06E0E06831
:1010800040F0010394E8070098471034AC42F6D3CF
:10109000FFF77EF888C90008A8C9000870B58C1849
:1010A00010F8015B15F0070301D110F8013B2A117C
:1010B00006D110F8012B03E010F8016B01F8016B69
:1010C0005B1EF9D12B0705D40023521E0DD401F865
:1010D000013BFAE710F8013BCB1A921C03E013F82E
:1010E000015B01F8015B521EF9D5A142D8D3002063
:1010F00070BD000010B504460C482DED028B417AFE
:101100009FED0B8BB0F90400012903D0022901D017
:10111000032908D1FFF7CFFE53EC182BFFF759FE38
:10112000FFF7DAFE2060BDEC028B10BD105B0020E3
:101130002D431CEBE2362A3F70B5294D04462DEDB8
:10114000048B287A012808D0022802D0032810D165
:1011500001E000200CE001200AE02248042201788E
:101160000220B2EB111F03D11F49897D01B9032071
:10117000A075A07D50B39FED1D9B9FED1E8B012898
:1011800003D0022801D003281DD1B5F90200FFF7D2
:1011900092FE53EC192BFFF71CFE53EC182BFFF7B4
:1011A00018FEFFF799FEA060B5F90000FFF783FE77
:1011B00053EC192BFFF70DFE53EC182BFFF709FE2C
:1011C000FFF78AFEE060BDEC048B70BD9FED0B0A5B
:1011D00084ED020A84ED030A84ED040AF3E70000BB
:1011E000105B0020B85B0020385900200000000090
:1011F00000000440809F71E14048363F000000003D
:1012000001221021014801F0E1BC00000000024071
:1012100000221021014801F0D9BC0000000002406A
:1012200001221146014801F0D1BC00000004024037
:1012300000220121014801F0C9BC00000004024065
:1012400070B50546FFF7E4FF922000F02DF9062265
:101250006549122000F00AF9FFF7D2FF624CA4F1B1
:101260001C0660782178000200B2084300EE100AE4
:10127000D6ED030AB8EEC00A60EE200A95ED080A22
:1012800060EE800AC5ED000AE078A178000200B2A5
:10129000084300EE900A96ED031AF8EEE00A60EEBD
:1012A000810A60EE800AC5ED010A607921790002A9
:1012B00000B2084300EE900A3081F8EEE00A60EEDA
:1012C000810A20EE800A85ED020AFFF7B1FF0822AD
:1012D0002146002000F0CAF8FFF7A2FF20780F286F
:1012E0005AD1F078A1780028E0784FEA002000B2C7
:1012F00040EA01002BD000EE100AD5ED090AB8EE45
:10130000C01A96ED040A51EE000AC5ED030A607991
:101310002179000200B2084300EE900A95ED0A1A06
:10132000F8EEE00A10EE801A85ED041AE079A17952
:10133000000200B2084300EE900A308195ED0B1ACE
:10134000F8EEE00A10EE801A85ED051A24E000EEB2
:10135000100AF8EEC00A96ED040A60EE800AC5EDA8
:10136000030A60792179000200B2084300EE900A76
:10137000F8EEE00A60EE800AC5ED040AE079A17992
:10138000000200B2084300EE900A3081F8EEE00A55
:1013900020EE800A85ED050AFFF73AFFA22000F053
:1013A00083F802221049222000F060F8FFF728FF9E
:1013B00020786178C00040EA51103081B0F5806F2C
:1013C00002DBA0F500603081B6F90800B4EE001A27
:1013D00000EE100AF8EEC00AB3EE070A00EE810A2A
:1013E00085ED070A70BD00001401002070B50D46A0
:1013F0001649174C08600020A07008F071F8A17819
:101400000843A07008F000F9A1780843A0701DB14E
:10141000104800F0F3F816E00E489FED0F0A80ED3B
:10142000090A9FED0E0A80ED0A0A80ED0B0A9FED76
:101430000C0A80ED0C0A9FED0B0A80ED080A9FED67
:101440000A0A80ED060AA07870BD00004001002065
:10145000F800002068560020AC38223BB016CE3988
:101460003F161B41C48B813F0000204270B51446DB
:101470000D4640F0800000F017F806E0552000F01F
:1014800013F8641E05F8010BE4B2002CF6D170BD10
:1014900010B50C4640F0800000F006F8552000F032
:1014A00003F8207010BD000001B582B04FF47A70CF
:1014B00000900548012301AA02A9006802F022FD5C
:1014C0009DF804000EBD00004001002010B50C4640
:1014D000FFF7EAFF2046BDE81040FFF7E5BFB6EE94
:1014E000000AD2ED020AF0EE401A92ED031A40EE25
:1014F000E01A90ED002AD2ED012AD0ED013A22EE59
:10150000A03A41EE411A21EE822AD2ED001A01EEF4
:10151000C13A22EE811A01EEA01A03EE232AD0ED81
:10152000020AF0EE001A01EE202A62EE210AC1ED55
:10153000000A92ED011AD2ED023A92ED002AD2EDA4
:10154000030A61EE232A90ED003A90ED014A42EE43
:10155000202A62EE832AB0EE403A01EE413A00EED4
:10156000E03A63EEA00A42EE410A43EE042A90ED0F
:10157000021A40EE812A62EEA10AC1ED010A92ED43
:10158000011AD2ED032AD2ED020A92ED003A21EEC1
:10159000222A60EEA22AD0ED003A01EE410A03EEC3
:1015A000602A43EE012A90ED013A00EEE00A22EEB5
:1015B000232AD0ED020A02EE832A00EE202A22EE30
:1015C000210A81ED020A7047FEE70000014800F0A1
:1015D00082BD0000E0060020014800F07CBD000054
:1015E000E0060020014800F076BD0000080700205A
:1015F000014800F070BD0000080700202DE9F04F01
:1016000004462DED048B89B000200090019000F07D
:10161000D3FAED4DDFF8B4B3DFF8B49385ED050AE6
:1016200002AE0DF114084FF07C5A00BF00F0C4FA6E
:10163000D5ED050A30EE600A10EE100A584512DDAD
:101640009FEDE40A84ED090A9FEDE30A84ED0A0A9E
:1016500084ED0B0A9FEDE10A84ED0C0A9FEDE00A90
:1016600084ED060A8BE19FEDDF0A00F069FA9FED39
:10167000DE0A002784ED0C0A84ED090A84ED0A0ACB
:1016800084ED0B0AFBE000BFFFF7C2FD9220FFF7DD
:101690000BFF062269461220FFF7E8FEFFF7B0FDB8
:1016A0009DF801009DF80010000200B2084300EE12
:1016B000100AD5ED030AB8EEC00A60EE201AC4ED98
:1016C000001A9DF803009DF80210000200B20843C2
:1016D00000EE100A95ED031AB8EEC00A60EE010A9A
:1016E000C4ED010A9DF805009DF80410000200B247
:1016F000084300EE100AB8EEC00A20EE011A21EEEF
:10170000A10A84ED021A00EEA00A01EE010A07F018
:1017100061FEB0EE408A94ED0C0A30EE080A84EDCA
:101720000C0AFFF785FD082269460020FFF79EFEA0
:10173000FFF776FD9DF800000F2840D19DF80300CB
:101740009DF80210000200B2084300EE100AD5ED29
:10175000040AB8EEC00A20EE200A84ED030A94EDD4
:10176000091A31EE000A84ED090A9DF805009DF87A
:101770000410000200B2084300EE100AB8EEC00ADE
:1017800020EE200A84ED040A94ED0A1A31EE000AD4
:1017900084ED0A0A9DF807009DF80610000200B2C9
:1017A000084300EE100AB8EEC00A20EE200A84EDCD
:1017B000050AD4ED0B0A30EE800A84ED0B0A002FE7
:1017C0007ED0B4EEC98AF1EE10FA01DDB0EE489A8F
:1017D000B4EEE88AF1EE10FA01D2F0EE488A002069
:1017E0004FEA080204EB800191ED030A06EB800149
:1017F000D1ED000AB4EEE00AF1EE10FA01DD81ED60
:10180000000A02EB8001D1ED000AB4EEE00AF1EE2D
:1018100010FA01D281ED000A401CC0B20328E1D3C6
:1018200039EE680A0020424685ED060A4FEA0901B2
:1018300006EB8003D3ED000A02EB800393ED001A60
:1018400001EB8003401C70EEC10AC0B20328C3ED57
:10185000000AEDD310EE100A504514DC63480A6804
:10186000824210DC4A6882420DDCD9F808108142BD
:1018700009DC9FED5F0A00F063F97F1CBFB2E888C6
:101880008742FFF401AFE988D4ED0C0A00EE101A8C
:101890002F460020B8EE400A80EE801A84ED0C1A24
:1018A00000EE101A04EB8002401CB8EE400AD2EDA4
:1018B000090AC0B2032880EE801A82ED091A00E0FE
:1018C0006AE0EDD3FFF7A4FCA220FFF7EDFD0222B2
:1018D00069462220FFF7CAFDFFF792FC9DF8000041
:1018E0009DF80110C00040EA5110B0F5806F01DB97
:1018F000A0F5006000EE100AB4EE001AF8EEC00A7F
:10190000B3EE070A00EE810A84ED060AB888401C8F
:10191000B880B86950453FF789AE94ED0C0ADFED09
:10192000350A30EE600AB0EEC00A10EE100A5045DB
:10193000F1DC2E48D9F800104A468142EBDC5168B0
:101940008142E8DCD9F808108142E4DC94ED090A10
:101950002948B0EEC00A10EE101A8142DBDC94ED8B
:101960000A0AB0EEC00A10EE101A8142D3DC94EDE0
:101970000B0AB0EEC00A10EE101A8142CBDC94EDD7
:101980000C0ADFED1E0A80EE801A84ED081A09B0F9
:10199000BDEC048BBDE8F08FB0EE489AF0EE488ABB
:1019A0000020414604EB800292ED030A06EB800220
:1019B00082ED000A01EB8002401CC0B282ED000AF9
:1019C0000328EFD32CE70000F8000020000020419E
:1019D0005C560020AC38223BB016CE393F161B4176
:1019E000000020420AD7A33B000000009A99193E4C
:1019F0006F12033ACDCC1C410AD7233CC3F51C41DE
:101A0000014800F059BE0000900A0020014800F093
:101A100053BE0000F00A0020014800F04DBE000057
:101A2000D0090020014800F047BE0000300A002025
:101A300001681823CAB2103AB2FBF3F2054B6FF3F8
:101A40000901032A9B5CC36500D9091D816508460D
:101A50007047000030BD000810B5014600208B69BA
:101A60008A6A4FF0C07453B1B3F5005F15D072B1FC
:101A7000012A0CD0022A0AD0032A09D104E01AB1A3
:101A8000012A06D0022A03D1C96AC90100D5012062
:101A900010BDC96AA142FAD010BD002AF7D0012AB0
:101AA000F2D0022AF3D0032AF3D010BD30B5046877
:101AB000256825F480252560046863608368402BD1
:101AC000036803D099600068C26030BD9A60006806
:101AD000C16030BD70B50D480E4C0D4D4168206899
:101AE00001290AD0002907D1012805D108F08AFD73
:101AF0002878002800D1206070BD0028FCD108F0B3
:101B00006FFD28780128F6D070BD0000500300203A
:101B10009C59002004000020074808B54068009048
:101B2000014606480269914202D2C168491CC1605F
:101B30000099016108BD0000001000E018020020BB
:101B40000A4948680A4AD2ED000A4A68121AF8EEB1
:101B5000601A01EE102AB8EE411A60EE211AB4EEB6
:101B6000E11AF1EE10FAF0D370470000001000E027
:101B70001802002000B50E492DED028B81B0496896
:101B800000910168009A511A00EE101A0949F8EE06
:101B9000400A91ED000A0260B8EE400A80EE808AA9
:101BA000FFF7BAFF01B0B0EE480ABDEC028B00BDF2
:101BB000001000E01802002010B500F043F80C48B7
:101BC0009FED0C1A818890ED000A00EE901AC088F3
:101BD000B8EE400AF8EE600A00EE810A00EE900AC4
:101BE0009FED051AF8EE600A00EE810A10BD0000B4
:101BF000480200206F12833ABD3786350D490A68C6
:101C000042F080720A600C4900224A600B6843F07F
:101C100001030B6009494FF47A734843B0FBF3F3B7
:101C20000749C1E90003054BB0FBF3F0C1E902022B
:101C300070470000FCED00E0001000E040420F00A3
:101C4000180200202DE9F843214840680090FFF772
:101C500063FF204F0024009EF8684FF0FF312546B7
:101C6000E0FB0165C7E90E65D7F8008023464246D0
:101C700030462946FFF758F8A0FB083CC7E90601A3
:101C800001FB08C100FB0411F61A65EB0105C7E969
:101C9000086507F130080023C8F80000D7F8049061
:101CA00030464A462946FFF73FF880B2A8F80400BC
:101CB00000FB09F0301A65EB0405C7E90A0529465F
:101CC0000023BA68FFF730F8A8F80600BDE8F883EB
:101CD000001000E0180200207047012000F072BEE2
:101CE000082000F06FBE102000F06CBE202000F035
:101CF00069BEB6EE000AD2ED020AF0EE401A92ED8D
:101D0000031A40EEE01A90ED002AD2ED012AD0ED40
:101D1000013A22EEA03A41EE411A21EE822AD2ED9A
:101D2000001A01EE813A22EE811A01EEE01A03EE6A
:101D3000232AD0ED020AF0EE001A01EE202A62EE0C
:101D4000210AC1ED000A92ED011AD2ED023A92ED9C
:101D5000002AD2ED030A61EE232A90ED003A90EDBD
:101D6000014A42EE602A62EE832AB0EE403A01EE6A
:101D7000413A00EEE03A63EEA00A42EE010A43EE79
:101D8000042A90ED021A40EE812A62EEA10AC1ED0A
:101D9000010A92ED011AD2ED032AD2ED020A92ED68
:101DA000003A21EE222A60EEA22AD0ED003A01EE9E
:101DB000410A03EE202A43EE412A90ED013A00EE5B
:101DC000E00A22EE232AD0ED020A02EE832A00EE78
:101DD000202A22EE210A81ED020A704772B6FEE740
:101DE00090F82020012A07D0022A05D0416A41F448
:101DF0008021416201207047006842690A434261C4
:101E000000207047F0B590F820500468A468012DB8
:101E100005D0022D03D0416A41F4802157E014F02F
:101E2000406F01D1E5004FD5C4F301640125A54001
:101E30001D608D684FF4C0739DB1CE6835434E6808
:101E400045EAC605066803EB0417F5514FF4C27561
:101E5000076805EB04150E697E51097D012905D03F
:101E600009E00E88CD6845EA4655EBE701684E5912
:101E700046F480764E511179D579567941EA05615B
:101E800095792D0445EA062529434FF4C676056861
:101E900006EB0416A9511178D57841EA05619578C9
:101EA00052782D0445EA022211434FF4C4750268AA
:101EB00005EB04155151006803EB0411425842F040
:101EC000010242500020F0BD416A41F4001141621C
:101ED0000120F0BD10B590F82020012A07D0022A79
:101EE00005D0416A41F480214162012010BD3B4888
:101EF000D0F8002242F00102C0F80022D0F80022FF
:101F000022F47C52C0F80022D0F800224B6A42EA48
:101F10000322C0F800220A7D02F01F0301229A402A
:101F2000D0F81C329343C0F81C32CB69B3B9D0F857
:101F30000C329343C0F80C328C894B6864F31F4316
:101F40004C6900EBC404C4F840320C890B6864F39C
:101F50001F434C6900EBC404C4F84432CB69012B25
:101F600016D1D0F80C321343C0F80C320C884B68F1
:101F700064F31F434C6900EBC404C4F840320C897D
:101F8000CB6864F31F434C6900EBC404C4F84432CB
:101F90008B69002BD0F804320ED01343C0F8043202
:101FA0000B69002BD0F8143208D01343C0F8143258
:101FB000096A012904D008E09343EFE79343F5E76A
:101FC000D0F81C121143C0F81C12D0F8001221F0F6
:101FD0000101C0F80012002010BD000000640040A4
:101FE000704770B590F82040012C05D0022C03D02A
:101FF000416A41F4802128E0046809B32469A407F8
:1020000020D04FF4D874056804EB01142D5915F055
:102010000405956005682D591AD0ED0855600568CE
:102020002C5904F00204D4604FF4DA74056804EB10
:1020300001142E5906F00F06082E0CD308250DE0CA
:10204000E468DCE7416A41F400114162012070BD9F
:102050006D0D1560E3E72D5905F00F051561056855
:102060002D59C5F30725956105682C59240C546139
:102070004FF4DC72046802EB0112A4581C7004686F
:10208000A458240A5C700468A458240C9C7004684A
:10209000A258120EDA704FF4DE72046802EB0112DD
:1020A000A4581C710468A458240A5C710468A458DC
:1020B000240C9C710468A258120EDA71006829B1D0
:1020C000016941F020010161002070BDC16841F04B
:1020D0002001C160F8E72DE9F05F054600680024A3
:1020E0004669D0F804908768D0F80CB0D0F810A0FA
:1020F000D0F81880F10748D0F90714D00121816089
:10210000B80703D5284600F076FA0CE0780702D528
:102110004FF4006407E0380702D54FF4805402E022
:10212000284600F067FAF80516D529684FF4807044
:102130008860B80503D5284600F05FFA0CE0780502
:1021400002D544F4005407E0380502D544F4804435
:1021500002E0284600F050FAF80316D529684FF43B
:1021600080308860B80303D5284600F048FA0CE0B8
:10217000780302D544F4004407E0380302D544F460
:10218000803402E0284600F039FA300707D55FEACC
:10219000CB6004D52968102044F40074C86070072F
:1021A0004FF0080707D55FEA0B7004D52868C760B1
:1021B000284600F0A9F9B00706D52868C06880074E
:1021C00002D0284600F0A2F9700607D55FEACA607F
:1021D00004D52968102044F480640861B00607D54E
:1021E0005FEA0A7004D528680761284600F0B4F950
:1021F000F00606D528680069800702D0284600F05E
:10220000ADF9B00308D55FEAC96005D5296810208B
:102210004860284600F0C0F9F00307D55FEA09706E
:1022200004D528684760284600F0EAF9300446D50E
:102230005FEA497040D5F00504D55FEAC87001D067
:1022400044F00104B00504D55FEA887001D544F07C
:102250000204700504D55FEA487001D544F0040417
:10226000300529D518F0700F26D008F070004028EE
:1022700015D006DC102809D020280AD0302816D125
:102280000AE050280ED0602811D10EE044F0080476
:102290000DE044F010040AE044F0200407E044F0AC
:1022A000400404E044F0800401E044F480742868B1
:1022B000816921F070018161296804204860002C47
:1022C00005D0686A204368622846FFF789FEBDE8AA
:1022D000F09F70B5040003D094F8200010B104E022
:1022E000012070BD204600F081F82068016841F0AF
:1022F0000101016000F070FC0546052604E000F0D5
:102300006BFC401B0A2811D820684068C007F6D033
:102310002068016821F00201016000F05DFC0546C3
:102320000BE000F059FC401B0A2806D9606A40F413
:102330000030606284F82060D2E72068406880073F
:10234000EFD4207E0128206801683DD021F0800173
:102350000160607E01282068016838D021F04001CA
:102360000160A07E01282068016833D021F020019F
:102370000160E07E0128206801682ED041F0100144
:102380000160207F01282068016829D021F0080120
:102390000160607F01282068016824D021F00401D9
:1023A0000160D4E902010843D4E90412114308434F
:1023B0006168491E08432168C861002060620120ED
:1023C00084F82000002070BD41F08001C0E741F09A
:1023D0004001C5E741F02001CAE721F01001CFE735
:1023E00041F00801D4E741F00401D9E7F0B587B026
:1023F000044614216846FEF7E1FC3E4B3E48DFF8F8
:10240000F0E01968D4F800C03B4A032502260927EA
:1024100010300024491CF4452AD11960012907D144
:10242000016841F000710160006800F000700590E3
:10243000106840F0080010601068CDE9005600F008
:102440000800CDE9047069462C48CDE9024500F04A
:10245000C5FA00220521132000F05CFC132000F0D7
:102460004BFC00220521142000F054FC14203AE01B
:10247000DFF88CE0F44538D1D0F800C04CF0806C27
:10248000C0F800C0D0F800C001290CF0806CCDF875
:1024900014C0196007D1016841F000710160006843
:1024A00000F000700590106840F0020010601068A5
:1024B00002AB00F0020005906020CDE9000683E841
:1024C000B00069460F4800F089FA002205213F203C
:1024D00000F020FC3F2000F00FFC002205214120ED
:1024E00000F018FC412000F007FC07B0F0BD000030
:1024F000006400406000002030380240000C0240C0
:1025000000680040000402407047000000B50F4A18
:10251000016889B01268914211D107AB6A46002167
:10252000FFF75FFD00280AD10098022809D0A0F526
:102530008060023803D106499DF81C00487009B03C
:1025400000BD07A9034807F06DFCF8E7E00600208E
:102550005C0200209C5900207047000000B50C4A26
:10256000016889B0126891420FD107AB6A46012118
:10257000FFF737FD002808D10098A0F580600138EA
:1025800003D104499DF81C00087009B000BD00008B
:10259000080700205C0200207047000070B5044668
:1025A00090F82000012804D0606A40F400206062A6
:1025B00018E0022084F820002068016821F0010161
:1025C000016000F009FB05460EE000BF00F004FBCF
:1025D000401B0A2808D9606A40F400306062052078
:1025E00084F82000012070BD20684068C007EDD14C
:1025F000606270BD704770477047704770477047A2
:1026000070472DE9F0410446876D00F0E5FA064673
:1026100094F835000025022806D08020606584F8F3
:1026200034500120BDE8F0812068016821F01601D6
:1026300001602068416921F080014161206C08B986
:10264000A06C20B12068016821F0080101602068B9
:10265000016821F0010101600CE000F0BDFA801B6F
:10266000052807D920206065032084F8350084F808
:102670003450D7E720680068C007EED194F85C10AA
:102680003F208840B860012084F8350084F8345039
:102690000020C7E790F83510022903D0802141655A
:1026A00001207047052180F835100068016821F08D
:1026B00001010160002070472DE9F84304464FF006
:1026C0000009CDF8009063484FF41651A56D0068DD
:1026D000B0FBF1F72E6894F85C10082000FA01F1C5
:1026E00031420FD021680A6852070BD50A6822F0E0
:1026F00004020A6094F85C108840A860606D40F0A5
:102700000100606594F85C104FF0010808FA01F0D0
:10271000304208D021684969090604D5A860606D77
:1027200040F00200606594F85C100420884030425C
:1027300008D021680968890704D5A860606D40F059
:102740000400606594F85C1010208840304218D076
:1027500021680968090714D5A86020680168490341
:1027600004D50068000308D5A16C07E00168C9051D
:1027700003D4016821F008010160216C09B12046F1
:10278000884794F85C1020208840304231D021687E
:102790000968C9062DD5A86094F835000528206879
:1027A000016806D0490347D5006800031DD4616C59
:1027B0001CE021F0160101602068416921F08001D0
:1027C0004161206C08B9A06C20B12068016821F03B
:1027D0000801016094F85C103F208840A86084F8EC
:1027E000358084F83490216D1FE0E16B09B12046FB
:1027F0008847606D00282BD0606DC00714D005207D
:1028000084F835002068016821F00101016000981A
:10281000401C0090B84203D820680068C007F6D179
:1028200084F8358084F83490E16C002910D001B030
:102830002046BDE8F04308470168C905D5D40168C2
:1028400021F01001016084F8358084F83490CCE7E1
:10285000BDE8F883700000202DE9F041044600F047
:10286000BBF906465CB1022084F83500002584F8E7
:1028700034502068016821F0010101600DE0012061
:10288000BDE8F08100F0A8F9801B052805D92020BB
:102890006065032084F83500F2E720680068C0070F
:1028A000F0D12268116820480140D4E9010318439F
:1028B000D4E903363343184363691843A3691843C3
:1028C000E3691843236A18430843616A042903D162
:1028D000D4E90B1319430843106020684069666A05
:1028E00020F0070130460E43012704280CD1A06ACE
:1028F0000643E06A40B12046FFF7AEF820B1402021
:10290000606584F83570BAE7206846612046FFF7B5
:102910008FF894F85C203F2191408160656584F8D0
:1029200035700020ACE700003F8010F02DE9F04149
:102930000446866D90F83400002501280DD0012052
:1029400084F8340094F835700020012F07D084F803
:10295000340002252846BDE8F0810220FBE702276B
:1029600084F8357060652046FFF7A0F894F85C1095
:102970003F208840B0602068016841F01601016086
:10298000206C20B12068016841F0080101602068D6
:10299000016841F001010160DCE7000070B5044608
:1029A00000F01AF90546601C02D00448007804447F
:1029B00000F012F9401BA042FAD370BD6400002061
:1029C00070470000044910B50A68024202D008604E
:1029D000FFF7F6FF10BD0000143C01402DE9F84F51
:1029E000DFF8BCA10022012503264FF00F090AF1F0
:1029F000040BAAF1040E00BF0B6805FA02F4234091
:102A0000A34270D10F7907F00307012F01D0022FE5
:102A100016D187684FEA420806FA08FC27EA0C0735
:102A2000D1F80CC00CFA08FC4CEA070CC0F808C03E
:102A30004768A7430C79C4F3001494403C434460B6
:102A40000C79E443A4070AD0C4684FEA420C06FAA2
:102A50000CF7BC438F6807FA0CF72743C7600C7963
:102A600004F00304022C12D1D40800EB840CDCF82F
:102A700020405707FF0E09FA07F824EA0804D1F8A6
:102A8000108008FA07F848EA0408CCF820800468A7
:102A90004FEA420C06FA0CF7BC430F7907F0030724
:102AA00007FA0CF7274307604C6814F4403F70D0D6
:102AB0003C4C276847F480472760246822F00307CE
:102AC00004F480440094384C07EB040CDCF808480C
:102AD00097074FEA177809FA08F7BC43334FB84213
:102AE00002D1002724E054E0314FB84201D1012740
:102AF0001EE0304FB84201D1022719E02E4FB842F4
:102B000001D1032714E02D4FB84201D104270FE073
:102B10002B4FB84201D105270AE02A4FB84201D114
:102B2000062705E0284FB84201D1072700E0082713
:102B300007FA08F72743CCF80878DAF80040574638
:102B4000D1F804C09C435FEACC2C00D51C433C6008
:102B5000DBF800405F46D1F804C09C435FEA8C2C50
:102B600000D51C433C60DEF800407746D1F804C035
:102B70009C435FEA8C3C00D51C433C60084F083FF7
:102B80003C68D1F804C09C435FEACC3C00D51C43B0
:102B90003C60521C102AFFF42FAFBDE8F88F0000F4
:102BA000083C01404438024000300140000002402F
:102BB0000004024000080240000C024000100240E5
:102BC0000014024000180240001C02400AB181615A
:102BD00070470904FBE70000014880687047000067
:102BE00064000020024881680278114481607047C7
:102BF000640000200B4810B5016841F400710160C9
:102C0000016841F480610160016841F480710160F4
:102C1000032000F09FF80F2000F006F800F050F8B5
:102C2000002010BD003C024030B50546204887B06A
:102C30000024016841F001010160006806A900F06C
:102C40000100009001A800F0CBFD0498B0B100F0A5
:102C5000EDFD400017494FF08042B0FBF1F11648FE
:102C6000491E026040F2E732C0E90324C0E90114C2
:102C7000846101F0B3FA040003D015E000F0D6FD42
:102C8000E8E70D4801F0ECFA04000DD11C2000F03B
:102C900033F8102D07D2002229461C2000F03AF804
:102CA0000648056000E0012407B0204630BD000062
:102CB0004038024040420F00500B002068000020C6
:102CC0000C4882B0016841F480410160006800F462
:102CD000804000900748001F016841F0805101606A
:102CE0000068002200F0805000900F21901E02B07A
:102CF00000F010B844380240002809DB00F01F0241
:102D0000012191404009800000F1E020C0F800114D
:102D100070470000F0B40E4B1B680C46C3F302234F
:102D2000C3F10705042D00D90425191D072901D277
:102D3000002300E0DB1E012606FA05F1491E2140B2
:102D400099409E40761E16403143F0BC06F0B9B85B
:102D50000CED00E0064900F0070208684FF6FF039B
:102D6000184040EA0220034A104308607047000000
:102D70000CED00E00000FA057047D0F8E00405F023
:102D8000FDB901EBC10200EB8202D0F8E004126A47
:102D900005F052B901EBC10200EB8202D0F8E00469
:102DA000D2F8602205F0A3B9D0F8E00405F0E8B944
:102DB0000A0601F00F0101EBC10100EB810101D511
:102DC000143101E001F51571006805F0BBBE70B566
:102DD000044601F00F002279904201D9012070BD14
:102DE0000B0601F00F0101EBC10104EB81014FF073
:102DF00001024FF0000502D54A75143103E081F855
:102E0000555201F515718D70087094F894040128DD
:102E100008D084F89424206805F024FD84F89454A4
:102E2000002070BD022070BD2DE9F04104460F0660
:102E300001F00F0000EBC00104EB81014FF001062F
:102E40004FF0000502D54E75143103E081F855525C
:102E500001F5157108708A600B714A7802B14883D8
:102E6000022B00D14D7194F89404012809D084F804
:102E70009464206805F07CFC284684F89454BDE8EE
:102E8000F0810220FBE710B501F00F0404EBC40150
:102E900000EB8101C1E998230023C1F8683281F871
:102EA000553281F85442837901F51571012B00D117
:102EB000CA618279006805F02DFD002010BD70B553
:102EC00004460D4601F00F002179884201D9012006
:102ED00070BD29064FF000064FF0010206D500EB49
:102EE000C00104EB81014A75143107E005EBC5010F
:102EF00004EB810181F8556201F515718A70087043
:102F000094F89404012807D084F89424206805F0EC
:102F1000D5FC280702D007E0022070BDA17904F299
:102F20009C42206805F072FC84F89464002070BD17
:102F300010B501F00F0404EBC40100EB8101C1E9FD
:102F4000082300238B6201234B7501F8144F83790A
:102F5000012B00D1CA618279006805F0DBFC0020FA
:102F600010BD00002DE9FC5F05680446284605F009
:102F700063FE00287DD1206805F08AFE002878D005
:102F8000D5F80808C0F30D20C4F8D404206805F073
:102F90007FFE800704D52068416901F0020141618C
:102FA000206805F075FEC10604F29C40009034D5FF
:102FB0002068816921F0100181612F6A07F00F00FC
:102FC00000EBC00004EB8006C7F3434006F515761E
:102FD000022802D0062811D01AE047F6F070074206
:102FE00016D0C7F30A1217462846F16805F054FEBA
:102FF000F0683844F0607069384408E008222846D8
:10300000009905F049FE7069C7F30A110844706120
:103010002068816941F010018161206805F038FE67
:1030200000034FF0080B4FF0000A4FF001097CD568
:103030000026206805F00BFE074674E0F80770D004
:10304000F1B2206805F01CFE8046C00707D005EBF2
:103050004611C1F8089B3146204603F07DFE5FEA29
:10306000087024D505EB4611C1F808BB2068016C37
:1030700000E023E200EB46100191D0F8082BFB4B57
:10308000994205D9110403D54FF40041C0F8081B3B
:10309000204600F04EFAF5490198884207D9A079F8
:1030A000012804D120680121009A05F0AFFB5FEAF6
:1030B000C86004D505EB46111020C1F8080B5FEA83
:1030C00088701DD56869000605D5D5F8040840F458
:1030D0008061C5F8041806EBC60004EB800090F888
:1030E000571200F51570012905D180F803A0F1B23F
:1030F000204600F0E9F905EB46110220C1F8080B63
:103100005FEA886004D505EB46102021C0F8081B53
:103110005FEA884005D505EB46104FF40051C0F832
:10312000081B7F08761C002F88D1206805F0B0FDB1
:1031300040036ED5206805F083FD0746002666E053
:10314000F80762D0F1B2206805F088FD8046C0071C
:1031500023D006F00F01D5F8342809FA01F18A438B
:10316000C5F8342805EB4611C1F80899A079012863
:103170000FD106EBC60004EB8000D0E90721114413
:10318000016236B9606A20B920680121009A05F011
:103190003DFBF1B22046FFF7F4FD5FEA087003D56E
:1031A00005EB4611C1F808B95FEAC86004D505EB24
:1031B00046111020C1F808095FEA486004D505EB04
:1031C00046104021C0F808195FEA887016D53146CC
:1031D000284605F006FD06EBC60004EB8000C17D25
:1031E0001430012905D180F803A0F1B2204600F087
:1031F00067F905EB46110220C1F808095FEA08608B
:1032000003D53146204603F00DFE7F08761C002FC3
:1032100096D1206805F03CFD002811DAD5F80408A5
:1032200020F00101C5F8041894F8CC0401282BD033
:10323000204600F063F92068416901F000414161D6
:10324000206805F025FD00050BD5D5F80808C00756
:1032500002D0204600F074F92068416901F4006151
:103260004161206805F014FDC00467D5D5F8040855
:1032700020F00100C5F804081021206805F0B1FC19
:1032800000214FF67F3220E084F8CCA400212046B4
:10329000FFF772FDCFE700BF05EB4110C0F808292A
:1032A000D0F8003923F40013C0F80039C0F8082B17
:1032B000D0F8003B23F40013C0F8003BD0F8003BEB
:1032C00043F00063C0F8003B491C20798842E3D8F2
:1032D000D5F81C0840F00111C5F81C18E07B002847
:1032E00028460DD0D0F8840840F00B01C5F88418AA
:1032F000D5F8440840F00B012846C5F844180DE005
:10330000D0F8140842F22B010843C5F81408D5F888
:10331000100840F00B012846C5F81018D0F8000836
:1033200020F4FE61C5F80018A1792068009A05F024
:103330006DFA2068416901F480514161206805F00F
:10334000A7FC800415D5206805F052FA206805F026
:1033500066FCE07100F064FA0146E279206805F04D
:10336000CBFC204600F0B4F82068416901F400511C
:103370004161206805F08CFC000707D5204600F06D
:10338000C1F82068416901F008014161206805F039
:103390007FFC000616D5A86920F08001A9610126EE
:1033A0000DE000BF06EBC60004EB800090F857026A
:1033B000012803D1F1B22046FFF7FAFC761C2079F0
:1033C000B042EFD8206805F063FCC0021FD501268B
:1033D0004F4614E005EB4610D0F8001906EBC60086
:1033E00004EB8002107E012808D1002906DAF0B231
:1033F00040F08001D7752046FFF7DAFC761C207973
:10340000B042E7D82068416901F480114161206829
:1034100005F03EFC800234D501204A4629E000BF79
:1034200005EB4011D1F8001B00EBC00304EB830354
:1034300093F85862012E1BD1002919DA94F8D4644C
:1034400001F4803106F00106B14211D183F8572210
:10345000A96941F08003AB616969090608D4D5F810
:10346000040840F40070C5F8040805E00A30544F21
:10347000401C21798142D3D82068416901F40011B0
:103480004161206805F004FC400007D52046FFF7A5
:1034900074FC2068416901F080414161206805F0B9
:1034A000F7FB40070AD520684568680702D5204623
:1034B000FFF77AFC2068416829434160BDE8FC9F22
:1034C000D0F8E00404F07ABED0F8E00404F08ABE3C
:1034D00070B50446C079012570B1022801D0FEF70D
:1034E0007DFC2946D4F8E00404F0EAFED4F8E004B8
:1034F000BDE8704004F09FBE0025F2E7D0F8E0047C
:1035000004F0C7BED0F8E00404F0CDBE10B5044608
:1035100090F8940401280AD0012084F8940461747E
:10352000206805F0D8FB002084F8940410BD022028
:1035300010BDD0F8E02400F29C41104604F0CCBE4F
:1035400010B50446D0F8E00404F0FFFE2068D0F87F
:10355000001E41F00101C0F8001EE07A002804D0EE
:103560000248016841F00601016010BD10ED00E065
:103570002DE9F843054600684FF00109C1074FF0F7
:10358000000601D1400727D5DFF80C81C8F8686034
:10359000FFF722FB0746414C05E000BFFFF71CFB8D
:1035A000C01B022857D820680001F7D46868810141
:1035B000287A41EA0070394984310860C8F8689077
:1035C000FFF70AFB074604E0FFF706FBC01B0228D3
:1035D00041D820680001F7D52878800752D52F48B8
:1035E0004030016841F08051016000682C4C00F0CF
:1035F00080500090206840F480702060FFF7ECFA63
:10360000074604E0FFF7E8FAC01B022823D8206829
:10361000C005F7D5214C7034206810F4407020D0DC
:10362000A98901F4407181421BD020681D4920F412
:103630004070C1F800900E6020602068C00710D074
:10364000FFF7CAFA064641F2883707E0FFF7C4FAE7
:10365000801BB84202D90320BDE8F88320688007A8
:10366000F4D5E9680D48C1F301220830032A0BD0D4
:10367000016821F4F81101602068A989C1F30B01E8
:10368000084320600020E7E70268074B22F4F812A5
:1036900019400A430260EFE7000047420038024049
:1036A00000700040400E4742FFFCFF0F2DE9F0473D
:1036B0000E46050065D0DFF81481D8F80000F7B297
:1036C00000F00700B04207D288F80070D8F8000078
:1036D00000F00700B04254D128683D4C810712D554
:1036E000400703D5206840F4E050206028780007A8
:1036F00003D5206840F4604020602068A96820F06D
:10370000F000084320602878C0072DD03049686851
:103710000839012812D0022813D0032811D00968D3
:10372000890700292DDA216821F003010143216076
:10373000FFF752FA814641F2883A0EE009688903A0
:10374000EFE709688901ECE7FFF746FAA0EB09010A
:10375000514502D90320BDE8F0872068696800F070
:103760000C00B0EB810FEFD1D8F80010404601F00B
:103770000701B14207D90770006800F00700B042A6
:1037800001D00120E7E72878400705D52068E968DF
:1037900020F4E050084320602878000706D5206810
:1037A000296920F4604040EAC100206000F05EF822
:1037B0002168084AC1F30311515CC84006490860FA
:1037C00006480068FFF730FA0020C4E7003C0240DA
:1037D0000838024038BD0008700000206800002052
:1037E0000F2202600C4A136803F00303436013685E
:1037F00003F0F0038360136803F4E053C3601268BE
:103800004FF4E05303EAD20202610448006800F07A
:10381000070008607047000008380240003C024082
:103820000148006870470000700000200448054906
:1038300000680968044AC1F38221515CC84070479E
:10384000700000200838024048BD000804480549BF
:1038500000680968044AC1F34231515CC8407047AE
:10386000700000200838024048BD0008154810B517
:10387000006810F00C02144813D01449042A0FD029
:10388000082A0ED10F4C241F2268236802F03F0241
:103890005B0207D52068C0F38810A0FB010106E099
:1038A000084610BD2168C1F38811A1FB0001002367
:1038B000FDF73AFA2168C1F30141491C4900B0FB08
:1038C000F1F010BD083802400024F400001BB700DE
:1038D0002DE9F84F04006ED02078DFF84C93C00734
:1038E000A9F104054AD009F104000168C1F381017E
:1038F000012908D00068C0F3810002280AD1D9F854
:103900000000400206D52868800337D5606800288B
:10391000E1D033E06068B0F5803F10D0B0F5A02F63
:10392000286810D020F480302860286820F4802097
:1039300028606068A8B1FFF74FF906460DE02868D7
:1039400040F48030F4E740F480202860F7E700BFBF
:10395000FFF742F9801B642873D828688003F7D5E5
:103960000CE0FFF739F9064605E000BFFFF734F930
:10397000801B6428F0D828688003F7D42078DFF80B
:10398000AC8280074FF0000A3ED5A748001D0168B1
:1039900011F00C0F08D00068C0F3810002280BD191
:1039A000D9F80000400207D42868800716D5E068DF
:1039B000012800D112E033E1E068B8B10120C8F875
:1039C0000000FFF709F9064605E000BFFFF704F91C
:1039D000801B0228C0D828688007F7D5286821698D
:1039E00020F0F80040EAC10028600DE0C8F800A00F
:1039F000FFF7F2F8064604E0FFF7EEF8801B022816
:103A00001FD828688007F7D42078000722D5864F72
:103A100087486169703771B101210160FFF7DCF8F7
:103A2000064604E0FFF7D8F8801B022809D838685A
:103A30008007F7D50EE0C0F800A0FFF7CDF80646E6
:103A400005E082E0FFF7C8F8801B02287DD83868BF
:103A50008007F7D42078400768D5DFF8CCB100277D
:103A60000BF13C0BDBF80000C0000BD4DBF80010BE
:103A700041F08051CBF80010DBF80000012700F086
:103A8000805000906B4E3068C00510D4306840F410
:103A900080703060FFF7A0F8009005E0FFF79CF819
:103AA0000099401A022850D83068C005F6D55E4EFD
:103AB000A0686C3601280FD00528306810D020F09F
:103AC00001003060306820F004003060A068B8B1B8
:103AD000FFF782F800900FE0306840F00100F4E753
:103AE00040F004003060F7E7FFF776F80099411ADC
:103AF00041F28830814266D830688007F4D50EE004
:103B0000FFF76AF8009007E0FFF766F80099411A9E
:103B100041F28830814256D830688007F4D42FB102
:103B2000DBF8001021F08051CBF80010A069C8B379
:103B30003D49091D0968C1F3810102294AD00228C3
:103B4000504607D0C8F8600000E03CE0FFF744F8BA
:103B500004463BE04746C8F86000FFF73DF80646DC
:103B600005E000BFFFF738F8801B02282BD8286833
:103B70008001F7D4D4E907010843A16A2E4A490815
:103B800002EB0141626A41EA8211084394F82C1069
:103B900040EA0161C9F8001001203866FFF71CF8FF
:103BA000044606E03EE000BFFFF716F8001B0228BF
:103BB00009D828688001F7D534E000BFFFF70CF87A
:103BC000001B022802D90320BDE8F88F2868800175
:103BD000F4D427E00128F7D0D9F80000E26900F416
:103BE000800191421CD1226A00F03F01914217D11D
:103BF00047F6C071626A0140B1EB821F10D1A26A20
:103C00004FF0FF3300F4403103EB5202B1EB024FAF
:103C100006D194F82C1000F07060B0EB016F01D069
:103C20000120D1E70020CFE70438024000004742DE
:103C3000800E4742007000400000FFFF10B50400F6
:103C400002D0607F10B106E0012010BD0020207777
:103C5000204600F041F8022060772068C168C9431F
:103C6000C90632D5CA2141622168532048622046E4
:103C700003F0D0FB20BB20688168164A11408160A8
:103C80002168886862681043D4E904231A4310430A
:103C900088602168E068086120680169228941EA3A
:103CA00002410161204603F0D9FB48B921680A6C42
:103CB00022F480220A6421680A6CA3691A430A6408
:103CC0002268FF21516208B110BD002001216177F7
:103CD00010BD0000BFFF8FFF1FB5002100910191B3
:103CE000029103910068084988420CD1022000909B
:103CF000064803906846FFF73BFC08B1FEF76EF8F4
:103D00000349012008601FBD0028004000031E0079
:103D10003C0E474270B504460B482168C860FEF768
:103D20005BFF05464FF47A7607E000BFFEF754FFCD
:103D3000401BB04201D9032070BD2068C0688006D6
:103D4000F4D5002070BD00005F7F010070B5040055
:103D500009D0606A002540B125616561A56294F8CB
:103D6000510040B10CE0012070BD6068B0F5827F69
:103D7000F4D0E561F2E784F85050204600F044F8B2
:103D8000022084F851002068016821F040010160A0
:103D9000A088218900F4827001F404410843A189BC
:103DA00001F400610843217C01F002010843217DF8
:103DB00001F001010843218B01F400710843217FC8
:103DC00001F03801084394F8201001F08001084305
:103DD000218D01F40051084321680860A069042185
:103DE00001EA104094F8241001F010010843216802
:103DF00048602068C16921F40061C16165650120E6
:103E000084F85100002070BD2DE9F04387B00646CC
:103E100014216846FCF7D2FF34493068884261D1EA
:103E200033480025016841F480510160006800F4C6
:103E3000805005902E481438016841F0020101605D
:103E4000016801F002010591016841F00101016082
:103E50000068022400F001000590182001274FF0AF
:103E600003084FF005098DE8910369462148FEF7E4
:103E7000B5FD80208DE8910369461F48FEF7AEFD31
:103E80001F4C1E484FF0C0672060C4E901754FF415
:103E90008068C4E9035865617812A561C4E90750D8
:103EA00020466562FEF7D8FC08B1FDF797FFF46481
:103EB000A663134C114860341830E4E80207402030
:103EC000A4E82101C00244F81459A561C4E90750CF
:103ED0000B4865626030FEF7BFFC08B1FDF77EFF5E
:103EE000B464A66307B0BDE8F08300000030014071
:103EF0004438024000040240000002404064024096
:103F0000A80700202DE9FF4F81B0044690F850002B
:103F100000260E9F1D4693464FF0010901280FD041
:103F20004FF0010A84F850A0FEF756FE804694F840
:103F30005100616801280DD0B1F5827F08D103E0FE
:103F4000022005B0BDE8F08FA16809B9042801D0AE
:103F50000226C9E00298002865D0BBF1000FFBD013
:103F6000002DF9D094F85100042802D0052084F8DF
:103F7000510000206065C4F838B0E587A587029934
:103F80002163E586A586206460642068016849068F
:103F900003D4016841F040010160E068B0F5006FB2
:103FA000606803D0F0B3012D47D081E008B1012D46
:103FB0003CD1206B21680088C860206B801C206386
:103FC000E08E401EE08631E02068816889070FD5C9
:103FD000E18E69B1B9F1010F0AD1216B0988C16085
:103FE000206B801C2063E08E401EE0864FF00009AD
:103FF00020688168C9070CD0E18F51B1C068A16BFE
:104000000880A06B801CA063E08F401EE0874FF00B
:104010000109FEF7E1FDA0EB0800B84206D3781CC9
:1040200004D001E009E05BE003265BE0E08E0028BD
:10403000CAD1E08F0028C7D140E0206B216800780A
:104040000873206B401C2063E08E401EE0862FE04A
:104050002068816889070FD5E18E69B1B9F1010F38
:104060000AD1216B09780173206B401C2063E08E1C
:10407000401EE0864FF0000920688168C9070CD017
:10408000E18F51B1C068A16B0870A06B401CA063A8
:10409000E08F401EE0874FF00109FEF79DFDA0EB89
:1040A0000800B84202D3781C02D0BAE7002FB8D07B
:1040B000E08E0028CCD1E08F0028C9D14246394695
:1040C000204603F0E1F918B10126202060650BE0DD
:1040D000A06818B92068C16880680090606D08B158
:1040E000012601E084F851A0002084F850003046F9
:1040F00027E77047704710B590F83C20012A22D07E
:10410000012280F83C20CA688C6822F44072224365
:104110004C6822F4806222430C6822F4006222433D
:104120000C6922F4805222434C6922F4005222434B
:10413000C969002322F480420A4301684A6480F876
:104140003C30002010BD022010BD000070B590F87A
:104150003C20012A32D0012480F83C40022280F821
:104160003D2003685A689D6822F070060A68324351
:104170005A60134B02689A4214D0B2F1804F11D0AA
:10418000104B9A420ED0104B9A420BD00F4B9A42D2
:1041900008D00F4B9A4205D00E4B9A4202D00E4BDC
:1041A0009A4204D1496825F080031943916080F850
:1041B0003D40002180F83C10084670BD022070BDD3
:1041C000000001400004004000080040000C0040D6
:1041D00000040140004001400018004010B50400F8
:1041E00003D094F83D0010B107E0012010BD00207D
:1041F00084F83C00204600F01FF8022084F83D00BF
:10420000211D206803F052FA012084F8460084F84A
:104210003E0084F83F0084F8400084F8410084F8B0
:10422000420084F8430084F8440084F8450084F890
:104230003D00002010BD000008B500680649884216
:1042400008D10648016841F400310160006800F4BB
:104250000030009008BD0000004401404438024096
:1042600090F83D10012901D001207047022180F80B
:104270003D100168CA6842F00102CA600068114935
:10428000884214D0B0F1804F11D00F4988420ED02F
:104290000E4988420BD00E49884208D00D49884209
:1042A00005D00D49884202D00C49884204D181686A
:1042B00001F00701062903D0016841F00101016006
:1042C000002070470000014000040040000800404A
:1042D000000C004000040140004001400018004074
:1042E00070472DE9F04104460068C66805694FF043
:1042F0000007A90713D5B10711D5F91E01610120E7
:104300002077206880698007204602D0FFF7E8FF09
:1043100004E000F0C3F8204600F068F9277768074A
:1043200016D5700714D521686FF0040008610220CB
:1043300020772068806910F4407F204602D0FFF784
:10434000CFFF04E000F0AAF8204600F04FF92777ED
:10435000280715D5300713D521686FF008000861CC
:10436000042020772068C0698007204602D0FFF72C
:10437000B7FF04E000F092F8204600F037F9277705
:10438000E80616D5F00614D521686FF01000086114
:10439000082020772068C06910F4407F204602D0B2
:1043A000FFF79EFF04E000F079F8204600F01EF9C8
:1043B0002777E80708D0F00706D021686FF00100E2
:1043C0000861204600F078F9280608D5300606D5A1
:1043D00021686FF0800008612046FFF78AFE6806BA
:1043E00008D5700606D521686FF0400008612046A8
:1043F00000F069F9A8060AD5B00608D521686FF063
:10440000200008612046BDE8F041FFF773BEBDE81B
:10441000F081000010B586B0044614216846FCF710
:10442000CDFC2368184C002118480222A34212D167
:10443000036843F010030360006800F0100005906B
:104440004FF420600090CDE901210120CDE9031057
:1044500069460F4813E00F4CA34212D1036843F0A2
:1044600020030360006800F02000059040200090C9
:10447000CDE901210320CDE9031069460648FEF786
:10448000ADFA06B010BD0000000001403038024017
:10449000001002400044014000140240704770B513
:1044A000044690F83C0000260D4601280FD001205C
:1044B00084F83C006AB1042A1DD0082A2FD00C2AA7
:1044C0003FD00126002084F83C00304670BD022019
:1044D00070BD206803F064F92068816941F008012B
:1044E00081612068816921F004018161206881690E
:1044F0002A69114311E0206803F082F9206881697C
:1045000041F4006181612068816921F480618161E9
:10451000206881692A6941EA02218161D2E7206825
:1045200003F0A4F92068C16941F00801C161206865
:10453000C16921F00401C1612068C1692A69114380
:1045400011E0206803F0C6F92068C16941F40061F8
:10455000C1612068C16921F48061C1612068C169BD
:104560002A6941EA0221C161ACE710B5040003D019
:1045700094F83D0010B107E0012010BD002084F840
:104580003C00204600F01EF8022084F83D00211D6A
:10459000206803F08BF8012084F8460084F83E0080
:1045A00084F83F0084F8400084F8410084F8420019
:1045B00084F8430084F8440084F8450084F83D0002
:1045C000002010BD08B500680649884208D1064899
:1045D000016841F001010160006800F001000090F5
:1045E00008BD000000000140443802407047000050
:1045F00010B50446022249B104290ED0082913D06F
:1046000094F84100012816D0012010BD94F83E0016
:104610000128F9D184F83E200FE094F83F000128EA
:10462000F2D184F83F2008E094F840000128EBD153
:1046300084F8402001E084F841200122206803F042
:10464000A1F816492068164A884201D0904203D149
:10465000436C43F4004343642068884213D0B0F1B4
:10466000804F10D00F4988420DD00F4988420AD0A0
:104670000E49884207D0904205D00D49884202D0A9
:104680000C49884204D1816801F00701062903D052
:10469000016841F001010160002010BD00000140EF
:1046A000000401400004004000080040000C0040ED
:1046B00000400140001800400068B0F1804F01D177
:1046C000FEF790BA7047704770477047F8B50168B9
:1046D00004460868CA684B6910F00F0F4FF00005D8
:1046E00059D003F0010602F49077374365D0C10733
:1046F00005D0D10503D5616C41F00101616441072A
:1047000005D5D90703D0616C41F0020161648107CE
:1047100005D5D90703D0616C41F00401616401073C
:1047200007D502F02001314303D0616C41F008014C
:104730006164616C00293AD0800604D5900602D5E8
:10474000204603F00DFA20684069616CC0F38010C8
:10475000090700D460B3204603F0CDF92068406912
:10476000400621D52068143050E8001F21F0400198
:1047700040E80012002AF5D1E06BA8B16E4901654E
:10478000E06BFDF787FF002811D0E06B016D01B0F1
:10479000BDE8F040084783060FD593060DD52046A7
:1047A000BDE8F84003F0DCB92046FFF78EFFF8BD06
:1047B0002046FFF78AFF6564F8BD266B2023012E93
:1047C0007DD1C6067BD5D60679D5086848680090A5
:1047D00048694FF00206400641D5E16B0868406821
:1047E0000004000CE8D0A28D8242E5D9E085C869BA
:1047F000B0F5807F2DD020680C3050E8001F21F4E8
:10480000807140E80012002AF5D12068143050E889
:10481000001F21F0010140E80012002AF5D12068B4
:10482000143050E8001F21F0400140E80012002A37
:10483000F5D184F84230256320680C3050E8001F21
:1048400021F0100140E80012002AF5D1E06BFDF7DD
:10485000D8FE6663A08DE18D401A81B22AE0A08D5A
:10486000E18D401A81B2E08D0028A5D00029A3D0A7
:1048700022680C3252E8000F20F4907042E80007E2
:10488000002FF5D12068143050E8002F22F00102EB
:1048900040E80027002FF5D184F8423025632068D6
:1048A0000C3050E8002F22F0100240E80023002BCB
:1048B000F5D166632046FFF707FFF8BDFFE7050661
:1048C0002BD5150629D594F841002128F5D1A068EB
:1048D000B0F5805F01D12069B0B1206A411C21622E
:1048E000216800784860E08C401E0004000CE084E1
:1048F000E3D12068C16821F08001C1602068C168EF
:1049000041F04001C160D8E7206A0088C0F3080088
:104910004860206A801C2062E5E74006CDD550063D
:10492000CBD5CA68204622F04002CA6084F84130E4
:1049300000F092F9C1E70000517A000870B5040058
:1049400004D094F84100002510B106E0012070BDAC
:1049500084F84050204600F023F8242084F84100D9
:104960002068C16821F40051C160204603F05AF963
:104970002068016921F4904101612068416921F0BA
:104980002A0141612068C16841F40051C160656439
:10499000202084F8410084F842006563002070BD47
:1049A0002DE9F04F87B0044614216846FCF706FA5B
:1049B0007F48DFF8F8811438D4F800C07C4902221F
:1049C00003230726002507154FF4003B4FF0006A2C
:1049D000C4456CD1D1F800C04CF0100CC1F800C037
:1049E000096801F010010591016841F002010160C0
:1049F000016801F002010591016841F001010160C7
:104A00000068CDE9025300F0010005908020CDE957
:104A1000000291469846694604966648FDF7DEFF17
:104A20007810CDE90009CDE902586946049662483C
:104A3000FDF7D4FFDFF8888160494046C8F80010D0
:104A4000C0E901A5C0E90357C8F81450C8F81850C8
:104A5000C8E9075B5646B946C8F82450FDF7FCFE86
:104A600008B1FDF7BBF9564F5448C4F83C80603795
:104A70003030C8F83840E7E802064020A7E82102B5
:104A8000800247F81459BD61C7E907504C487D6260
:104A90006030FDF7E1FE08B1FDF7A0F9A763002241
:104AA00005212520BC63FEF735F925203DE0DFF820
:104AB0001481C4453ED13E49091FD1F800C04CF4D1
:104AC000802CC1F800C0096801F4802105910168BB
:104AD00041F0040101600068694600F0040005909F
:104AE0004FF440608DE82500CDE903363648FDF7E8
:104AF00075FF334E3548C0363060C6E901A5C6E9BA
:104B0000035780157561C6E90650356230467562F7
:104B1000FDF7A2FE08B1FDF761F9E6630022052169
:104B20002720B463FEF7F6F82720FEF7E5F807B074
:104B3000BDE8F08F264EB445F9D10E6846F0200648
:104B40000E60096801F020010591016841F0400103
:104B500001600068694600F0400005904FF4844011
:104B60008DE825000820CDE903301A48FDF736FF0F
:104B70001248194E603830608005C6E90105C6E963
:104B800003577561B561C6E9075B30467562FDF78D
:104B900063FE08B1FDF722F9E663002207214720F2
:104BA000B463FEF7B7F84720BFE7000000100140EC
:104BB0004438024000040240000002408864024081
:104BC000D009002000480040000802402860024050
:104BD0000014014000180240F00A00207047000055
:104BE00070B5044690F84100202801D0022070BD25
:104BF00049B342B32162A284E2840020606421238D
:104C000084F84130A56B114BEB63A56B104B2B6403
:104C1000A56B104BEB64A36B1865256813462A1D22
:104C2000A06BFDF783FE21686FF0400008602068EC
:104C3000143050E8001F41F0800140E80012002AC3
:104C4000F5D1002070BD012070BD0000AB7A0008D6
:104C5000ED7A0008617A00087047704770B5044625
:104C600000203C4D2074A27B288861684243D4F820
:104C7000F400FCF78AF8A17B288841436068FCF7C0
:104C80009DF8A07B10FB00F128884143D4F818015F
:104C9000FCF794F8207BA17B10FB01F128884143AD
:104CA000D4F80C01FCF78AF800202BE0D4F8F410BB
:104CB00001EB800292ED000AB5EEC00AF1EE10FAA7
:104CC0001ED0227C01EB820181ED000A227C616A08
:104CD0008854A169227B01EB8001237C91ED000ABD
:104CE0006169095C12FB03116FF0030202EB8101A1
:104CF000D4F80C21114481ED000A217C491C217457
:104D0000401CC0B2A17B8142D0D8002010E0636A71
:104D1000E2691B5C02EB830292ED000A10FB0101C9
:104D2000D4F81821401C02EB8101C0B281ED000AC9
:104D3000217C8142EBD8C8B224F8780F14F86C0CAF
:104D4000608020816181218361832084618424F8D3
:104D5000301C70BDDE000020FEE70000F0B58D4C79
:104D60000F462DED068B054687B01646D0ED040A9A
:104D700094ED050A884830EEC00AB0EEC00A10EE85
:104D8000101A814219DC95ED050A94ED061A30EEF1
:104D9000410AB0EEC00A10EE101A81420DDC95ED0A
:104DA000060A94ED071A30EE410AB0EEC00A10EE82
:104DB000101A814201DC2878F0B39FED789A80EEDA
:104DC000890AFBF75FFAF0EE400AF0EE609AD5ED43
:104DD000050A80EE890AFBF755FAD5ED060AF0EED2
:104DE000401A80EE890AB0EE61AAFBF74BFAD5EDC6
:104DF000040AF0EE40AA80EE890AFBF77FFAF0EE93
:104E0000400AB0EE608AD5ED050A80EE890AFBF70C
:104E100075FAD5ED060AF0EE408A80EE890AFBF7B6
:104E20006DFA29EEAA2A68EE280AB0EE401AB0EE12
:104E3000420A00EE810A00E02BE084ED080A2AEE27
:104E4000080A6AEE880A002084ED090A29EE810A20
:104E500000EEE80A84ED0A0A29EEA80A20EE010A0B
:104E60000AEEC80A84ED0B0A29EE8A0A84ED0C0AC0
:104E700028EE410A02EE680A84ED0D0A2AEE410A84
:104E800084ED0E0A2AEE2A0AC4ED0F8A84ED100A78
:104E9000287000204FEA0D0107EB800292ED000A16
:104EA00005EB8002D2ED010A01EB8002401C20EEEE
:104EB000200AC0B2032882ED000AEDD39DED000A5E
:104EC000D4ED085A9DED011A94ED094A20EE252AE9
:104ED000DDED020AD4ED0A1A002004EE012A03A92E
:104EE00001EEA02A87ED002A94ED0B3AD4ED0C2AAE
:104EF00094ED0D2A60EE033A42EE813A42EE203AFA
:104F0000C7ED013AD4ED0E3AD4ED0F4A94ED105AA4
:104F100020EE230A04EE810A05EE200A87ED020A3C
:104F200006EB800292ED000A01EB8002401CC0B249
:104F300082ED000A0328F3D39DED031ADDED040A88
:104F40009DED050A61EE255A44EE205A41EE805A45
:104F500061EE031A21EE231A42EEA01A04EEA01A03
:104F6000C6ED005A42EE001A05EE001AC6ED011A0F
:104F700086ED021A95ED040A84ED050A95ED050A01
:104F800084ED060A95ED060A84ED070A07B0BDEC2C
:104F9000068BF0BD600200206F12833AE12E65425D
:104FA00010B504462DED048BD0F8EC00D0ED009A3E
:104FB00090ED019AD0ED028A29EEA90A90ED038ABC
:104FC00009EE090A08EEA80A08EE080A05F0B8F882
:104FD0005FF00000D4F8EC1001EB8001401CD1ED33
:104FE000000AC0B2042860EE800AC1ED000AF1D3C5
:104FF0003E48D4F8001190ED6F0A60EE090AB6EE53
:10500000000A60EE800AC1ED040AD0ED6F0AD4F800
:10501000001160EEA80A60EE800AC1ED050AD0ED2D
:105020006F0AD4F8001120EEA91AFEEE000A21EE54
:10503000201A81ED0A1A90ED6F1AD4F8001121EEB2
:10504000081A21EE001A81ED0B1A90ED6F1AD4F8B0
:10505000001121EE081A21EE201A81ED101A90EDB0
:105060006F1AD4F8001121EE291A21EE201A81EDD1
:10507000111A90ED6F1AD4F8001121EE281A21EEC2
:10508000000A81ED160A90ED6F0AD4F8001120EEA7
:10509000090A20EE200A81ED170AD4F8F810D0EDA5
:1050A000740A91ED1C0A80EE201A81ED1C1AD4F8C6
:1050B000F810D0ED740A0E4891ED230A80EE201A04
:1050C0009FED0C0A81ED231AD4F8F8100A6F824282
:1050D00001DD81ED1C0AD4F8F810D1F88C20824251
:1050E00001DD81ED230ABDEC048B10BDA05600202C
:1050F00000401C4600401C4670B52C4C01252DED8F
:10510000028B04F5D8702570B7EE008A80EC030A94
:1051100000209FED270A84ED730A84F83801C4E962
:105120005000C4E9520011EE900AB0F17E5F01DD3B
:10513000F0EE481AC4ED741A84ED642A03230022A9
:105140000621201D00F026FE1A4B01221146A3F174
:105150000800FBF7A1F954F8EC0F9FED170A902215
:1051600080ED008A54F86409184980ED010A606EE8
:1051700080ED020A606E80ED030A1048A0641048BA
:10518000E064104820651048606504F85A5C04F833
:10519000595CE06FFBF7F9FD606F9022BDEC028B6C
:1051A0000B49BDE87040FBF7F0BD0000A0560020A1
:1051B00077CC2B326858002000000000D551000841
:1051C000A14F000809520008E156000850BD000830
:1051D0008801002010B50446902254F8F81F0848B2
:1051E000FBF7D3FD48220748616AFBF7CEFD05486F
:1051F00061694822BDE810404830FBF7C6BD000099
:10520000880100208058002070B50446B0EE000AE6
:1052100054F8EC0F2B4DD0ED000A60EE800AC5ED7E
:10522000090AD0ED010A60EE800AC5ED0A0AD0ED48
:10523000020A60EE800AC5ED0B0AD0ED030A20EEEB
:10524000800A85ED0C0A14F8DE0C14F8E01C10FB43
:1052500001F11D4800884143206AFBF7AFFDD5ED01
:105260000B1A206AB1EE612A80ED002A206AD5ED82
:105270000C0AC0ED010A95ED090A206AB1EE401A48
:1052800080ED021A206A95ED0A1A80ED031A206A51
:1052900080ED061A206A80ED070A206AC0ED080A30
:1052A000206AC0ED091A206A80ED0C0A206AB1EE6E
:1052B000410A80ED0D0A206A80ED0E2A206AC0EDB9
:1052C0000F0A70BD44010020DE00002070B5F74CCD
:1052D0002DED088BB0EE438AF0EE629AB0EE42AA52
:1052E000F0EE61AA2078B0EE419AB0EE60BAF0EE2E
:1052F00040BADFEDEF8A58B9B0EE682AF7EE001A2F
:105300009FEDEC1ADFEDEC0AB2EE040AFFF7F4FEB3
:1053100084ED6F8A94ED580AE84D90227BEEC00A26
:10532000E749C4ED5B0A94ED590A3BEE401A84ED5F
:105330005C1A94ED5A0A79EE401AB6EE000A60EE55
:10534000800AC4ED5D1A60EE880AC5ED000A61EEC0
:10535000000A21EE800A60EE880A20EE080AC5EDF8
:10536000010A85ED020AD4F8040104F58274FBF702
:105370000CFD95ED000A2068B1EE402A80ED012A6F
:1053800095ED011A2068F1EE412AC0ED022AD5ED13
:10539000021A2068F1EE610AC0ED030A206880ED70
:1053A000060A2068C0ED081A2068C0ED092A2068A6
:1053B00080ED0C1A2068C0ED0D0A206880ED0F0A00
:1053C0002068C0ED121A206880ED131A54F8440BBF
:1053D00080ED142A74E85201084305D1C4ED5EAA99
:1053E00084ED5FAAC4ED609A94ED5E0AD4ED640A80
:1053F00094ED6F1A20EE202A31EE200AC2EE001A38
:1054000021EE2A2AC2EE002A31EEA22A84ED5E2A7B
:10541000D4ED5F1A61EEA02AC2EE801A61EE0A2A6C
:1054200021EE291A82EE803A71EE831AC4ED5F1ADA
:10543000D4ED602A62EEA02AC2EE800AC1EE002AF4
:1054400022EE020A01EEA10A70EEA20AC4ED600A81
:1054500000EEA00A04F074FE85ED030A5FF0000080
:1054600004EB8001D1ED5E0AA16801EB800160EEE2
:10547000800A401CC0B2C1ED000A0328F0D394EDAD
:105480005B0AD4ED5C0A20EE000A00EEA00AD4ED1F
:105490005D0A00EEA00A04F053FEB7EE008A8949C7
:1054A000C8EE000AC4ED650A95ED031A10EE900AE5
:1054B00088EE010A884284ED660A0BDA10EE100AC3
:1054C0008149884206DD10EE100A8049884201DADF
:1054D000012000E0002084F8390194ED6C0AD4ED3D
:1054E0006F0AD4F8180120EE200A80ED000A94ED2E
:1054F0006C0AD4ED6F0AD4F8180120EE200A80ED72
:10550000070A94ED6C0AD4ED6F0AD4F8180120EE66
:10551000200A80ED0E0A94ED6C0AD4ED6F0AD4F8DF
:10552000180120EE200A80ED150A94ED6D0AD4EDE5
:105530006F0AD4F8180120EE200A80ED1C0A94EDC1
:105540006D0AD4ED6F0AD4F8180120EE200A80ED20
:10555000230AD4F81C0194ED6E0A80ED000AD4F8F9
:105560001C0194ED6E0A80ED040AD4F81C0194ED40
:105570006E0A80ED080A201D00F0F6FE606890EDCE
:10558000001A84ED541A90ED010A61EE012A84EDAF
:10559000550AD0ED021AC4ED561A90ED032A40EEDA
:1055A000002A84ED572AD0ED040A21EE021AC4ED38
:1055B000580AD0ED050AC4ED590A00EE211AC4EDCF
:1055C0005A8AF0EE008AF0EE480A52EEA80A21EE5E
:1055D000280A03F0A9FD9FED3E9AF0EE480A20EE5E
:1055E000090A84ED6A0A94ED541A94ED570A61EEA3
:1055F000011A40EE001A51EEA80AD4ED551A21EE18
:10560000211AD4ED561A01EE801A21EE280A03F071
:105610008BFD20EE090A84ED690A94ED550AD4ED5C
:10562000570A94ED561A20EE200AD4ED540A00EEE3
:10563000C10AF8EE000A20EE200A03F0DFFC20EE9B
:10564000090A244984ED680A94ED6A0AD4ED760AC1
:1056500070EE600A10EE900A884203DDB4F8D401BF
:10566000401E07E010EE900A1B49884204D9B4F8A6
:10567000D401401CA4F8D401B4F9D401DFED171A09
:1056800000EE900AB8EEE01AF0EE400A41EE210A70
:10569000C4ED6B0A84ED760AF4E95201401C41F135
:1056A0000001C4E90001BDEC088B70BDA0560020CC
:1056B000000000008096184B6F12833A44010020CE
:1056C00050BD00089A99993ECDCC1441CDCC2441CF
:1056D000E12E654200003443000034C30000B443AF
:1056E0002DE9F84F00F1800104467830054600911D
:1056F000FBF790FA84F8C800B4F87800A4F8A80082
:10570000B4F85A00A4F8AA0004F1A80204F1580160
:1057100091468B462846FBF75BF984F8C800B4F83D
:10572000A800A4F8B000B4F88200A4F8B20004F114
:10573000B002904648460099FBF74AF984F8C80041
:10574000B4F89000A4F8A000B4F89200A4F8A20065
:1057500004F1A002154604F190014046FAF718FE44
:1057600084F8C80041462846B034FAF799FE2076FE
:10577000E16BBF480126D1ED001AB0EE002AC0ED62
:105780000D1AD1ED010A0027C0ED0E0A91ED020AB3
:10579000B84D80ED0F0A91ED031A80ED101A60EEFE
:1057A000812A34F8380C2081668141EEC02AE06FEE
:1057B00062EE822AC0ED002A61EEA02A61EEA11AF3
:1057C000E06F40EE012A40EEE01A22EE822A40EE1F
:1057D000401A80ED012AE06FB4F1B00441EE011AE5
:1057E000C0ED021AD4F82C0100EB870090ED000AFE
:1057F000B0EEC00A03F076FB05EB87007F1CFFB21A
:1058000080ED610A032FEDD3B4F84800A4F8C0007E
:1058100004F1C00204F1B801A4F8C26017468A4638
:1058200004F14800FBF772F984F8C800B4F8C0002E
:10583000A4F8A80024F8AA6F4A4639464046FBF768
:10584000C7F8A077E681E08A208251463846FBF708
:10585000E1F9A077884A49465046FBF7B9F8A077A6
:1058600095ED730AB6EE001AD5ED720A20EE011A14
:10587000AA3CF4EEC10AF1EE10FA01D285F83861C3
:10588000F4EEC00A0020F1EE10FA35DD95F838117B
:1058900089B395F8391139B1D5E95021521C41F13C
:1058A0000001C5E9502102E00021C5E95011D5E908
:1058B00050234FF0320C0021BCEB0202994102D27E
:1058C00085F8380136E06D4D14F80C2F28884243D6
:1058D000D4E937017434FBF758FA14F8740C10FB50
:1058E00000F228884243D4E91E01FBF74EFA04F87F
:1058F000546CBDE8F88FFFE79FED611A20EE011AA6
:10590000F4EEC10AF1EE10FA0DDD95F8381151B13F
:1059100070EE600A9FED5B1A20EE010A80EE801A9D
:1059200085ED671A03E0B7EE000A85ED670A0021EE
:10593000C5E9501184F82C00B4F85800A4F8A80068
:10594000B4F88200A4F8AA004A4658466C3400997C
:10595000FBF73EF804F85C0FA4F130029346414691
:105960004846C83CFBF734F884F8C80000200DE036
:10597000D4F81C11D5ED670A01EB8001401C91EDB4
:10598000000AC0B220EE200A81ED000AB4F8981097
:10599000B4F89A2051438142EADC04209FED3A0A90
:1059A000002105EB800C00EB400300BF9CED5D1A6D
:1059B000D4F81C2103EB0108C1EE000A02EB8802B7
:1059C000491C92ED001AC9B2032960EE810AC2EDAA
:1059D000000AEBD3401CC0B20628E1D334F8980F7C
:1059E00052462084668439465846FAF7F1FF84F817
:1059F000300095F83801983C50B39FED240ADFED54
:105A0000240A0420D4F8BC1095ED6F1A01EB800134
:105A100021EE001AD1ED001AF4EEC11AF1EE10FADF
:105A200001DD81ED001AD4F8BC1095ED6F1A01EB81
:105A3000800121EE201AD1ED001AF4EEC11AF1EE28
:105A400010FA01D281ED001A401CC0B20628D9D349
:105A5000D4F8BC009FED0F0A04F1300280ED030A78
:105A6000514604F13800FAF793FC84F8C80040E787
:105A700044010020A056002060580020DE000020D5
:105A8000CDCCCC3D6666663FDA0FC93F0AD7233CD2
:105A90000AD723BC00000000114810B590ED070A9A
:105AA0001048D0ED030A104801F00EFA0E4890EDB0
:105AB0000D0A04F020F900EE100A9FED0C1ADFED3C
:105AC0000C0AB8EEC00A04F006F9BCEEC00ABDE844
:105AD000104010EE100A002182B2064801F022BFE9
:105AE0006856002060020020C45900200000804F4A
:105AF00000000000B008002010B52348B7EE000AEF
:105B00002DED028B012180ED010A80ED020A9FED4F
:105B10001F8A80ED030A80ED048A80ED058A80EDFE
:105B2000068A0170B0EE482AF7EE001A9FED181AA7
:105B3000DFED180AB2EE040AFFF7DEFA0022114682
:105B4000F0EE484AB0EE484AF0EE483AB0EE483A35
:105B5000F0EE482AB3EE042ADFED0F1AB0EE481A31
:105B6000DFED0E0A9FED0E0A0E4801F0D3FB002177
:105B70000D48FEF73DFD04489FED0C0A843880ED8A
:105B8000100ABDEC028B10BDF45A0020000000008A
:105B90008096184B6F12833A00007A4400009643B7
:105BA0000000FA44C4590020B008002096430B3C82
:105BB00070B563492DED028B88B007C904AB83E84B
:105BC00007006048FBF7D6FF5E4D5F4885ED010A90
:105BD000D5ED020A30EE800A85ED020AFBF730FBB4
:105BE00059485A4C90ED000A04F11C0284ED070A52
:105BF00090ED010AA2F10C0184ED080A90ED020A71
:105C000084ED090A90ED030A84ED040A90ED040A7C
:105C100084ED050A90ED050A01F1740084ED060A91
:105C2000FFF79CF8D4ED090A94ED070A03F07CFA1B
:105C30009FED478A20EE080ADFED460A80EE201A23
:105C400084ED1A1AD4ED090A94ED080A03F06CFAEF
:105C500020EE080ADFED400A04F1100080EE201A61
:105C600084ED1B1A95ED013A90EC060AFFF72EFB26
:105C70003A4E20464ECE80E84E00024600F14401E6
:105C80002F482438FBF72BFC2D48224602F1500107
:105C90001838FBF724FC2A48224602F15C010C3834
:105CA000FBF71DFC2246694604A8FCF722F895ED97
:105CB000010A00204FEA0D0204EB800102EB800391
:105CC000D1ED070A93ED001A401CC0B270EEC10A74
:105CD000032820EE802AD4ED100A30EE801AC2EE9E
:105CE000011A91ED0A2A62EE200A80EE812A71EEF5
:105CF000820AC1ED0A0ADFD3144A02F13401A1F18C
:105D00000C00FBF7ECFB164890ED6A0A84ED1E0AC6
:105D100090ED690A84ED1D0A90ED680A84ED1C0A75
:105D200090ED6B0A84ED1F0A287CC00701D1FFF7B4
:105D3000B3FE2869401C286108B0BDEC028B70BD21
:105D400004BE00086002002068560020705A00203F
:105D500000003443DB0F49C0DB0F4940F0570020FF
:105D6000A056002009480A49037F012B02D00022D7
:105D70000A6207E00A6A521C0A620C2A01DA01224E
:105D800000E0022282774B6270470000105B002027
:105D9000B00200202DE9F047DFF8DC830D46042136
:105DA000A8F800100821A8F8021005734273837345
:105DB0004FF000091E46044680F810901746304602
:105DC00004F056FB31466061FAF7F8FFB8F80000BE
:105DD000704304F04DFBA061B8F800107143FAF76E
:105DE000EDFFB8F80000704304F042FBE061B8F842
:105DF00000107143FAF7E2FFB8F80000684304F0BE
:105E000037FB2062B8F800106943FAF7D7FF304635
:105E100004F02EFB31466062FAF7D0FFB8F80000BC
:105E2000684304F025FB2060B8F800106943FAF7D6
:105E3000C5FFB8F80000704304F01AFB6060B8F8C2
:105E400000107143FAF7BAFFB8F80000784304F085
:105E50000FFBA060B8F800107943FAF7AFFFB8F86D
:105E60000000684304F004FBC4F8E800B8F8001030
:105E70006943FAF7A3FF217B012204F13000D4F833
:105E8000E830FAF709FBB8F80000684304F0F0FACC
:105E9000C4F8EC00B8F800106943FAF78FFF217BD3
:105EA000012204F13800D4F8EC30FAF7F5FA9FB18A
:105EB000B8F80000784304F0DBFAC4F8F000B8F852
:105EC00000107943FAF77AFF617B012204F1400068
:105ED000D4F8F030FAF7E0FAB8F80000704304F0B4
:105EE000C7FAC4F8F400B8F800107143FAF766FF77
:105EF000A17B012204F14800D4F8F430FAF7CCFA7F
:105F0000B8F800006843684304F0B2FAC4F8F80037
:105F1000B8F8001069436943FAF750FF217B04F198
:105F200050000A46D4F8F830FAF7B6FAB8F800008C
:105F30006843684304F09CFAC4F8FC00B8F8001009
:105F400069436943FAF73AFF217B04F158000A4696
:105F5000D4F8FC30FAF7A0FAB8F8000068436843B8
:105F600004F086FAC4F80001B8F8000088346843E9
:105F7000684304F07DFAE067B8F80010A06F694349
:105F80006943FAF71BFFB8F80010E06F69436943F3
:105F9000FAF714FF54F8783FA4F1A00014F8F41CA9
:105FA000A4F580740A46FAF777FA217B04F16800B9
:105FB0000A46D4F80431FAF76FFAAFB1B8F8000026
:105FC0006843784304F054FAC4F80801B8F80010A4
:105FD00069437943FAF7F2FE627B217B04F170009A
:105FE000D4F80831FAF758FAB8F800004746704379
:105FF000684304F03DFAC4F80C01388894346843CF
:10600000704304F035FAE0673988A06F7143694343
:10601000FAF7D4FE3988E06F69437143FAF7CEFE90
:1060200014F8882C14F8861CA4F11C00A36F943C6F
:10603000FAF732FAA27B217B04F18000D4F8103108
:10604000FAF72AFA38886843684304F011FAC4F86A
:106050001401398869436943FAF7B0FE217B04F1E2
:1060600088000A46D4F81431FAF716FA38887043D3
:10607000704304F0FDF9C4F8180139887143714385
:10608000FAF79CFEA17B04F190000A46D4F818317F
:10609000FAF702FA38886843704304F0E9F9C4F863
:1060A0001C01398869437143FAF788FEA27B217B82
:1060B00004F19800D4F81C31FAF7EEF9207B10FBBC
:1060C00000F03988484304F0D3F9C4F82001207B5C
:1060D00010FB00F03988484304F0CAF9C4F82401E1
:1060E000207B10FB00F03988484304F0C1F9C4F864
:1060F0002801207B3988484304F0BAF9C4F82C0100
:10610000207B3988484304F0B3F9C4F83001217B7F
:1061100004F1A0000A46D4F82031FAF7BDF9217B3A
:1061200004F1A8000A46D4F82431FAF7B5F9217B26
:1061300004F1B0000A46D4F82831FAF7ADF9217B12
:10614000012204F1B800D4F82C31FAF7A5F9217B2B
:10615000012204F1C000D4F83031FAF79DF904F8B7
:10616000289F84F8019084F8029084F8039084F8C2
:106170000490BDE8F0870000DE00002070B5044602
:10618000C07B0F4D18B12046FEF768FD0DE0A27BE5
:10619000288861684243D4F8F400FAF7F6FDA17B41
:1061A000288841436068FAF709FE627B2888A16865
:1061B0004243D4F8F000BDE87040FAF7E6BD0000B5
:1061C000DE0000202DE9F041044690F82C00002864
:1061D0002BD1B4F89800A4F8A800B4F87A10A4F869
:1061E000AA10A4F8B000B4F85A00A4F8B20004F160
:1061F000A802174604F1780104F19800FAF7E8FBC9
:1062000084F8C80004F1B00204F1580116460D46A6
:106210003846FAF7DDFB84F8C80004F15002314635
:106220002846FAF773FC84F8C800BDE8F0812DE930
:10623000F041044690F8290000282CD104F16801AF
:1062400004F160000F460546FAF7E4FC84F8C80044
:1062500004F15802164604F150012846FAF7B8FB3B
:1062600084F8C800B4F85800A4F8A800B4F86A008C
:10627000A4F8AA0004F1A802154639463046FAF7F8
:10628000A7FB84F8C800324604F188012846FAF7D3
:106290007FF884F8C800BDE8F0812DE9F047044696
:1062A00090F82A0000285CD104F1800104F1780004
:1062B00089460546FAF7AEFC84F8C800B4F87800C1
:1062C000A4F8A800B4F85A00A4F8AA0004F1A8029F
:1062D00004F1580190460F462846FAF779FB84F8F6
:1062E000C800B4F8A800A4F8B000B4F88200A4F87C
:1062F000B20004F1B002154649464046FAF768FB81
:1063000084F8C800B4F89000A4F8A000B4F8920093
:10631000A4F8A20004F1A002164604F19001284658
:10632000FAF736F884F8C80029463046AA34FAF756
:10633000B7F8A07734F8520C24F8020C34F8280C83
:106340002080424649463846FAF742FB04F81E0FC1
:10635000A4F1300229464046C83CFAF739FB84F8DC
:10636000C800BDE8F087000070B50446FFF706FFDF
:10637000D4F8CC1009B120468847204600F068F8D0
:10638000D4F8D01009B1204688472046FFF74FFFC8
:10639000D4F8D41009B120468847207C2B4DC0B9D1
:1063A000E07BB0B1227B28884243D4E93A01FAF776
:1063B000ECFC207B10FB00F228884243D4E93E012C
:1063C000FAF7E3FCD4F8E01009B120468847002032
:1063D0002AE02046FFF761FFD4F8D81009B1204623
:1063E0008847204600F06EF8D4F8DC1009B120464A
:1063F00088472046FFF7E6FEE4E700BF10FB0101F7
:10640000D4F8F82002EB8101226AD1ED000A02EBF8
:10641000800292ED000AF4EEC00AF1EE10FA01D209
:1064200081ED000A401CC0B2217B8142E6D8CAB28D
:106430002888D4F8E81042432068FAF7A6FCD4F87C
:10644000E41009B120468847206870BDDE000020B6
:106450002DE9F041044690F8280000282AD1627BFB
:1064600004F1300104F1600004F1380522B3227B0D
:10647000A4F8B820012604F1B802A4F8BA601746BF
:10648000FAF7A6FA84F8C800207BA4F8C000A4F8A4
:10649000C26004F1C002164604F1400104F170002C
:1064A000FAF796FA04F8C80F2A4631463846F9F743
:1064B0006FFF2070BDE8F0812A46FAF789FA84F868
:1064C000C800F7E72DE9F041044690F82B000028BA
:1064D00038D1B4F87800A4F8B800012504F1B80266
:1064E00004F13801A4F8BA5090460F4604F1780040
:1064F000FAF76EFA84F8C800B4F84800A4F8C000AF
:1065000004F1C002A4F8C2501646414604F1480006
:10651000FAF7FCFA84F8C800B4F89800A4F8B800B8
:10652000A4F8BA504246314604F19800FAF750FAFE
:1065300084F8C80004F1300241463846F9F728FFD4
:1065400084F8C800BDE8F0810F4810B50D4901601E
:106550000321416000214FF410228160C0E9031241
:106560004FF400124261017641768176C17601775F
:106570004177FBF7AEFE002803D0BDE81040FBF7E3
:106580002DBC10BD00640040E00600200F4810B58F
:106590000D4901600321416000214FF41022816008
:1065A000C0E903124FF40012426101764176817610
:1065B000C17601774177FBF78CFE002803D0BDE858
:1065C0001040FBF70BBC10BD00680040080700201E
:1065D000214808B5016841F480010160016801F4B7
:1065E00080010091016841F40011016000680022FF
:1065F00000F40010009005210C20FCF78BFB0C2010
:10660000FCF77AFB002205213920FCF783FB3920B7
:10661000FCF772FB002205213A20FCF77BFB3A20B5
:10662000FCF76AFB002205213B20FCF773FB3B20B3
:10663000FCF762FB002205214420FCF76BFB4420A1
:10664000FCF75AFB002205214620FCF763FBBDE85E
:1066500008404620FCF750BB3038024010B5C0B0AF
:106660001C2232496846FAF790FB0021684603F085
:1066700049FF2F4C2D491C2220601C3107A8FAF736
:1066800084FB002107A803F03DFF284960601C221D
:1066900038310EA8FAF779FB00210EA803F032FF7B
:1066A0002249A0601C22543115A8FAF76EFB002184
:1066B00015A803F027FF1D49E0601C2270311CA8BB
:1066C000FAF763FB00211CA803F01CFF17492061A7
:1066D0001C228C3123A8FAF758FB002123A803F0D1
:1066E00011FF124960611C22A8312AA8FAF74DFB5C
:1066F00000212AA803F006FF0C49A0611C22C43126
:1067000031A8FAF742FB002131A803F0FBFE07494C
:10671000E0611C22E03138A8FAF737FB002138A8E5
:1067200003F0F0FE206240B010BD000034BC000851
:106730003C0000202DE9F04387B014216846FAF7A9
:106740003DFB5B480025016841F0020101600168E2
:1067500001F002010591016841F04001016001680A
:1067600001F040010591016841F0010101600168FB
:1067700001F001010591016841F008010160016823
:1067800001F008010591016841F004010160016810
:1067900001F004010591016841F080010160016888
:1067A00001F080010591016841F02001016001685C
:1067B00001F020010591016841F0100101600068BD
:1067C000DFF8F08000F010004FF480740590002294
:1067D00021464046FCF7FAF9374E01224021304667
:1067E000FCF7F4F9354F012210213846FCF7EEF999
:1067F000DFF8CC90012211464846FCF7E7F90094F7
:106800000124CDE90145694640460395FCF7E6F8C9
:106810004020CDE900040294694630460394FCF719
:10682000DDF809204FF40415CDE90005694602940E
:106830003046FCF7D3F81020CDE900040226CDE95C
:10684000024669463846FCF7C9F83020CDE9000514
:10685000694602944046FCF7C1F8CDE9024600942F
:10686000694648460194FCF7B9F80621002208461B
:10687000FCF750FA0620FCF73FFA00220521092018
:10688000FCF748FA0920FCF737FA002205210A2014
:10689000FCF740FA0A20FCF72FFA00220521172006
:1068A000FCF738FA1720FCF727FA07B0BDE8F083A9
:1068B0003038024000080240001802400000024048
:1068C000000402400C4810B50A49016000217C22F6
:1068D000C0E9011240F67F42C0E9032141618161B4
:1068E000FDF7ACF9002803D0BDE81040FBF776BAFD
:1068F00010BD00000028004030070020104810B5EF
:106900000E4901604FF482714160002102228160D2
:10691000C0E9031201224261520282611022C0E9E1
:106920000721416281620A21C162FDF70FFA002846
:1069300003D0BDE81040FBF751BA10BD0030014054
:106940005007002010B588B01C216846FAF736FAC7
:10695000144813490024C0E9001441F28731C0E90A
:10696000024104618461FDF739FC08B1FBF736FA96
:106970000C48FDF7FAFD08B1FBF730FA6020CDE9CD
:10698000000402940022694606480494FDF787FD3E
:1069900008B1FBF723FA0348FDF73CFD08B010BD32
:1069A00000440140B008002010B592B000240F94BC
:1069B0001C2168461094FAF701FA202107A8FAF77B
:1069C000FDF925482349016040F24731C0E901142F
:1069D00040F2CF71C0E9031444618461FDF7C5FD45
:1069E00008B1FBF7FBF90F940FA91B481094FDF7B2
:1069F000ADFB08B1FBF7F2F96020CDE90004029489
:106A00000394049405940022694613480694FDF704
:106A100046FD08B1FBF7E2F9042269460E48FDF78E
:106A20003EFD08B1FBF7DAF90794089409944FF496
:106A300000500A94CDE90B4007A907480E94FDF7D2
:106A40005AFB08B1FBF7CAF90348FDF7E3FC12B0A3
:106A500010BD000000000140680800200C4810B57F
:106A60000A4901600B494160002181600C22C1602C
:106A7000C0E904128161C161FDF760FF002803D005
:106A8000BDE81040FBF7AAB910BD0000001001409E
:106A9000F808002040420F000D4810B50B49016076
:106AA0000C49416000214FF480628160C0E903120B
:106AB0000C22C0E90521C161FDF740FF002803D089
:106AC000BDE81040FBF78AB910BD00000048004047
:106AD00040090020A08601000C4810B50A49016059
:106AE0004FF4E1314160002181600C22C160C0E9B6
:106AF00004128161C161FDF721FF002803D0BDE8C8
:106B00001040FBF76BB910BD00140140880900204C
:106B1000FEE7FEE770B50446D0F8060090ED011AD6
:106B2000784880ED031A0020042217E0D4F80610FC
:106B300002EB8003CD1801EB8001D5ED001A71EE58
:106B4000C11AC1ED001AD4F80A100B4401EB800100
:106B5000D3ED001A401CC1ED001A80B22188491EF5
:106B60008142E3DC2188D4F806006FF0070202EBD3
:106B70008102024492ED001A6FF0030202EB8101E0
:106B800031EE000A084480ED000A2188D4F80A009A
:106B900002EB81010844C0ED000AD4F8020021880C
:106BA000884202D2401CC4F80200102104F11A00ED
:106BB000FAF704F92088D4F80210431A99B23BE09E
:106BC000D4F80620D4F81A5002EB810200EE905A55
:106BD00092ED000A40EE000A10EE905AC4F81A50E6
:106BE000D4F81E50D2ED000A00EE105A30EE800AA2
:106BF00010EE105AC4F81E50D2ED000AD4F80A2044
:106C0000D4F8225002EB810200EE105A92ED001AE5
:106C1000491C89B200EE810A10EE105AC4F82250C5
:106C2000D2ED000AD4F8262000EE102A30EE800AB9
:106C300010EE102AC4F826208842C1D800EE100AAF
:106C4000D4F82210D4F82620B8EE400A00EE901AAC
:106C5000D4F81E1001EE102A60EE800A00EE101A21
:106C6000D4F81A2040EE410A00EE100A01EE102A74
:106C7000B8EE400A21EE001A00EE101A002100EED4
:106C8000401A80EE810A10EE102AC4F80E20C4F8D3
:106C9000161099B224E000BFD4F8063000EE902A16
:106CA00003EB810393ED001AD4F8123000EE103A92
:106CB000D4F80A3000EE810A03EB8103491CD3EDBE
:106CC000000AD4F8163089B230EE600AF0EEC00A3D
:106CD00000EE103A30EE800A10EE103AC4F816308A
:106CE0008842D9D800EE100A54F8161FB8EE401AA0
:106CF00000EE901A80EE810A10EE100A00EE102AC3
:106D0000206070BDE400002070B50446002524F822
:106D1000021B8E002560304603F024FE6060304682
:106D200003F020FEA060E560256160683146FAF757
:106D300045F8A0683146A41EFAF740F804F11A009D
:106D4000BDE870401021FAF739B800000148FCF79F
:106D500009B90000B80D00202DE9F04103680D4687
:106D600004461E6C03EB4511D1F8080B94F806E0BD
:106D70004FF400474FF0200C04F29C42BEF1010F8B
:106D800009D0DFF898E0764539D1020432D500BF4A
:106D9000C1F8087B3FE0224B5FEA007E04D59E42AB
:106DA00039D90004F4D436E05FEA806E02D5C1F828
:106DB00008CB30E010F0280F2DD19E4201D90004FD
:106DC000E6D405EBC50004EB8000D1F8101BD0F829
:106DD0007432C1F31201591AC0F8681200F5157027
:106DE000ADB903691BB1C2681144C1600FE0012154
:106DF00020680AE080060AD5C1F808CB07E035B95B
:106E0000D4F8640218B90021184601F0FFFCE9B279
:106E10002046FBF7BFFF0020BDE8F0810A31544F48
:106E20000A30544F2DE9F84F0E4601EBC60100EB36
:106E3000810481460568D4E909101434884202D9D6
:106E40000120BDE8F88F081AA168814200D20846E7
:106E5000C01C870805EB46181BE000BFA0EB010A29
:106E6000A068504500D282460AF10300870899F8CD
:106E7000060000901FFA8AF3F2B22846E16801F09A
:106E8000AFFFE16801EB0A00E060616901EB0A0015
:106E90006061D8F8180980B2B84205D3D4E904017A
:106EA000814201D20028D9D1D4E90401884208D80E
:106EB00006F00F0101208840D5F834188143C5F849
:106EC00034180020BDE7000070B504462DED028B9C
:106ED000B0EE608A90F89800F0EE408A000649D53E
:106EE000606B00EE100A206C00EE900A9FEDFE1A17
:106EF00060EE810AB4EEE00AF1EE10FA3AD32068AF
:106F0000FA4A00EE100AB0EEC00A10EE101A9142D2
:106F100030DB216900EE100A00EE901AF44930EEE1
:106F2000600AF0EEC00A00EE100AB0EEC01A80EE61
:106F3000810A10EE100A88420ADD54F8990F616840
:106F4000401C44F8040B41F1000144F89D1904E091
:106F50000021C4F89910C4F89D10D4F89920D4F8F1
:106F60009D104FF4FA7300209A1A884102D2012032
:106F700084F8A10004F18C00FAF7FCFD10EE100A71
:106F800018EE101AC4F8900018EE900A08EE101AC5
:106F9000206108EE900A216038EE680A10EE100AAF
:106FA000A061D4F8A21009B120468847A06900EE7C
:106FB000100AB5EEC00AF1EE10FA00EE100A01DC7C
:106FC000B1EE400AA16C00EE901AB4EEE00AF1EEC8
:106FD00010FA78DDD4F89420616804F16203E2B31A
:106FE00000EE101A116800EE901A70EE200A00EE02
:106FF000100A20EE800A10EE101A6162A16800EEFD
:10700000101A516800EE901AD4F8901070EE200A11
:1070100000EE100A60EE800A00EE101A20EE800AE0
:1070200010EE105A2563B4F86050022D4CD900EED2
:10703000900A00EE101A1846FFF76CFDE06800EEAB
:10704000900AD4F89400806801EE100A70EE810A6C
:1070500020EE200A10EE100A4DE0FFE700EE901A35
:1070600000EE100A20EE800A10EE101A00EE100A50
:107070006162A16800EE901AD4F8901060EE800A68
:1070800000EE101A20EE800A10EE102A2263B4F8E7
:107090006020022A0AD900EE900A00EE101A184663
:1070A000FFF738FDE06800EE900AD1E700EE100A25
:1070B000E06900EE900AE06870EE600A00EE100AE7
:1070C00020EE801A11E016E1E368926800EE103AB3
:1070D00000EE902A30EE201A00EE100AE06900EE71
:1070E000900A30EE600A21EE001A00EE101AC1EE8E
:1070F000000A10EE900AE062D4F8A61009B120460A
:10710000884794F89810480721D5D4F89400B6EE33
:10711000000AE8B3A268406800EE902A01EE100A67
:10712000A06970EE811A00EE900AE06901EE100A83
:1071300070EE810A20EE800A61EE800AD4F8900099
:1071400000EE100A20EE800A10EE100A2063880676
:1071500002D5204602F05AFC94F89800800702D528
:10716000204602F0ADFC94F89820500627D5E06A3E
:10717000E16D00EE900AD4F8900000EE100A60EE87
:10718000801A00EE901A00EE100A30EE800A00E03D
:107190003AE081EE801AE36B00EE101A00EE903AAE
:1071A00060EE801A00EE101A00EE900A30EE200A0F
:1071B000C1EE800A31EE200A10EE100AE062D0071C
:1071C00002D0204602F0D9FCA06A00EE100A206B23
:1071D00000EE900A30EE200A10EE100AA062626AF9
:1071E00000EE100A00EE902AE06A70EE800A00EECF
:1071F000100A30EE800A10EE100A606394F89810BE
:10720000C90611D4606B34E0A06900EE900AE06911
:1072100001EE100AA06870EE810A60EE800A00EEAE
:10722000100A60EE800A89E700EE100AD4F8900098
:10723000A16D00EE900AA36B60EE201A00EE901A8A
:1072400000EE100A30EE800A00EE903A81EE801ACD
:1072500000EE101A60EE801A00EE101A00EE900A8E
:1072600030EE200AC1EE800A31EE200A10EE100A3C
:10727000606300EE900A206C00EE100AF4EEC00A83
:10728000F1EE10FA00DD6063616B00EE100A00EEB3
:10729000901AB1EE400AF4EEC00AF1EE10FA06D2EE
:1072A00000EE100AB1EE400A10EE101A616300EE13
:1072B000102A00EE900AB4EEE00AF1EE10FA00DDBA
:1072C0006062616A00EE100A00EE901AB1EE400AA8
:1072D000F4EEC00AF1EE10FA0DD200EE100AB1EE93
:1072E000400A10EE100A05E06F12833A17B7D13842
:1072F0003333733F606220696061606BA063E16A51
:10730000E163A169E161216B216200EE100ABDEC2D
:10731000028B70BD70B5044611EE100A0025A06402
:1073200010EE900A1646606410EE100A206411EE0A
:10733000900A2560606012EE100AA06012EE900ABA
:10734000E06013EE100A2563206513EE900A606575
:1073500014EE100AA06514EE900AE065A4F860101F
:1073600004F16200FFF7D0FCC4F88C5084F89860F8
:107370000021C4F89910C4F89D1084F8A1506563E9
:1073800070BD000030B5144B1C68656945F04005C0
:1073900065611B68DC6844F01004DC600F4B1C68FE
:1073A000256825F0010525601C682568ED07F7D1E3
:1073B0001D680B4CAC601C68E060186801611868BF
:1073C00042601868016841F4802101601868016812
:1073D00041F00101016030BD40090020900A002009
:1073E0000448004002F036FE08494FF48062A1F1E3
:1073F000180002F025FC06494FF40072A1F5007058
:1074000004F070F803F06AFCFCE7000078610020EB
:10741000605F00202DE9F041044600680025C16846
:10742000490618D4C16841F08001C160FBF7D4FB64
:1074300006464FF47A78042707E000BFFBF7CCFB41
:10744000801B404501D9677701252068C068400648
:1074500001D4002DF2D02846BDE8F08170B5044675
:1074600000680025C16821F08001C1602068806843
:10747000800606D42046FCF74DFC10B1042060774E
:107480000125284670BD0000F8B515460E460B468E
:10749000009204460122022100F02CF8A0B9134802
:1074A00013490068B0FBF1F04FF47A714843009043
:1074B0006068B0F5827F0DD13346002280212046DE
:1074C000009500F017F870B1606D40F02000606525
:1074D0000320F8BD009830B1401E009020688068FD
:1074E000C0430006F6D50020F8BD00007000002063
:1074F00000366E012DE9F8431E4691468846044643
:10750000089DFBF769FB401B351AFBF765FB074637
:1075100025480068C0F3CB30684338E0701C37D092
:10752000FBF75AFBC01BA84203D215B1009860B309
:107530002CE02068416821F0E00141606068B0F50E
:10754000827F0BD1A068B0F5004F02D0B0F5806FFC
:1075500004D12068016821F040010160A06AB0F503
:10756000005F09D12068016821F4005101602068A2
:10757000016841F400510160012084F851000020AD
:1075800084F850000320BDE8F8830025401E0090D9
:107590002068816838EA010004D000214945BDD146
:1075A0000020F0E70121F9E7700000200178407821
:1075B00041EA00207047012002F098FFFBE7FEF748
:1075C0009BFAFEF7F5FA012002F090FFF9E70000C0
:1075D00010B5502080F31188BFF34F8FBFF36F8F2A
:1075E00004F060FA18B104494FF0805008600020A0
:1075F00080F3118810BD000004ED00E030B593B0B9
:1076000030216846F9F7DAFB14210CA8F9F7D6FB0C
:107610001D480025016841F080510160006800F0BC
:10762000805011901948016841F480410160006860
:10763000022400F480401190012000900004019089
:107640008001CDE9064006200890A820CDE9090474
:1076500007200B906846FCF73BF908B172B6FEE7CD
:107660000CA90F2081E831004FF4A0500F904FF487
:107670008050109005210CA8FCF718F8002801D0C4
:1076800072B6FEE713B030BD4038024000700040D3
:107690000248016841F470010160704788ED00E024
:1076A0000148FCF71EBE0000500B0020F0B5026838
:1076B000294C2A4D2A4E2B4F2B4B4FF0804CA04289
:1076C00009D0604507D0A84205D0B04203D0B842E7
:1076D00001D0984204D122F0700E4A6842EA0E02AC
:1076E000A0421BD0604519D0A84217D0B04215D097
:1076F000B84213D0984211D01C4DA8420ED01C4D58
:10770000A8420BD01B4DA84208D01B4DA84205D063
:107710001A4DA84202D01A4DA84203D122F4407556
:10772000CA682A434D6922F080022A4302608A68AF
:10773000C2620A688262A04201D0984201D10969FE
:107740000163012141610169C90703D0016921F089
:1077500001010161F0BD0000000001400004004093
:1077600000080040000C00400004014000400140BF
:10777000004401400048014000180040001C004047
:107780000020004010B501F01F030121046A994058
:107790008C430462016A9A401143016210BD0000EB
:1077A000F0B5036A026A22F001020262426884694B
:1077B000124E24F073050C682C4323F002058B68ED
:1077C0002B430D4DA84201D0B04205D123F008074C
:1077D000CB683B4323F00403A84201D0B04205D15B
:1077E0004D6922F4407215438A692A4342608461DC
:1077F000496841630362F0BD00000140000401409C
:10780000F0B5026A036A23F01003036243688469D7
:107810000D6824F4E64444EA05248D6822F0200231
:1078200042EA05120F4D104EA84201D0B04206D1D7
:10783000CF6822F0800242EA071222F04002A842FA
:1078400001D0B04207D14D6923F4406343EA850378
:107850008D6943EA850343608461496881630262FC
:10786000F0BD00000000014000040140F0B5026AD4
:10787000036A23F4807303624368C46922F40072CC
:1078800024F073050C68124E2C438D6842EA0522E1
:107890000E4DA84201D0B04206D1CF6822F400625A
:1078A00042EA072222F48062A84201D0B04207D106
:1078B0004D6923F4405343EA05138D6943EA0513E8
:1078C0004360C4614968C1630262F0BD00000140C9
:1078D0000004014030B5046A026A22F48052026258
:1078E0004268C3690D6823F4E64343EA05238D68C3
:1078F00024F4005444EA0534084DA84202D0084D4F
:10790000A84204D14D6922F4804242EA85124260C5
:10791000C36149680164046230BD00000000014099
:10792000000401400068C36A934201D2C26A92B265
:1079300039B1042907D0082907D00C2900D10264E5
:1079400070474263704782637047C26370470000AC
:107950002DE9F0411F49204DD0E901434A680E89C5
:107960001E496D68A5270F7007784F7040788870A2
:10797000CC70200A0871200C4871200E8871CB71E0
:10798000180A0872180C4872180E8872CD72280AEC
:107990000873280C4873280E887311480078000972
:1079A000C873A1F11800807D08744A74100A8874A5
:1079B000100CC874100E08754E75300A8875AA2010
:1079C000C87518220748FDF70BF907490860BDE89C
:1079D000F0810000F05B00209C59002050590020ED
:1079E000B85B0020F80800205802002040F2013463
:1079F000E51CA61C14F1010702F08EFA03F008FA48
:107A0000104803F0CBFD0F48FFF7A2FF0D4A2146B7
:107A100030320D4803F0A8FB0A4A294630320B48A1
:107A200003F05CFC074A31463032074803F0DEFBC6
:107A3000044A39463032054803F00EFC012003F0B9
:107A40009BFED9E73859002008070020E0060020F7
:107A500010B5806B0021C185C184FCF736FE10BDD6
:107A600070B5846B2068406994F84110C0F3C01071
:107A70000025212904D118B1E584204600F062F8E0
:107A80002068406994F84210C0F38010222904D184
:107A900018B1E585204600F02EF8606C40F010002B
:107AA00060642046FCF711FE70BD10B50146806B86
:107AB00009680968C90516D40021C1840168143118
:107AC00051E8002F22F0800241E80023002BF5D17D
:107AD00001680C3151E8002F42F0400241E80023D8
:107AE000002BF5D110BDFDF7B7F810BD10B5806BB8
:107AF000FDF7B3F810BD01680C3151E8002F22F4F6
:107B0000907241E80023002BF5D10168143151E84F
:107B1000002F22F0010241E80023002BF5D1016B78
:107B2000012909D101680C3151E8002F22F010021F
:107B300041E80023002BF5D1202180F842100021DC
:107B40000163704701680C3151E8002F22F0C00238
:107B500041E80023002BF5D1202180F84110704727
:107B600008B590F84210222901D0022008BD826891
:107B70004FF480539A4201D1016921B1816A9A423E
:107B80001BD04AB10AE00268816A5268C2F3080257
:107B90000A80816A891C08E0026972B10268526831
:107BA00002F07F020A70816A491C8162C18D491E00
:107BB0000904090CC18503D01BE002685268F1E793
:107BC0000168CA6822F02002CA600168CA6822F40B
:107BD0008072CA6001684A6922F001024A6120216C
:107BE00080F8421000214163026B012A03D0FCF7A8
:107BF000F5FF002008BD016301680C3151E8002F3A
:107C000022F0100241E80023002BF5D101680A6838
:107C1000D20602D50A6849680091818DFCF754FDAF
:107C2000E7E7000070B5044600680169E26821F4E6
:107C30004051114301612169A068E269084361690B
:107C4000114308432168CA6849F20C639A4302430E
:107C5000CA6020684169A26921F440711143416101
:107C600031492068884202D03049884202D1FBF76E
:107C7000EDFD01E0FBF7DAFDE2690023192164253F
:107C80003226B2F5004F626828D0A0FB0101930FA5
:107C90009200F9F749F80146B0FBF5F06FF01802D1
:107CA000504301EB800006EB0010B0FBF5F000F054
:107CB000F002B1FBF5F002EB0012B1FBF5F06FF052
:107CC0001803584301EB800006EB0010B0FBF5F001
:107CD00000F00F0021681044886070BDA0FB010116
:107CE00092185B41F9F720F80146B0FBF5F002016C
:107CF000B1FBF5F06FF01803584301EB800006EB81
:107D0000C000B0FBF5F000F0F80002EB4002B1FB60
:107D1000F5F0584301EB800006EBC000B0FBF5F036
:107D200000F00700D6E700000010014000140140F9
:107D30000148FCF7CBBC0000F808002038B5FAF782
:107D40004BFF284948600869401C086126480068C4
:107D50000268920603D501684068009038BD234A46
:107D60001268D206FAD5026840680090204802687E
:107D700013681C0314684FF0240324F001041460FA
:107D800016D404686268C2F1240292B24A80636029
:107D900001680B6843F400230B600068016841F040
:107DA00001010160122AD9D1124901F1600015E0E8
:107DB00002685468C4F12404A4B24C8053600E4994
:107DC0008A6A22F400228A620068016841F0010197
:107DD0000160122CC2D1074901F18400BDE838408E
:107DE00003F034B8B00200204009002000480040F1
:107DF000900A0020105B0020006002401F4818B469
:107E00000068C00637D51E4801680A6849680091B5
:107E1000C16B09680A681B4B12030A684FF40074AF
:107E200022F001020A60C16B09684A68C2F500725B
:107E300092B21A804C60C16B09680B680CD443F491
:107E400000230B60C06B0068016841F00101016014
:107E50000D4901F580600BE023F400230B60C06B3B
:107E60000068016841F001010160084901F50070F6
:107E700018BC01F0F0BE18BC7047000000140140AF
:107E80008809002040030020605D0020605F002022
:107E900010B5D0F8B82200245268904700B10324EE
:107EA000204610BD0020704700207047134610B5D3
:107EB0000A46002100F0B6F9002010BD134610B5A7
:107EC0000A46002100F04EFA002010BD10B504460D
:107ED000802100F031FA2046BDE81040002100F07A
:107EE0002BBA10B50521C0F8941200231A46194682
:107EF00000F098F9002010BD10B50223C0F89432AC
:107F000082611346C2610A46002100F02BFA00206C
:107F100010BD10B50421C0F8941200231A4619466A
:107F200000F020FA002010BDF8B504460020ADF89E
:107F3000000048880D46010A08295FD2DFE801F0F9
:107F40005E0409175E5E3C45D4F8B412207C0A68D2
:107F500019E0207C02260028D4F8B80205D0C16AB6
:107F6000684688470146467039E0816AF8E7C0B242
:107F7000062843D2DFE800F0030A1014181CD4F8D6
:107F8000B402426805E0694690471CE0D4F8B402A8
:107F9000826892B3207CF6E7D4F8B402C268F8E7AE
:107FA000D4F8B4020269F4E7D4F8B4024269F0E705
:107FB000D4F8B4028269ECE7207CF0B9D4F8B802B6
:107FC000416B68468847014609E0207CA8B9D4F88F
:107FD000B802016B68468847014607204870EA8866
:107FE0008AB1BDF8000040B1824200D90246ADF826
:107FF00000202046FFF780FFF8BDFFE72946204616
:10800000FFF764FFF8E72046FFF783FFF4E701007E
:108010004FF0000004D0012901D0022901D0032033
:1080200070470120704710B5D0F8C802FAF7CFFEAC
:10803000BDE81040FFF7EBBF2DE9F04117460446BD
:10804000002521B194F89C02032842D04CE0D4F8DA
:10805000941204F11400022935D1D0E902639E4242
:1080600006D9F21A826039462046FFF727FF0FE053
:10807000B34214D14068984211D3D4F89812884280
:108080000DD2002211462046FFF718FFC4F898527F
:1080900000231A461946204600F0C4F813E094F86D
:1080A0009C02032808D1D4F8B802C16821B1C4F8F1
:1080B000D452C168204688478021204600F03CF910
:1080C0002046FFF70EFF94F8A00268B184F8A05292
:1080D0000AE0D4F8B802426932B1C4F8D452426915
:1080E00020469047002800D10020BDE8F08170B5FF
:1080F00013460446002221B194F89C02032830D094
:108100003AE0D4F8941204F5AA70032934D1D0E9E6
:1081100002518D420AD96A1A82600846824200D30F
:10812000024619462046FFF7C1FE25E094F8AA0250
:1081300010F01F0003D0012802D0022800D0002236
:1081400094F89C02032808D1D4F8B802016921B13F
:10815000C4F8D4220169204688472046FFF7D9FE9B
:108160000AE0D4F8B802836933B1C4F8D422826932
:1081700020469047002800D1002070BD00207047A5
:1081800010B50024012180F89C12D0F8B82222B149
:1081900052680179904700B10324204610BD0A06B9
:1081A00001F07F01D0F8C80201EBC10100EB8100B2
:1081B00001D5807D704790F85602704710B5D0F811
:1081C000D42200EB8202D2F8B82222B190F89C327D
:1081D000032B02D004E0032010BD126A02B19047C5
:1081E000002010BD10B5D0F8D42200EB8202D2F8E6
:1081F000B82222B190F89C32032B02D004E0032075
:1082000010BD526A02B19047002010BD10B51C4647
:108210001346D0F8C8022246FAF706FEBDE8104021
:10822000FFF7F5BE10B5D0F8C802FAF72CFEBDE88E
:108230001040FFF7ECBE2DE9F04100260125044671
:1082400080F89C52C4F894626660C4F8A46280F816
:10825000A062D0F8B80230B1426822B100212046B5
:10826000904700B103260022402311462046FFF725
:10827000CDFF4027A4F864513B46002280212046D0
:10828000C4F86071FFF7C2FFA58430462762BDE8DD
:10829000F08190F89C12042903D190F89D1280F887
:1082A0009C120020704710B590F89C12032905D14C
:1082B000D0F8B81211B1C96901B18847002010BDCA
:1082C00001740020704710B5D0F8C802FBF71EF902
:1082D000BDE81040FFF79BBE70B5044600F2AA202F
:1082E000054600F048F80120C4F89402B4F8B00242
:1082F000C4F8980294F8AA0210F01F010AD00129CC
:108300000ED0022912D000F080012046BDE8704056
:1083100000F012B829462046BDE8704000F0A8B829
:1083200029462046BDE8704000F0E8B929462046BD
:10833000BDE8704000F032B910B5D0F8C802FAF7C5
:10834000BEFDBDE81040FFF762BE90F89C12042904
:1083500003D090F89C1280F89D12042180F89C12A2
:108360000020704710B5D0F8C802FAF7E1FDBDE86B
:108370001040FFF74CBE70B5054611F8010B287090
:10838000087868704C1C2046FFF710F96880A41C20
:108390002046FFF70BF9A880A01CFFF707F9E8803B
:1083A00070BD02460020D2F8B832002B02D01B6804
:1083B00010461847704700002DE9F04188462B4EC3
:1083C0008978002504463170012906D941462046A6
:1083D000FFF77CFD0320BDE8F08194F89C020227A2
:1083E00002280CD003281DD041462046FFF76EFD21
:1083F00031782046FFF74CFD03252846EBE789B38B
:1084000020466160FFF7CDFF050004D041462046BD
:10841000FFF75CFD1DE02046FFF77BFD032084F89D
:108420009C02EAE7C1B1606888421BD0C1B2204615
:10843000FFF72EFD317820466160FFF7B2FF05009F
:1084400010D041462046FFF741FD21792046FFF735
:108450001FFD84F89C72D0E784F89C72204661600E
:10846000FFF716FD2046FFF754FDC6E7DC000020AD
:108470002DE9F0410A78002512F060020CD0202A84
:1084800001D0402A7DD1D0F8D42200EB8202D2F86C
:10849000B8229268904731E04B78002201260A2BDF
:1084A0006FD2DFE803F041666E586E08056E2D2925
:1084B000FFF73AFD67E004468888D8B9C888C8B98C
:1084C0004888802816D200F07F0794F89C02032881
:1084D00010D084F89E7239462046FFF7F4FE2046FD
:1084E000FFF717FD1FB1022084F89C024BE084F8CF
:1084F0009C6248E0204644E0FFF75EFF054642E00C
:10850000CB88012B3DD190F89C32012B04D0022B5B
:1085100002D0032B35D104E08260012200F1080172
:1085200016E00122011D13E090F89C22012A03D0DD
:10853000022A01D0032A24D1CA88022A21D1C66086
:10854000D0F8A41209B10321C160022200F10C018C
:10855000FFF7D2FC17E04A88012A02D0022A03D092
:108560000FE0C0F8A46216E08988090A80F8A0121A
:1085700011E090F89C32012B08D0022B06D0032B7F
:1085800004D0FFF7A3FC2846BDE8F0814988012903
:10859000F9D1C0F8A422FFF7BCFCF4E72DE9F041C3
:1085A000054608780C790E464FF0000810F0600080
:1085B0000BD0202801D040286AD121462846FFF759
:1085C00071FCFF2800D0D8B395E07078C8B30128BB
:1085D00024D003285CD195F89C02022802D00328FD
:1085E00056D10CE0002C53D0802C51D02146284687
:1085F000FFF7A2FE80212846FFF79EFE7BE07088F1
:1086000040B93CB1802C05D0C88818B9214628460D
:10861000FFF792FE2846FFF77CFC6CE095F89C0281
:108620000228DFD0032863D1708880BB600603D0A6
:1086300021462846FFF7F7FC2846FFF76AFCBCE70F
:1086400000E00AE0C5F8D402D5F8B8028268F2B1B9
:1086500031462846904780464DE095F89C02002719
:10866000022802D0032843D113E00CB1802C3FD163
:10867000200604F07F0000EB800005EB800101D5AF
:10868000143101E001F5AA7102220F602CE032E002
:108690002EE0200604F00F0000EB800005EB8000C8
:1086A00009D5808C20B304F07F0000EB800005EB3F
:1086B000800614360AE0B0F86401C8B104F07F0007
:1086C00000EB800005EB800606F5AA764CB1802C05
:1086D00007D021462846FFF762FD10B10120306027
:1086E00000E03760022231462846FFF705FC02E031
:1086F0002846FFF7EBFB4046BDE8F08170B5054624
:10870000087800240E4610F0600003D0202801D025
:10871000402827D195F89C02012803D0022801D0D7
:1087200003281FD1B088C1B201291AD8C1B2284686
:10873000FFF7BAFBFF280CD058B9D5F8B8128A68F1
:108740003AB1C5F8D4028A683146284690470446B3
:1087500000E00324F088204307D12846FFF7D9FB27
:1087600003E031462846FFF7B1FB204670BD00000C
:1087700070B50A78012302F00F054E78AB401B4C10
:10878000D0F81C58012E17D045EA0343C0F81C3816
:1087900000EB4210D0F8002B12040BD4D0F8002BC1
:1087A0000B890979C3F30A031A4344EA81410A4356
:1087B000C0F8002B002070BD9BB21D43C0F81C58B0
:1087C00000EB4210D0F800391B04F3D4D0F8003984
:1087D0000D890979C5F30A0589042B4341EA8251C1
:1087E0000B432343C0F80039E4E700000080001089
:1087F000D0F800196FF30A01C0F80019D0F8041876
:1088000041F48071C0F804180020704710B5036C63
:10881000134CA34203D9D0F8003B002B1EDB0023EE
:10882000C0F8103BD0F8103B43F40023C0F8103BD5
:10883000D0F8103B43F01803C0F8103BD0F8103BC1
:1088400043F0C043C0F8103B012907D1C0F8142BF6
:10885000D0F8001B41F08021C0F8001B002010BDA3
:108860000A30544F4A780B78012A00EB43100BD0A2
:10887000D0F8002B22F40012C0F8002B097903294C
:1088800014D0022912D017E0D0F8002922F40012E7
:10889000C0F800290979032901D002290CD1D0F8A8
:1088A000001941F08051C0F8001905E0D0F8001B14
:1088B00041F08051C0F8001B002070470A784B78C7
:1088C000D1B200EB4110012B12D0D0F8001B0029CF
:1088D00006DB2AB1D0F8001B21F08041C0F8001B54
:1088E000D0F8001B41F40011C0F8001B00207047B5
:1088F000D0F80019002906DB2AB1D0F8001921F0C0
:108900008041C0F80019D0F8001941F40011C0F8F6
:108910000019EBE7F8B50C784F78894DE3B26FF0AA
:10892000604600EB4313012F29D0D3F8107B6FF37F
:108930001207C3F8107BD3F8107B2F40C3F8107BCD
:10894000002C0C697DD0002C7CD08D682C44641EDA
:10895000B4FBF5F4A4B265430D62D3F8105B06EAEC
:10896000C4442543C3F8105BD3F8104B0D6AC5F31C
:1089700012052C43C3F8104B012A7DD0C7E00F69C4
:1089800027B3D3F810796FF31207C3F81079D3F82F
:1089900010792F40C3F8107944B30F698D682F44C4
:1089A0007F1EB7FBF5F506EAC545D3F810693543D8
:1089B000C3F81059D3F810590E69C6F3120635439F
:1089C000C3F810590D79012D1CD027E0D3F8106998
:1089D0002E40C3F81069D3F8105945F40025C3F8A8
:1089E0001059D3F810596FF3120515E00E698D6810
:1089F000AE4200D90D61D0F8105945F40026C0F8F8
:108A00001069D7E7D3F8105925F0C045C3F81059BD
:108A1000D3F8105945F00055C3F81059012A1AD05F
:108A200000EB4413D3F8004944F00444C3F8004970
:108A30000C79012C32D00A697AB3D0F8342809783D
:108A400001E040E052E001F00F03012199400A43A8
:108A5000C0F8342871E0CA691AB100EB4413C3F8B6
:108A600014290979012910D1D0F80818C90500EB9B
:108A70004411D1F8002900E045E002D442F0005250
:108A800001E042F08052C1F8002900EB4410D0F818
:108A9000001941F00441C0F800194EE0D0F8084830
:108AA000E405D3F8004902D444F0005401E044F056
:108AB0008054C3F8004900920A8A93B20A78C968C0
:108AC00000F08EF939E00CB18C680C618C680C6296
:108AD000D0F8105BC4F312042543C0F8105BD0F843
:108AE000104B44F40024C0F8104B45E7D3F8104B6A
:108AF0008D68C5F312052C43C3F8104BD3F8104B07
:108B000044F4002436E7CA680AB1C3F8142B097983
:108B100001290CD1D0F80808C005D3F8000B02D405
:108B200040F0005001E040F08050C3F8000BD3F853
:108B3000000B40F00440C3F8000B0020F8BD00001B
:108B4000FFFF07E038B50022009213464D780A78FF
:108B500042F2107400EB4212012D19D0D2F8005BE2
:108B6000002D3CDAD2F8005B45F00065C2F8005BEE
:108B70000A7800EB4212D2F8005B45F08045C2F85B
:108B8000005B009A521C0092A24221D9012326E0E8
:108B9000D2F80059002D22DAD2F8005945F00065CC
:108BA000C2F800590A7800EB4212D2F8005945F099
:108BB0008045C2F80059009A521C0092A242E5D8A2
:108BC0000A7800EB4212D2F80029002AF3DB06E013
:108BD0000A7800EB4212D2F8002B002AD1DB1846AB
:108BE00038BD18B500224FF070630092009C641CE1
:108BF00000949C420CD80469002CF7DA00922022E1
:108C000042EA811101610099491C0091994201D900
:108C1000032018BD01698906F5D4002018BDD0F8DD
:108C2000080810F0060004D0022803D0062801D05E
:108C30000F20704702207047406900F00100704724
:108C4000D0F81818D0F81C08084080B27047D0F847
:108C50001818D0F81C080840000C704710B5D0F860
:108C60001038D0F8342801F00F0400EB4110E24036
:108C700002F00102D0F8080943EAC212104010BD08
:108C800000EB4111D1F8081BD0F8140808407047D8
:108C9000416980690840704730B50346084694082A
:108CA00002F00301002203F5805303E01D6840F841
:108CB000045B521CA242F9D300290BD01C6800228D
:108CC000D50024FA05F3491E521C090400F8013BA3
:108CD000090CF5D130BDD0F8002822F4FE62C0F8AE
:108CE0000028D0F800284FF4FE6303EA01110A437C
:108CF000C0F8002800207047022A3ED1264A274BA0
:108D00000A449A4201D20F2138E0254A254B0A44F1
:108D10009A4201D20E2131E0234A244B0A449A425E
:108D200001D20D212AE0224A224B0A449A4201D262
:108D30000C2123E0204A214B0A449A4201D20B2104
:108D40001CE01F4A1F4B0A449A4201D20A2115E037
:108D50001D4A1E4B0A449A420FD31D4A1D4B0A441A
:108D60009A4201D2082109E01B4A11441B4A914250
:108D700001D2072102E0062100E00921C26822F4A5
:108D80007052C260C2684FF4705303EA81210A43F3
:108D9000C260002070470000405327FF00350C00E0
:108DA000401E1BFF40420F0000DC0BFF804F1200F3
:108DB000808CF9FE20D6130060B6E5FE60E3160055
:108DC00000D3CEFE40771B00C05BB3FEC0912100F4
:108DD00000CA91FE20753800E05459FEE09C410025
:108DE00010B5029C74B9DB1C9C0800EB0230002318
:108DF00000F5805004E000BF51F8042B02605B1CBA
:108E0000A342F9D3002010BDFEE70000F0B52049D1
:108E1000204F2148CA687E42BA4203DA43695B1C8C
:108E2000436104E0B24202DD83695B1C83611A4B3B
:108E300002F516744FF4966CDB6964450ED8BB429C
:108E400006DBB3420ADC00250D748561456105E04F
:108E500045691E2D02DA03230B740FE0BA4204DACF
:108E60004569142D01DB01250D74644506D8B34214
:108E700004DD83691E2B01DA042305E0B24204DD20
:108E80008369142B01DB02230B74C261F0BD000067
:108E9000105B0020A8FDFFFFB00200204100080287
:108EA00018BF04200A0E18BF40F001004FF07F42A7
:108EB00032EA010108BF40F00200012808BF052086
:108EC00070470907090E002804DB00F1E02080F854
:108ED0000014704700F00F0000F1E02080F8141D2E
:108EE0007047000010B510EE104A4FF01A402DEDFB
:108EF000028B00EB4400B0F1C85F4AD84FF0FC4051
:108F0000B0EB440F22D2B0EEC00AF7EE000A30EE0A
:108F1000C00AF6EE000A20EE208A18EE100A02F0CF
:108F20006BFA00EE100A14F0004F1DBF9FED281AD7
:108F3000DFED280AB1EE400A9FED271A08BFF0EED8
:108F4000410AF8EE001A20EE210A05E020EE008A20
:108F50009FED221ADFED220ADFED221A9FED222A71
:108F600070EEC00A20EE080A08EE212ADFED1F1A73
:108F700048EE021A9FED1E2A08EE212ADFED1D1A87
:108F800048EE021ABDEC028B40EE610A30EE810A17
:108F900010BD4FF0CC40B0EB440F82BF9FED160ADE
:108FA000BDEC028B10BD4FF07F40B0EB440F05D2FB
:108FB000BDEC028BBDE8104000F029BA012000F0A2
:108FC0004DFABDEC028BBDE8104000F027BA00005E
:108FD0000000494022AA7D3A000000000000C93F7D
:108FE00022AAFD3924FE1C3DC78AD83C1E67383DA5
:108FF0001B93993DAFAA2A3EDB0FC93F10B54FF036
:109000000E402DED028BB0EE408A18EE104A00EBB8
:109010004400B0F1506F4AD84FF0FC40B0EB440F21
:1090200022D2B0EEC80AF7EE000A30EEC00AF6EE21
:10903000000A60EE208A18EE900A02F0DDF901EED7
:10904000100A14F0004F1DBFDFED2D0A9FED2D0A11
:10905000B1EE411ADFED2C0A08BF9FED2C0AF8EEA5
:10906000001A21EE218A05E0DFED290A68EE088A60
:10907000B0EE600A9FED271ADFED271A30EE080ADE
:1090800048EE811A9FED251A08EEA11ADFED241A89
:1090900048EE811A9FED231A08EEA11A68EE281AED
:1090A000BDEC028B01EE810A30EE200A10BD4FF0BC
:1090B000E440B0EB440F0CD918EE100AFFF7EEFEB7
:1090C000042808BF00F0B2F9B0EE480ABDEC028BEC
:1090D00010BD4FF07F40B0EB440F07D2B0EE480A0E
:1090E000BDEC028BBDE8104000F091B9012000F00A
:1090F000B5F9BDEC028BBDE8104000F08FB900005F
:109100000000C9BF22AAFDB90000C93F22AAFD394B
:109110000000000024FE1C3DC78AD83C1E67383D75
:109120001B93993DAFAA2A3E70B54FF068422DEDD2
:10913000048BF0EE408A18EE900AB0EE608A18EECA
:10914000101A02EB4003B3F1654F3CBF02EB410242
:10915000B2F1654F7DD200BFC0F3C753C1F3C75210
:109160009A1A1B2A09DD10F0004F14BF9FED830AE5
:109170009FED830ABDEC048B70BD12F11A0F36DA35
:1091800011F0004F09D010F0004F0CBF9FED7D0A89
:109190009FED7D0ABDEC048B70BD88EE889A19EEB8
:1091A000100AFFF77BFE042808BF00F03FF918EE15
:1091B000900AFFF773FE054618EE100AFFF76EFEE1
:1091C000044619EE100AFFF769FE042D18BF052D9D
:1091D00008D1042C18BF052C04D1002804BF02209C
:1091E00000F03CF9B0EE490ABDEC048B70BD4200C2
:1091F000B2EB410F3AD910F0004F19BFDFED630A0F
:109200009FED630ADFED630A9FED630AB0EE481A33
:109210000A46B1EE688A80F00041F0EE418A1046BD
:109220000A1A5200B2F1807F34D2484010F0004F49
:10923000DFED5A1A9FED5A2A1DBFBEEE001A70EEDE
:10924000E10A30EE420AB6EE001A08BF70EEA10A3B
:1092500000E040E008BF30EE020AB0EE682A01EEFE
:10926000482A08EE818AC2EE081A15E011F0004F74
:1092700004BF9FED4C0AF0EE400AD1D010F0004F31
:1092800019BFDFED490A9FED490ADFED490A9FED5D
:10929000490AC5E7C8EE881A21EEA11A9FED462AB1
:1092A000DFED462A41EE022A9FED452A01EE222AF1
:1092B000DFED442A41EE022A9FED432ABDEC048BE8
:1092C00001EE222A21EE811A01EE020A30EE210A75
:1092D00030EE200A70BD4FF07F42B2EB400F28BF46
:1092E000B2EB410F09D2F0EE480AB0EE680ABDECCD
:1092F000048BBDE8704000F08DB840EA01035B00CC
:1093000008BF41F0FF410BD0B2EB400F08BFB2EBFA
:10931000410F08D120F0804008EE900A21F08041F2
:1093200008EE101A18E7B2EB400F12BF5FEA4103D4
:1093300040F0FF4001F000413FF40EAFB2EB410FAF
:1093400012BF5FEA400200F0004041F0FF413FF4ED
:1093500003AF4A0092EA40033FF5FEAE002AACBFDD
:109360009FED1A0A9FED1A0A68EE808A28EE008A9D
:1093700018EE900A18EE101AEEE60000DB0FC9BFD7
:10938000DB0FC93FDB0F4940DB0F49C00000C9BFFD
:1093900022AAFDB90000C93F22AAFD390060ED3EB6
:1093A000C30ACE3700000000000049C022AA7DBADF
:1093B0000000494022AA7D3A2DAD65BD8FB8D53D4C
:1093C0000FB511BE61C84C3EA8AAAABE0000804FCE
:1093D0000000802F10B52DED028BB1EEC08A18EE83
:1093E000100A20F00040C0F1FF40C00F0AD010EE7C
:1093F000100A20F00040C0F1FF40C00F04BF012060
:1094000000F02CF8B0EE480ABDEC028B10BD30EE37
:10941000000A704730EE200A70470000DFED020AB4
:1094200080EEA00A70470000000000009FED020AD5
:1094300020EE000A704700000000001002E008C89B
:10944000121F08C1002AFAD170477047002001E0BE
:1094500001C1121F002AFBD17047000001490860BA
:10946000704700004C030020D0ED000AF4EEC00A63
:10947000F1EE10FA01DD80ED000AD0ED000AB1EE48
:10948000400AF4EEC00AF1EE10FA01D280ED000AB3
:109490007047000000F088FD0E4D00260E4F4FF083
:1094A00001080E4C00F070FC287810B101280CD196
:1094B00005E097ED1F0A84ED000A666005E0C4F838
:1094C000048000F067FD00F03BFD012002F054F93C
:1094D000E8E7000000000020705A00205003002040
:1094E00070B5F7F795FE8020F7F7DEFF5520F7F708
:1094F000DBFF5520F7F7D8FF424C2070F7F780FECE
:109500000120F9F74BFAF7F783FE8020F7F7CCFF3D
:109510005520F7F7C9FF5520F7F7C6FF2070F7F77A
:109520006FFE0120F9F73AFAF7F772FEB6217E20B6
:10953000F7F7CCFFF7F764FE5020F9F72FFAF7F7AB
:1095400067FE8020F7F7B0FF5520F7F7ADFF5520F5
:10955000F7F7AAFF2070F7F753FE0120F9F71EFA7C
:10956000F7F756FE8020F7F79FFF5520F7F79CFF8F
:109570005520F7F799FF2070F7F742FE0120F9F721
:109580000DFA20781E2801D0FF2070BD1D4D00204F
:1095900060702435F7F73CFE607800EB400041191D
:1095A000285C4978F7F792FFF7F72AFE0120F9F7D0
:1095B000F5F9F7F72DFE607800EB4000285C40F0ED
:1095C0008000F7F771FF5520F7F76EFF5520F7F78A
:1095D0006BFF2070F7F714FE0120F9F7DFF96078D0
:1095E000237800EB400129444A789A4203D08978D5
:1095F000A2781143A170401CC0B260700628C9D384
:10960000002070BDF800002070B5F7F711FE3C494E
:109610000020F7F73DFFF7F703FE0120F9F7BEF949
:10962000F7F706FE36490020F7F732FFF7F7F8FDA7
:109630000120F9F7B3F9F7F7FBFDB6211420F7F78E
:1096400045FFF7F7EDFD5020F9F7A8F9F7F7F0FD22
:109650002B490020F7F71CFFF7F7E2FD0120F9F78F
:109660009DF9F7F7E5FD26490020F7F711FFF7F719
:10967000D7FD0120F9F792F9214C20780F2801D06D
:10968000FF2070BD1E4D002060703635F7F7D0FD0D
:10969000607800EB40004119285C4978F7F716FF25
:1096A000F7F7BEFD0120F9F779F9F7F7C1FD60780A
:1096B000134900EB4000285CF7F7EAFEF7F7B0FD2E
:1096C0000120F9F76BF96078227800EB400129441A
:1096D000497891420BD0401EC0B20949607000EB3E
:1096E000400024310844A17880780843A070607855
:1096F000401CC0B260700628C8D3002070BD0000B6
:10970000F800002070B5144C012500202562C4E942
:10971000060520606060A060E0600E266061666201
:10972000206121460D48F8F7D5FB0C48F8F736FFC5
:1097300002210A48F8F754FB666166622146084830
:109740002561F8F7C7FB0648F8F728FFBDE8704029
:1097500010210348F8F744BB10590020E006002010
:1097600008070020064991ED020A80ED000A91EDFC
:10977000030A80ED010A9FED030A80ED020A70479B
:109780004C04002000000000064991ED020A80ED23
:10979000000A91ED030A80ED010A9FED030A80EDB6
:1097A000020A70474C040020000000000749897D30
:1097B00039B1012905D0022905D0032905D1FFF7C8
:1097C000D1BFFFF7E1BF00F003B870474C040020A1
:1097D000064991ED020A80ED000A91ED030A80ED41
:1097E000010A9FED030A80ED020A70474C04002035
:1097F000000096442DED028B9FED098A094CDFEDA8
:109800000A8A00BF84ED068AC4ED078A00F0DEFAFA
:10981000044800F0F3FA012001F0AEFFF2E7000087
:1098200000002F446C0400200000FA440C4910B5DD
:10983000CB680C4A13F5C87F07DA0B4CB4F801402B
:10984000B4F5D27F01D2012305E0C82B04DA136AF4
:10985000C82B01DD0023C375C868106210BD00006D
:10986000105B002008000020B85B00200A4810B5FB
:1098700090ED092A9FED090A0948F0EE401A03C845
:10988000B0EE401AF0EE400A00F00CF8BDE81040CF
:10989000012001F071BF00009C5900200000000071
:1098A000A4020020F0B5054630480F4689B0016893
:1098B000B0EE413A491CF0EE602A016010209FEDA5
:1098C0002C1ADFED2C0A00F027FA06460C209FED3B
:1098D0002A1ADFED2A0AB0EE620A00F01DFADFED67
:1098E000292A04460C209FED261AF0EE620AB0EEFB
:1098F000430A00F011FA03460C20B1EE041AF0EE10
:10990000620AB0EE610A00F007FA02460C20B3EEDC
:10991000021AFBEE020AB0EE420A00F0FDF9002145
:109920000491059108210691310A8DF800108DF8F7
:10993000016021098DF80210210141EA13218DF8FF
:1099400003108DF8043011098DF80510110141EA5A
:1099500010218DF806108DF807000297284608ABF5
:109960006A4602A9F8F74EFA09B0F0BDAC02002031
:10997000DC0F4940DC0F49C000003442000034C213
:109980000000FA430000000000B589B001230291F5
:1099900000210491059108210691FF218DF8001006
:1099A0008DF801108DF804108DF802108DF8051057
:1099B0008DF803108DF80610FC218DF807106A460B
:1099C00002A9F8F71FFA09B000BD00B589B001235C
:1099D000029100210491059108210691FF218DF843
:1099E00000108DF801108DF804108DF802108DF81C
:1099F00005108DF803108DF80610FD218DF8071065
:109A00006A4602A9F8F7FEF909B000BD8169826AC9
:109A100000EE101A00EE902A20EE200AB5EEC00AE1
:109A2000F1EE10FA4ADD00EE101AB5EEC00AF1EEC2
:109A300010FA00EE101A01DCB1EE400A436D00EEA0
:109A4000903AB4EEE00AF1EE10FA37D9026D00EE6A
:109A5000903A00EE102A70EE200A00EE101AB5EED1
:109A6000C00AF1EE10FA00EE101A01DCB1EE400A65
:109A7000F4EEC00AF1EE10FA1EDB00EE101A00EE52
:109A8000902AB5EEC00AF1EE10FA00EE101A01DCD1
:109A9000B1EE400A016B70EEC00A00EE103A30EEF3
:109AA000801A00EE102AC1EE000A00EE101A20EE15
:109AB000800A10EE101A00E00021016370470000D8
:109AC00070B50446D0F8945000F16202B0F86030EE
:109AD0000169D0F89000D5B1022B36D900EE101AEA
:109AE000F1EE400A00EE100A1046FDF713F8E068A8
:109AF00000EE900AD4F89400806801EE100A70EE2F
:109B0000810A00BF20EE200A10EE100A1BE0022B93
:109B10000CD900EE101AF1EE400A00EE100A1046C1
:109B2000FCF7F8FFE06800EE900AEBE7626900EEF0
:109B3000101A00EE902AE16870EEC00A00EE101ACA
:109B400020EE801A12E0E06270BDE26800EE102A9A
:109B5000AA6800EE902A626930EE201A00EE902A80
:109B600000EE101A30EEC00A21EE001A00EE100AC4
:109B7000C1EE000A10EE900AE5E7026B816A00EE82
:109B8000902A00EE101A426A70EE200A01EE102AA6
:109B900000EE101AC26A31EE001A00EE102A31EE01
:109BA000000AB5EEC00AF1EE10FA01DCB1EE400A8F
:109BB000026C01EE102A0022B4EEC10AF1EE10FA96
:109BC0000CDD836900EE101A01EE103A21EE000A56
:109BD000B5EEC00AF1EE10FA00DD0263416C00EE52
:109BE000101AB4EEE00AF1EE10FA01D202638162BB
:109BF00000EE101AB1EE400AB4EEE00AF1EE10FAEF
:109C000007DD00EE101A0263B1EE400A10EE101AE2
:109C100081627047EFF3108172B6436802699A421D
:109C200001D90268026112F8013B02618268521C8C
:109C30008260C268521E81F31088C2601846704765
:109C40008B185B1E0160C0E901320022C0E90321CC
:109C50004161104670472DE9F0475FEA010805466B
:109C6000EFF3108672B62FD0AC686CB36968686980
:109C7000884201D928686861944200DD14460F1AB1
:109C80007F1CA74206DB22464146F7F77EF868694B
:109C900020440DE0A4EB07093A464146F7F775F872
:109CA00008EB07014A462868F7F76FF82868484428
:109CB0006861A868001BA860E8682044E860204646
:109CC00086F31088BDE8F08786F310884FF0FF30E8
:109CD000F8E7C0687047B4EEE00AF1EE10FA02D27D
:109CE000B0EE600A7047B4EEC10AF1EE10FAF9DD89
:109CF000B0EE410A7047FDEEC00A10EE900A00EE89
:109D0000900AF8EEE00A30EE600A10EE101AB1F197
:109D10007C5F00DD401C7047012131EE601A8140FC
:109D200070EE600A491E00EE101AB8EEC00A20EE6E
:109D3000800AC0EE010ABDEEE00A10EE100A70477C
:109D400010B558B1084C491E0BD310F8013B5340D5
:109D5000DBB234F8133083EA1222F4E74FF6FF70D7
:109D600010BD104610BD000010BF000810B5054C16
:109D700004E000BF10F8013B5340E25C491EF9D2F9
:109D8000104610BD10BE000870B50C480C4D0D4CAF
:109D9000807D48B100F0ACF8012805D0287BC007D1
:109DA00002D00120207006E000202070297BC90726
:109DB00001D1054908702078607070BD4C04002006
:109DC000E35B0020000000209C59002010B50848EB
:109DD000084C807D38B100F08BF8012803D006488C
:109DE000007B800701D4002000E00120207010BD1E
:109DF0004C0400202C000020E35B00200749097878
:109E000019B1012909D1FFF7D1BC9FED050A80EDF9
:109E1000000A80ED010A80ED020A70472C00002044
:109E20000000000070B5044608780D460009207057
:109E3000B1F80100DFED1D0A40BA6061C9782A79E6
:109E4000090141EA1211A1612A79697902F00F0230
:109E500041EA0221E16110219FED150A01F02EFB7C
:109E600084ED010A0C21DFED130A9FED130AA069AE
:109E700001F024FB84ED030A0C21F3EE020ABBEE91
:109E8000020AE06901F01AFB84ED040A94ED010A6C
:109E9000DFED0A0A20EE200A84ED020AA87984F890
:109EA0002000E87984F8210070BD0000DC0F4940F3
:109EB000DC0F49C000003442000034C2DE2E65428F
:109EC000084810B5007B084CC00709D00748807DC2
:109ED00030B100F00DF8012802D00120207010BD33
:109EE0000020FBE7E35B0020300000204C04002052
:109EF00010B5F8F771FE074988604A68801A40F289
:109F0000DC52C860904201D9012000E000200870B6
:109F1000C0B210BDB00200200748017807484A1EB1
:109F2000082A01D8012104E0652901D3022100E0BB
:109F30000021017070470000E35B00200800002052
:109F400070B50F480F4C0078012804D09FED0E0A21
:109F500084ED090A70BD0D4E0D4D06F10C00D6EDD5
:109F6000000A95ED1F0A00F0F7FA86ED020AF0EEFE
:109F7000400A95ED060A06F1480000F0EDFAE7E721
:109F8000000000209C590020000000005003002029
:109F9000705A00200348407D08B1012801D100F02B
:109FA00049B870474C04002010B5B2EE002A2DEDE0
:109FB000028B9FED1D8A9FED1D0A1D48F0EE481A89
:109FC000B0EE481AF0EE480A00F007FB1848B2EE6F
:109FD000042AF0EE481AB0EE481AF0EE480AB0EE45
:109FE000000A3C3000F0F9FA1148B2EE042AF0EE13
:109FF000481AB0EE481AF0EE480AB7EE000A783078
:10A0000000F0EBFAF0EE481AB0EE481AF0EE480A0B
:10A01000BDEC028BB2EE042A0548BDE81040B7EE55
:10A02000000AB43000F0D9BA000000003333134006
:10A030005C0300200548064990ED000AD1ED000AB6
:10A0400030EE600A80ED000A7047000050030020E7
:10A050004C04002070B538480024A0F1300504609D
:10A060000471364EC5F8354085F839403460746067
:10A070003481B4722C70202106F10B00F6F79EFE9D
:10A0800005F112000D210460001D0460AC81AC7369
:10A09000A5F80F406C7406F12B00F6F78FFE102127
:10A0A00006F13800F6F78AFEB464F4643465C5F846
:10A0B0003A40EC876C816C70AC65A5F85C4005F1AA
:10A0C000400085F85E4004608480263828210460C2
:10A0D000C5F84640A5F84A4006F15400F6F76EFE72
:10A0E00005F14C001E21046084802E380460EC7061
:10A0F000C5F85240A5F8564006F17C00F6F75EFE22
:10A1000006F18000692140F81A4F44608460C46001
:10A11000046144618461C4610484C5F85F40C5F88A
:10A12000634006F1BC00F6F749FE06F22510BDE8D3
:10A1300070402221F6F742BE08030020B85B0020E1
:10A1400010EE100AF6EE000A074960EE200AA1EBB5
:10A15000600000EE100A20EE801AF7EE080A41EEC9
:10A16000400A20EE800A7047865A375F70B5044671
:10A170003248334D0078012833D0B5F9000000F0A3
:10A1800091F8217860F341012170B5F9020000F0E7
:10A1900059F8217860F382012170B5F9040000F0CC
:10A1A000B9F8217860F3C3012170B5F9060000F019
:10A1B000D9F8217860F304112170B5F90C10B5F9C4
:10A1C0000A0000F0F7F8217860F345112170B5F925
:10A1D0000C0000BF00F060F8217860F3C711217017
:10A1E00070BDB5F9100000F05DF8217860F3410111
:10A1F0002170B5F9120000F025F8217860F3820192
:10A200002170B5F9140000F085F8217860F3C301DE
:10A210002170B5F9160000F0A5F8217860F304115B
:10A220002170B5F91C10B5F91A0000F0C3F82178B7
:10A2300060F345112170B5F91C00CBE70800002040
:10A24000C35B002010B51249124C3C288B89B4F82E
:10A25000012001DA03B94A81962801DB03B90A819A
:10A260004B899B1A5B1E092B0CD30B899B1A5B1E17
:10A27000022B07D330B123780424B4EB131F01D190
:10A28000B42A01D9002200E001228881104610BDC5
:10A2900008000020B85B0020011E4FF0000000DC29
:10A2A0000120704730B51949194B3C28CC88B3F8C8
:10A2B000012001DA04B98A80962801DB04B94A80BA
:10A2C0008C88A41A641E092C01D2012400E0002409
:10A2D0004D88AA1A521E022A01D2012200E0002251
:10A2E000144340B1002214431A780423B3EB121F25
:10A2F00003D0012202E00122F5E70022144301D03D
:10A30000002200E00122C880104630BD0800002075
:10A31000B85B002010B51149114B3C284C8AB3F8AA
:10A32000012001DA04B90A82962801DB04B9CA8146
:10A330000C8AA41A641E092C0AD3CC89A21A521EB4
:10A34000022A05D320B11A780423B3EB121F01D0DF
:10A35000002200E001224882104610BD08000020C3
:10A36000B85B002010B51149114B3C280C8BB3F899
:10A37000012001DA04B9CA82962801DB04B98A8275
:10A38000CC8AA41A641E092C0AD38C8AA21A521EE3
:10A39000022A05D320B11A780423B3EB121F01D08F
:10A3A000002200E001220883104610BD08000020B2
:10A3B000B85B002030B5124A124C3C28D58BB4F85B
:10A3C000013001DA05B99383962801DB05B953837F
:10A3D000958BED1A6D1E092D0CD3558BEB1A5B1E58
:10A3E000022B07D330B123780424B4EB131F01D11F
:10A3F000002901DD002100E00121D083084630BDA5
:10A4000008000020B85B0020F8F7F4FBFDF7F6F831
:10A41000FCF790F9FCF7DCF8FCF754FAFCF76EFA5D
:10A42000FCF7C2FAFCF78EFAFCF756FBFCF734FB9C
:10A43000FCF714FBFCF788F8FCF7A8F800F0D0FC58
:10A44000FFF760F9A820F7F7D9FB01210448F6F7D8
:10A45000CDFF0028F9D1FCF701F900F04EF8FEE736
:10A460005007002001460020842900D0C81C7047F6
:10A47000F0B50B30154D20F007010024144A0FE011
:10A4800003688B420BD38B4205D95E1A4318476889
:10A49000C3E9006700E04368136002C004E0021DE6
:10A4A00010680028ECD12046002802D1286808B1A5
:10A4B0000020F0BD064A07481060074A121A22F031
:10A4C0000702C0E9002401202860D7E748030020E4
:10A4D000440300200C66002008860020F7F7FAFAF3
:10A4E000FFF7C4F9012001F047F9F7E710B500B90B
:10A4F000012001F041F9002010BD10B501F062F912
:10A50000002010BD7FB50D4604464169B0F9080032
:10A5100081B1A16971B1FFF7A5FFD4E905128DE8FA
:10A520000700D4E900102B46226901F090FA03904D
:10A5300004B070BDFFF796FF03A9CDE90001208AA2
:10A540002B4682B2D4E9001001F054FA012801D060
:10A550000020EDE70398EBE710B580ED0A0A30EE36
:10A56000C00AC0ED090A044680ED080AD0ED000AD1
:10A5700060EE800AC0ED0B0AD0ED0C0A90ED011AD6
:10A5800041EE000AC0ED0C0AD0ED070A30EE600A79
:10A59000D0ED020A04F1300020EE200A84ED0D0A0D
:10A5A00094ED030AFEF760FF94ED0B0AD4ED0C0A5C
:10A5B00004F1380030EE200AD4ED0D0A30EE200A06
:10A5C00084ED0E0A94ED040AFEF74EFF94ED080A9E
:10A5D00084ED070A94ED0E0A10BD80EC050A704761
:10A5E00070B5074D002400BFD5E90001FFF7CCF995
:10A5F000012001F0C1F8641C0A2CF5DB70BD0000DD
:10A60000A4020020044810B503C8FFF7DEF9BDE836
:10A610001040012001F0B0B8A40200202DE9F04163
:10A62000184C0F460546E6682068001D00F0DCFF68
:10A6300038B9206890F82C100120884021698143A6
:10A640002161681C07D137B12168BDE8F0410E488F
:10A65000091D01F00DB820683544B54245602168F8
:10A6600005D2A06BBDE8F041091D00F0E9BF606BA9
:10A67000091D00F0E5FFA06A854200D2A562BDE891
:10A68000F081000074000020781300202DE9F041D3
:10A69000054600F0F9FF2E4CA068401CA060206821
:10A6A0002C4F10B1606940B32DE02560A0680128EF
:10A6B00029D1002606EB860007EB800000F0B2FFF0
:10A6C000761C072EF6D323488C3000F0ABFF2148D0
:10A6D000A03000F0A7FF1F48B43000F0A3FF1D48D2
:10A6E000C83000F09FFF1B48DC3000F09BFF19488A
:10A6F0008C3060631430A06305E02068E96AC06AAA
:10A70000884200D82560606A401C6062E96A0120C6
:10A71000226988401043206101EB810007EB800033
:10A72000291D00F0A5FF00F0CFFF606900280CD0C4
:10A730002068E96AC06A884207D207494FF0805012
:10A740000860BFF34F8FBFF36F8FBDE8F08100004B
:10A75000740000209C12002004ED00E010B50446B7
:10A7600090F8510058B101280CD002280FD0502089
:10A7700080F31188BFF34F8FBFF36F8FFEE7206B1D
:10A7800000F0B6FF2046BDE8104000F0B1BF10BD9C
:10A790000F4844F2D021420705D0C01D0C4A20F0DA
:10A7A0000700821A891A0B4A00230144C2E90003F8
:10A7B0000839183A21F0070111604B600B600B1A41
:10A7C000C0E9001393604FF0004053605061704740
:10A7D0008C130020C8000020144E154CA6F1C807A9
:10A7E0004FF08058DFF84C9012E000BF00F04CFFB3
:10A7F000F068C568281D00F0F7FEA068401EA06044
:10A800006068401E606000F05FFF2846FFF7A6FF0B
:10A8100060680028EAD138680128F9D9C9F80080B1
:10A82000BFF34F8FBFF36F8FF2E700006413002078
:10A830007400002004ED00E02DE9F0479A46DDE9C0
:10A84000098481466FF00303206B03EB82021044FE
:10A85000089E20F00707780707D0502080F3118862
:10A86000BFF34F8FBFF36F8FFEE7002561B100206C
:10A8700023180A5C83F834200A5C12B1401C1028AB
:10A88000F6D384F8435001E084F83450072E00D307
:10A890000626E662C4E91165201D00F0CEFE04F133
:10A8A000180000F0CAFE2461C6F107006462A061CE
:10A8B000E56484F8505052464946384600F0C0F8E6
:10A8C0002060B8F1000F01D0C8F80040BDE8F08763
:10A8D00030B5114900E011460A688242FBD34B684B
:10A8E0005C18844203D140681844486008464368B5
:10A8F0001C18944209D1084C183C2468A24209D083
:10A9000052681A4442600A6812680260814200D0AC
:10A91000086030BD0460F9E7C80000200648416BBC
:10A92000096829B1416BC968C96849688162704783
:10A930004FF0FF31FAE7000074000020084840683B
:10A94000401C4FF0500080F3118804D0BFF34F8FAC
:10A95000BFF36F8FFEE7BFF34F8FBFF36F8FFEE73D
:10A96000D00000202DE9F0410546002700F060FFEF
:10A97000324E306808B9FFF70BFF706905424ED1BF
:10A98000C5B3083568070ED005F00700C0F1080010
:10A990000544680707D0502080F31188BFF34F8F1C
:10A9A000BFF36F8FFEE72DB37068854237D8234819
:10A9B000183001460C6801E020460C466168A94247
:10A9C00002D221680029F7D131688C4227D007686C
:10A9D0002168016060680837411B10290FD9601990
:10A9E000420708D0502080F31188BFF34F8FBFF388
:10A9F0006F8FFEE713E041606560FFF769FF6168F4
:10AA00007068401A7060B268904200D2B06070699D
:10AA100001430020C4E90001F068401CF06001F02F
:10AA2000A7F8780707D0502080F31188BFF34F8F25
:10AA3000BFF36F8FFEE73846BDE8F081B00000201D
:10AA400010B5031F4FF080741C601B1F21F0010123
:10AA50001960191F044B0B6014390A60091F6FF04D
:10AA6000020244380A6010BD3DA9000878B40021F4
:10AA7000ADF800109649026801240A63027981F852
:10AA80003420B0F80520ADF800200422CA62BDF8D9
:10AA90000020B2F5027F70D030DC40F201268D4BF1
:10AAA000A2F20125B2427AD01FDC40F20115A2F2D7
:10AAB0000114AA4263D00ADC012A51D0022A59D0DB
:10AAC000032A10D1C11D834820220B30FDE0012C48
:10AAD0005AD0032C5DD0042C05D1B0F80720A1F882
:10AAE0000F20407A487478BC7047072DFBD2DFE80E
:10AAF00005F0045B60686F737700F4E740F202359D
:10AB0000A2F20233AA427DD01FDCB2F5037F7AD0D5
:10AB10000CDCA2F50072093A76D0012A75D0022A1F
:10AB2000E1D1C11D6B4828225430CEE0A2F500725D
:10AB30000D3A6BD0012A6AD0F42AD4D150F8072FED
:10AB400041F8522F80888880CDE7624A8032072BF7
:10AB5000C9D2DFE803F0048F99A2ABB2B700C2E715
:10AB600050F8071F19604168596001891981807A7E
:10AB70009872B8E7C0790870B5E756E00FE0D0F8F2
:10AB80000700C1F81200AEE7D0F80700C1F81600C0
:10AB9000A9E7B0F807208A81407A8873A3E7C11D2E
:10ABA0004C480D222B3090E0C11D4A48102238300D
:10ABB0008BE050F8071F99644168D9648068186574
:10ABC00091E750F8072FC1F83A208088C8878AE7B4
:10ABD000B0F80700488186E7C07948708C7082E73A
:10ABE00050F8072F8A658288A1F85C20807981F867
:10ABF0005E00374858304278012A0FD0022AA3D18C
:10AC00000A8905E031E021E016E01AE025E029E0BC
:10AC1000521C0A81D0F80300886264E7CA88521C7B
:10AC2000CA80D0F8030048625DE750F8072F0A6435
:10AC30008088A1F8440056E7D0F80700C1F81A0050
:10AC400051E750F8072F41F8462F7BE750F8072FC0
:10AC5000CA648088A1F8500045E7D0F80700C1F821
:10AC60001E0040E7C079C8703DE7C11D19481E228B
:10AC70007C302AE050F8073F42F81A3F436853609F
:10AC8000806890600C712EE750F8071F42F8261F6D
:10AC9000416851608068906025E750F8071F42F8CE
:10ACA000321F41685160008910811CE750F8072F5E
:10ACB00041F85F2F4068486015E7C11D05486922CB
:10ACC000BC3002E0C11D0448222278BCF6F75DB812
:10ACD000D8020020B85B0020DD5C002070B5A526FE
:10ACE0003D4C002571E03D48FEF794FF94F8861036
:10ACF00006294BD2DFE801F003131D2D384DB04279
:10AD00000AD1012184F88610B4F88710A31D4A1CCB
:10AD1000A4F88720C85458E0A4F8875055E0A080D4
:10AD2000B4F88710A31D4A1CA4F88720C854022039
:10AD300017E0A188A31D41EA0021A180B4F8871083
:10AD40004A1CA4F88720C854A08877281ED2032064
:10AD500007E0B4F88710A31D4A1CA4F88720C85444
:10AD6000042084F8860030E0B4F88710A31D4A1C44
:10AD7000A4F88720C854B4F88700052825D10521F8
:10AD8000A01D00F0A9FD08B10520EAE784F886506F
:10AD9000C2E7A288B4F887100932914204D2A31DF9
:10ADA0004A1CA4F88720C854A188B4F88700093148
:10ADB00088420AD384F88650A4F88750A01D00F07A
:10ADC0006DFD10B1A01DFFF751FE0448FEF781FF95
:10ADD000002888D170BD00007865002060610020E7
:10ADE00002492422A1F12400FCF7CCBA945B002094
:10ADF0009FED060A002180ED020A80ED030A80ED36
:10AE0000040A80ED000A817501757047000000009A
:10AE100030B50B48007801280FD10A494FF4FA7475
:10AE200001238D8900220848A54201D2837500E0E4
:10AE30008275898BA14201D2837530BD827530BD88
:10AE400008000020C35B0020385900202DE9FF4F87
:10AE500000287CD000297AD00278437842EA032285
:10AE6000C2F30A0221F8162B43788478DB0843EA00
:10AE70004413C3F30A0921F8149CCDF80C9083788D
:10AE8000C4789B0943EA8403047943EA8423C3F327
:10AE90000A0921F8129CCDF80890037944795B08DF
:10AEA00043EAC413C3F30A0921F8109CCDF80490B7
:10AEB0004379C3F3011301F80D3C43799B0901F871
:10AEC0000E3C037C447C43EA042941F80A9CCDF8FB
:10AED00000908379C47943EA04230B80037A447A8F
:10AEE00043EA04234B80837AC47A43EA04238B80A9
:10AEF000037B8B71437BCB71837BC47B43EA04234D
:10AF0000CB81837B03F001030B74837BC3F340038A
:10AF10004B74837BC3F380038B74837BC3F3C003C5
:10AF2000CB74837BC3F300130B75837BC3F3401394
:10AF30004B759B46837BC3F3801881F81680837B17
:10AF4000DB09CB759A46C37B03F0010C00E008E1F6
:10AF500081F818C0C37BC3F340074F76C37BC3F3AC
:10AF600080068E76C37BC3F3C00981F81B90C37B38
:10AF70005FEA090EC3F300150D77C37BC3F34014DA
:10AF80004C77C37BC3F380138B77C07BA2F58062C1
:10AF90004FEAD010C87721F8162DDDF80C90A9F5EE
:10AFA0008069A1F80290DDF80890A9F58069A1F800
:10AFB0000490DDF80490A9F58069A1F80690DDF809
:10AFC0000090A9F58069C1F80C9009D091F8412052
:10AFD00032B991F8512052B15FF0000281F851204E
:10AFE00081F841E065B191F8422012B108E00122F8
:10AFF000F4E791F8522052B15FF0000281F852203C
:10B0000081F8425064B191F8432012B108E0012266
:10B01000F4E791F8532052B15FF0000281F8532019
:10B0200081F8434063B191F8442012B108E0012255
:10B03000F4E791F8542062B15FF0000281F85420E7
:10B0400081F84430BBF1000F0CD091F83B2012B1D5
:10B0500008E00122F2E791F84B2062B15FF00002B4
:10B0600081F84B2081F83BB0B8F1000F0CD091F87B
:10B070003C2012B108E00122F2E791F84C2062B1C5
:10B080005FF0000281F84C2081F83C80BAF1000F9B
:10B090000CD091F83D2012B108E00122F2E791F8BE
:10B0A0004D2052B15FF0000281F84D2081F83DA0A3
:10B0B00067B191F83F2012B108E00122F4E791F85E
:10B0C0004F2052B15FF0000281F84F2081F83F70AD
:10B0D00066B191F8402012B108E00122F4E791F83E
:10B0E000502052B15FF0000281F8502081F840609A
:10B0F00060B191F8452012B108E00122F4E791F81F
:10B10000552062B15FF0000281F8552081F84500BA
:10B11000BCF1000F0CD091F83E0010B108E0012204
:10B12000F2E791F84E0048B15FF0000081F84E0060
:10B1300081F83EC0487F012802D008E00120F5E7F1
:10B1400091F820201AB9CA7F4AB10022CA7781F843
:10B150002000FDF75BFEBDE8FF4FFAF703BE0122BA
:10B16000F4E7BDE8FF8F0000F0B589B01C4E0291F6
:10B17000002104910591082106911849377E8C8899
:10B18000CD888B89D17C67F30101164F3F7967F336
:10B190000411154F3F7867F38301D174377D67F34E
:10B1A0004511D174767D66F38611D1748DF8001047
:10B1B0008DF80140210A8DF80210290A8DF804103B
:10B1C0008DF80530190A8DF806108DF8035001230B
:10B1D0006A4602A9F6F716FE09B0F0BD105B002022
:10B1E0004C040020340000200800002010B588B076
:10B1F000F2EE040A029100210491059108210691C2
:10B200001249144C12890B881149247891ED000AD7
:10B210008DF800408DF8013020EE200A1B0A8DF8D1
:10B2200002300123BCEEC00A10EE101A8DF8031094
:10B23000090A8DF804108DF80520110A8DF8061002
:10B240006A4602A9F6F7DEFD08B010BDDE02002056
:10B25000FC02002009000020F0B589B01C4E0291CC
:10B26000002104910591082106911849377E8C88A8
:10B27000CD888B89D17C67F30101164F3F7967F345
:10B280000411154F3F7867F38301D174377D67F35D
:10B290004511D174767D66F38611D1748DF8001056
:10B2A0008DF80140210A8DF80210290A8DF804104A
:10B2B0008DF80530190A8DF806108DF8035001231A
:10B2C0006A4602A9F6F79EFD09B0F0BD105B0020AA
:10B2D0004C040020340000200800002010B588B085
:10B2E000F2EE040A029100210491059108210691D1
:10B2F0001249144C52890B881149247891ED000AA7
:10B300008DF800408DF8013020EE200A1B0A8DF8E0
:10B3100002300123BCEEC00A10EE101A8DF80310A3
:10B32000090A8DF804108DF80520110A8DF8061011
:10B330006A4602A9F6F766FD08B010BDE0020020DB
:10B34000000300200900002006494A7A012A05D09E
:10B350000021022A03D0032A02D100E00121017555
:10B3600070470000105B0020154910B50C7A4B7A2D
:10B3700001220021012C02D0032C12D00EE0012B5F
:10B3800004D0022B0AD0032B12D104E0022303764F
:10B39000C26142750CE00276C26108E00176C161CB
:10B3A00005E0012BF7D0022BF8D0032BF3D0417529
:10B3B000044A127BD20702D10176C161417510BDEA
:10B3C000105B0020E35B00200A4E002416F1040508
:10B3D000FEF776FD307830B1012807D10548001D11
:10B3E00000F02AF802E06C802C806C60012000F0F4
:10B3F000C3F9EDE73000002010B500EE100A2DED86
:10B40000028BB1EEC08A18EE100A20F00040C0F1A5
:10B41000FF40C00F0AD010EE100A20F00040C0F12B
:10B42000FF40C00F04BF0120FEF718F818EE100A05
:10B43000BDEC028B10BD00000A490B7E00216BB1F0
:10B440000122012B03D0022B07D1418003E00649E2
:10B45000CB884380898801804260704741800180A9
:10B46000416070474C040020105B0020114C00BF6D
:10B47000FEF73EFD01280F4806D0FEF7D7F9E07D24
:10B4800028B1012803D00EE0FFF7B2FC0BE0094819
:10B49000F5F752FE0748F5F72DFE0648FFF754FF73
:10B4A0000448FFF761FF0448FEF760FE012000F04A
:10B4B00063F9DDE74C0400200900002001EE100ACA
:10B4C00070EEC00A0120B8EEC11A8840401E21EE7D
:10B4D000201A00EE900AF8EEE01AC1EE210A30EED2
:10B4E000800A7047F0B5274B1C68656945F0400538
:10B4F00065611C68656945F0800565611B68DC68ED
:10B5000044F01004DC60204B1C68256825F0010520
:10B5100025601C682568ED07F7D11C4FFD14BC425F
:10B5200002D91A4E4C3E04E0194EB44203D9174ECC
:10B53000503E356008E0164F154E603FB83EBC42A5
:10B5400001D9F56000E0B560124DA5601C68E060AF
:10B5500018680161186842601868016841F4802128
:10B5600001601868016841F0010101600A48016842
:10B570000A6822F001020A6001680A68D207F7D15E
:10B580008D60F0BD88090020F00A00205864024058
:10B59000B860024004140140005D00200D49098993
:10B5A00081820D49897D41700C490978012900D0BB
:10B5B000002101700A4991ED000A80ED010A91ED28
:10B5C000010A084980ED020A91ED1E0A80ED040A85
:10B5D00070470000F05B00204C0400202C0000208D
:10B5E0006C040020705A0020D0E9013201699A6091
:10B5F000D0E901235A604A68824201D182684A60D8
:10B60000002202610868401E086008687047000058
:10B61000034B036003F15400086080201060704702
:10B620008C04002000F108014FF0FF32C0E9011244
:10B63000C160016100210160704700210161704714
:10B6400030B50B685A1C02D000F1080202E0026912
:10B6500004E02246546825689D42FAD953684B603D
:10B6600099608A60516008610168491C016030BDC1
:10B6700042684A6093688B60936859609160086182
:10B680000168491C01607047502080F31188BFF3A6
:10B690004F8FBFF36F8F0A494868401C48600128EC
:10B6A0000CD10848006810F0FF0F07D0502080F33D
:10B6B0001188BFF34F8FBFF36F8FFEE77047000015
:10B6C000D000002004ED00E00849486828B1401E81
:10B6D000486001D180F311887047502080F31188B1
:10B6E000BFF34F8FBFF36F8FFEE70000D000002045
:10B6F00070B500282AD0164DA0F108046068696969
:10B70000084207D1502080F31188BFF34F8FBFF359
:10B710006F8FFEE722683AB1502080F31188BFF3A3
:10B720004F8FBFF36F8FFEE78843606000F080F8B3
:10B7300060686968084468602046FFF7C9F82869AE
:10B74000401C2861BDE8704000F012BA70BD0000D6
:10B75000B00000204FF0E020002101618161054927
:10B760004FF47A720968B1FBF2F1491E4161072179
:10B77000016170477000002010B5020014D00F481E
:10B78000006B38B1502080F31188BFF34F8FBFF3A7
:10B790006F8FFEE700F04CF800211046FEF73EFFE9
:10B7A00000F0E6F9002807D105494FF08050086005
:10B7B000BFF34F8FBFF36F8F10BD000074000020E8
:10B7C00004ED00E010B586B00024039405AA04A996
:10B7D00003A80494FFF71CFFDDE903010094CDE901
:10B7E000011000230EA11048059A00F030F90F490E
:10B7F0000028C86211D0502080F31188BFF34F8F0A
:10B80000BFF36F8F4FF0FF30886201204861CC603A
:10B8100006B0BDE8104000F073B806B010BD0000DF
:10B8200049444C4500000000D9A7000874000020DE
:10B830000248016B491C016370470000740000203E
:10B840001448016B11B10121C16170470021C16130
:10B850000169B1FA81F1C1F11F0101EB81020E49C9
:10B8600051F822306BB101EB820101F108034A6803
:10B8700052684A609A4201D152684A60D1680160B8
:10B880007047502080F31188BFF34F8FBFF36F8F45
:10B89000FEE70000740000209C12002030B50C462A
:10B8A000050014D0022C12D90A48A11E028828468D
:10B8B000FEF746FA2919C2B211F8023C9A4206D1A3
:10B8C00011F8011CB1EB102F01D1012030BD002077
:10B8D00030BD00004203002030B50C4605000CD0FE
:10B8E000022C0AD9FF22611EFEF740FA291911F82D
:10B8F000011C814201D1012030BD002030BD00007B
:10B900001CB537480168374A914207D1502080F36F
:10B910001188BFF34F8FBFF36F8FFEE70068314987
:10B92000491E884207D1502080F31188BFF34F8F02
:10B93000BFF36F8FFEE72C4908780190FF20087055
:10B9400008788DF800009DF800009DF8002000F0B8
:10B95000F000904207D0502080F31188BFF34F8F42
:10B96000BFF36F8FFEE79DF80000204C00F0500001
:10B9700020700720A06005E09DF8002052008DF89F
:10B980000020401E9DF800201206F5D4A060032878
:10B9900007D0502080F31188BFF34F8FBFF36F8F14
:10B9A000FEE74FF44070A060019808700C4820300A
:10B9B000016841F470010160016841F0704101606B
:10B9C000FFF7C8FE00206060F4F70EFC084801682D
:10B9D00041F040410160F4F7F3FB00201CBD000082
:10B9E00000ED00E071C20F4100E400E0D000002053
:10B9F00034EF00E02DE9FF5F8346DDE90E879946CD
:10BA000016468A469000FEF7ADFF05001CD0542074
:10BA1000FEF7A8FF040014D00020256384F851002D
:10BA2000CDE90240CDE900874B46324651465846A3
:10BA3000FEF702FF2046FEF729FE012004B0BDE814
:10BA4000F09F2846FFF754FE4FF0FF30F6E7F0B5C1
:10BA500085B0DDE90B640A9DA6B1DCB154270097DF
:10BA60002663022684F85160002604AFCDE9024621
:10BA7000CDE90057FEF7E0FE2046FEF707FE0498EA
:10BA800005B0F0BD502080F31188BFF34F8FBFF396
:10BA90006F8FFEE7502080F31188BFF34F8FBFF305
:10BAA0006F8FFEE72DE9F0412F4C0026206B28B167
:10BAB000A069401CA0613046BDE8F081E5686D1CBE
:10BAC000E56013D1606B006838B1502080F31188B5
:10BAD000BFF34F8FBFF36F8FFEE7606BA16B6163A6
:10BAE000A063206A401C2062FEF718FFA06ADFF8FE
:10BAF0007C80854209D3606B0068A0B1606BC06830
:10BB0000C7687868854211D2A0622068C06A00EBDD
:10BB1000800158F82100012800D90126E069002899
:10BB2000C9D00126C7E74FF0FF30EDE7381DFFF71A
:10BB30005BFDB86A18B107F11800FFF755FDF96A07
:10BB40000120226988401043206101EB810108EB4C
:10BB50008100391DFFF78CFDF86A2168C96A8842A7
:10BB6000C9D30126C7E70000740000209C12002002
:10BB70002DE9F0472C4D00242746286B38B1FFF7FC
:10BB800083FD286B401E2863286B40B146E050209F
:10BB900080F31188BFF34F8FBFF36F8FFEE7A96863
:10BBA000224E0120D1B3A6F1B40980463068E8B135
:10BBB000F068C46804F11800FFF716FD201DFFF7B8
:10BBC00013FDE06A2A6908FA00F11143296100EBCC
:10BBD000800109EB8100211DFFF74AFDE06A296819
:10BBE000C96A8842E2D3C5F81C80DFE70CB1FEF7D2
:10BBF00095FEAC6944B14646FFF754FF00B1EE61D3
:10BC0000641EF9D10020A861E86938B1084901270C
:10BC100038070860BFF34F8FBFF36F8FFFF754FDF6
:10BC20003846BDE8F0870000740000205013002063
:10BC300004ED00E024C90008B7750008000000000A
:10BC40000000000080000000000000000000000074
:10BC500030C900086DB400080200000000000000B8
:10BC60000002000000000000000000001CC90008E5
:10BC7000BF75000802000000000000000002000084
:10BC800000000000000000004CC90008DDA400080E
:10BC90000000000000000000800000000000000024
:10BCA0000000000058C90008F597000800000000D7
:10BCB0000000000080000000000000000000000004
:10BCC00068C90008ED7900080000000000000000CD
:10BCD00080000000000000000000000078C900089B
:10BCE00095940008000000000000000080000000A3
:10BCF00000000000000000003CC90008C9B30008B3
:10BD000000000000000000008000000000000000B3
:10BD10000000000014C90008E573000800000000DE
:10BD20000000000000010000000000000000000012
:10BD300000061016000610160000000000000000AB
:10BD400001020304060708090000000001020304C1
:10BD50000000803F00000000000000000000000024
:10BD60000000000000000000000000000000803F14
:10BD700000000000000000000000000000000000C3
:10BD800000000000000000000000803F00000000F4
:10BD900000000000000000000000000000000000A3
:10BDA000000000000000803F0000000000000000D4
:10BDB0000000000000000000000000000000000083
:10BDC0000000803F000000000000000000000000B4
:10BDD0000000000000000000000000000000803FA4
:10BDE0000000803F00000000000000000000000094
:10BDF0000000803F00000000000000000000000084
:10BE00000000803F0000000000000000C3F51C415E
:10BE1000005EBCE2613FDD83C29C7E20A3FD1F412A
:10BE20009DC3217FFCA2401E5F01E3BD3E6082DC1A
:10BE3000237D9FC1421CFEA0E1BF5D0380DE3C620A
:10BE4000BEE0025CDF81633D7C22C09E1D43A1FFFA
:10BE50004618FAA427799BC584DA3866E5BB5907EA
:10BE6000DB856739BAE406581947A5FB7826C49ADA
:10BE7000653BD987045AB8E6A7F91B45C6987A24CA
:10BE8000F8A6441A99C7257B3A6486D85B05E7B9BA
:10BE90008CD2306EEDB3510F4E10F2AC2F7193CDAA
:10BEA000114FADF3702ECC92D38D6F31B2EC0E509A
:10BEB000AFF1134DCE90722C6D33D18F0C52B0EE8A
:10BEC000326C8ED0530DEFB1F0AE4C1291CF2D737A
:10BED000CA947628ABF517490856B4EA6937D58B6A
:10BEE0005709EBB536688AD495CB2977F4AA48165A
:10BEF000E9B7550B88D6346A2B7597C94A14F6A84A
:10BF0000742AC896154BA9F7B6E80A54D7896B3539
:10BF10000000891112239B322446AD573665BF7449
:10BF2000488CC19D5AAFD3BE6CCAE5DB7EE9F7F8F9
:10BF30008110080193331A22A5562C47B7753E6429
:10BF4000C99C408DDBBF52AEEDDA64CBFFF976E8D9
:10BF500002218B30100299132667AF763444BD5509
:10BF60004AADC3BC588ED19F6EEBE7FA7CC8F5D9B9
:10BF700083310A2091121803A7772E66B5543C45E9
:10BF8000CBBD42ACD99E508FEFFB66EAFDD874C999
:10BF900004428D5316619F702004A9153227BB36C9
:10BFA0004CCEC5DF5EEDD7FC6888E1997AABF3BA79
:10BFB00085520C4397711E60A1142805B3373A26A9
:10BFC000CDDE44CFDFFD56ECE9986089FBBB72AA59
:10BFD00006638F7214409D512225AB343006B91789
:10BFE0004EEFC7FE5CCCD5DD6AA9E3B8788AF19B39
:10BFF00087730E6295501C41A3352A24B116380769
:10C00000CFFF46EEDDDC54CDEBB962A8F99A708B18
:10C01000088481951AA793B62CC2A5D33EE1B7F048
:10C020004008C919522BDB3A644EED5F766DFF7CF8
:10C03000899400859BB712A6ADD224C3BFF136E028
:10C04000C1184809D33B5A2AE55E6C4FF77D7E6CD8
:10C050000AA583B4188691972EE3A7F23CC0B5D108
:10C060004229CB38500AD91B666FEF7E744CFD5DB8
:10C070008BB502A499961087AFF326E2BDD034C1E8
:10C08000C3394A28D11A580BE77F6E6EF55C7C4D98
:10C090000CC685D71EE597F42880A1913AA3B3B2C8
:10C0A000444ACD5B5669DF78600CE91D722FFB3E78
:10C0B0008DD604C79FF516E4A9902081BBB332A2A8
:10C0C000C55A4C4BD7795E68E11C680DF33F7A2E58
:10C0D0000EE787F61CC495D52AA1A3B03882B19388
:10C0E000466BCF7A5448DD59622DEB3C700EF91F38
:10C0F0008FF706E69DD414C5ABB122A0B992308368
:10C10000C77B4E6AD5585C49E33D6A2CF11E780F17
:10C1100000000000920E493CB10AC93C2BC3163DF9
:10C120002EFB483D752B7B3D04A9963D80B6AF3D67
:10C1300036BDC83D2FBCE13D73B2FA3D87CF093E05
:10C140008340163EB5AB223EA2102F3ECF6E3B3E43
:10C15000C2C5473E0115543E135C603E7F9A6C3E5B
:10C16000CCCF783EC07D823E938E883E229A8E3E12
:10C1700032A0943E86A09A3EE59AA03E128FA63E3B
:10C18000D47CAC3EEF63B23E2A44B83E491DBE3E6D
:10C1900015EFC33E53B9C93ECA7BCF3E4136D53EAB
:10C1A00080E8DA3E4F92E03E7533E63EBBCBEB3E95
:10C1B000EA5AF13ECBE0F63E275DFC3EE4E7003F65
:10C1C0003D9C033F824B063F9BF5083F6B9A0B3F1C
:10C1D000DA390E3FCDD3103F2A68133FD9F6153F09
:10C1E000C07F183FC6021B3FD17F1D3FCBF61F3FCC
:10C1F0009967223F25D2243F5636273F1594293F81
:10C200004AEB2B3FDE3B2E3FBB85303FC9C8323F58
:10C21000F304353F233A373F4268393F3B8F3B3F7A
:10C22000F9AE3D3F67C73F3F70D8413F01E2433F12
:10C2300003E4453F65DE473F12D1493FF8BB4B3F22
:10C24000029F4D3F207A4F3F3D4D513F4918533F8C
:10C2500031DB543FE595563F5348583F6AF2593F0A
:10C260001A945B3F532D5D3F05BE5E3F2146603F04
:10C2700097C5613F5A3C633F59AA643F880F663FA8
:10C28000D86B673F3CBF683FA7096A3F0C4B6B3FC9
:10C290005E836C3F93B26D3F9ED86E3F73F56F3FE8
:10C2A0000809713F5213723F4714733FDD0B743F0F
:10C2B0000BFA743FC6DE753F07BA763FC58B773FF2
:10C2C000F853783F9812793F9DC7793F02737A3FC0
:10C2D000BE147B3FCDAC7B3F283B7C3FC9BF7C3F3E
:10C2E000AC3A7D3FCCAB7D3F23137E3FB0707E3FA9
:10C2F0006DC47E3F580E7F3F6D4E7F3FAB847F3FC6
:10C300000FB17F3F97D37F3F43EC7F3F11FB7F3FD0
:10C310000000803F11FB7F3F43EC7F3F97D37F3F7F
:10C320000FB17F3FAB847F3F6D4E7F3F580E7F3F05
:10C330006DC47E3FB0707E3F23137E3FCCAB7D3F0C
:10C34000AC3A7D3FC9BF7C3F283B7C3FCDAC7B3FB7
:10C35000BE147B3F02737A3F9DC7793F9812793FA5
:10C36000F853783FC58B773F07BA763FC6DE753FF7
:10C370000BFA743FDD0B743F4714733F5213723F47
:10C380000809713F73F56F3F9ED86E3F93B26D3FC2
:10C390005E836C3F0C4B6B3FA7096A3F3CBF683F15
:10C3A000D86B673F880F663F59AA643F5A3C633F8A
:10C3B00097C5613F2146603F05BE5E3F532D5D3FFF
:10C3C0001A945B3F6AF2593F5348583FE595563FF0
:10C3D00031DB543F4918533F3D4D513F207A4F3F89
:10C3E000029F4D3FF8BB4B3F12D1493F65DE473FAF
:10C3F00003E4453F01E2433F70D8413F67C73F3FF9
:10C40000F9AE3D3F3B8F3B3F4268393F233A373FD0
:10C41000F304353FC9C8323FBB85303FDE3B2E3F7A
:10C420004AEB2B3F1594293F5636273F25D2243F10
:10C430009967223FCBF61F3FD17F1D3FC6021B3FAE
:10C44000C07F183FD9F6153F2A68133FCDD3103F60
:10C45000DA390E3F6B9A0B3F9BF5083F824B063F44
:10C460003D9C033FE4E7003F275DFC3ECBE0F63E0A
:10C47000EA5AF13EBBCBEB3E7533E63E4F92E03ECF
:10C4800080E8DA3E4136D53ECA7BCF3E53B9C93E3D
:10C4900015EFC33E491DBE3E2A44B83EEF63B23E8F
:10C4A000D47CAC3E128FA63EE59AA03E86A09A3E72
:10C4B00032A0943E229A8E3E938E883EC07D823E6C
:10C4C000CCCF783E7F9A6C3E135C603E0115543EA3
:10C4D000C2C5473ECF6E3B3EA2102F3EB5AB223EBB
:10C4E0008340163E87CF093E73B2FA3D2FBCE13D33
:10C4F00036BDC83D80B6AF3D04A9963D752B7B3D4A
:10C500002EFB483D2BC3163DB10AC93C920E493C57
:10C5100000000000920E49BCB10AC9BC2BC316BD75
:10C520002EFB48BD752B7BBD04A996BD80B6AFBD63
:10C5300036BDC8BD2FBCE1BD73B2FABD87CF09BE01
:10C54000834016BEB5AB22BEA2102FBECF6E3BBE3F
:10C55000C2C547BE011554BE135C60BE7F9A6CBE57
:10C56000CCCF78BEC07D82BE938E88BE229A8EBE0E
:10C5700032A094BE86A09ABEE59AA0BE128FA6BE37
:10C58000D47CACBEEF63B2BE2A44B8BE491DBEBE69
:10C5900015EFC3BE53B9C9BECA7BCFBE4136D5BEA7
:10C5A00080E8DABE4F92E0BE7533E6BEBBCBEBBE91
:10C5B000EA5AF1BECBE0F6BE275DFCBEE4E700BF61
:10C5C0003D9C03BF824B06BF9BF508BF6B9A0BBF18
:10C5D000DA390EBFCDD310BF2A6813BFD9F615BF05
:10C5E000C07F18BFC6021BBFD17F1DBFCBF61FBFC8
:10C5F000996722BF25D224BF563627BF159429BF7D
:10C600004AEB2BBFDE3B2EBFBB8530BFC9C832BF54
:10C61000F30435BF233A37BF426839BF3B8F3BBF76
:10C62000F9AE3DBF67C73FBF70D841BF01E243BF0E
:10C6300003E445BF65DE47BF12D149BFF8BB4BBF1E
:10C64000029F4DBF207A4FBF3D4D51BF491853BF88
:10C6500031DB54BFE59556BF534858BF6AF259BF06
:10C660001A945BBF532D5DBF05BE5EBF214660BF00
:10C6700097C561BF5A3C63BF59AA64BF880F66BFA4
:10C68000D86B67BF3CBF68BFA7096ABF0C4B6BBFC5
:10C690005E836CBF93B26DBF9ED86EBF73F56FBFE4
:10C6A000080971BF521372BF471473BFDD0B74BF0B
:10C6B0000BFA74BFC6DE75BF07BA76BFC58B77BFEE
:10C6C000F85378BF981279BF9DC779BF02737ABFBC
:10C6D000BE147BBFCDAC7BBF283B7CBFC9BF7CBF3A
:10C6E000AC3A7DBFCCAB7DBF23137EBFB0707EBFA5
:10C6F0006DC47EBF580E7FBF6D4E7FBFAB847FBFC2
:10C700000FB17FBF97D37FBF43EC7FBF11FB7FBFCC
:10C71000000080BF11FB7FBF43EC7FBF97D37FBF7B
:10C720000FB17FBFAB847FBF6D4E7FBF580E7FBF01
:10C730006DC47EBFB0707EBF23137EBFCCAB7DBF08
:10C74000AC3A7DBFC9BF7CBF283B7CBFCDAC7BBFB3
:10C75000BE147BBF02737ABF9DC779BF981279BFA1
:10C76000F85378BFC58B77BF07BA76BFC6DE75BFF3
:10C770000BFA74BFDD0B74BF471473BF521372BF43
:10C78000080971BF73F56FBF9ED86EBF93B26DBFBE
:10C790005E836CBF0C4B6BBFA7096ABF3CBF68BF11
:10C7A000D86B67BF880F66BF59AA64BF5A3C63BF86
:10C7B00097C561BF214660BF05BE5EBF532D5DBFFB
:10C7C0001A945BBF6AF259BF534858BFE59556BFEC
:10C7D00031DB54BF491853BF3D4D51BF207A4FBF85
:10C7E000029F4DBFF8BB4BBF12D149BF65DE47BFAB
:10C7F00003E445BF01E243BF70D841BF67C73FBFF5
:10C80000F9AE3DBF3B8F3BBF426839BF233A37BFCC
:10C81000F30435BFC9C832BFBB8530BFDE3B2EBF76
:10C820004AEB2BBF159429BF563627BF25D224BF0C
:10C83000996722BFCBF61FBFD17F1DBFC6021BBFAA
:10C84000C07F18BFD9F615BF2A6813BFCDD310BF5C
:10C85000DA390EBF6B9A0BBF9BF508BF824B06BF40
:10C860003D9C03BFE4E700BF275DFCBECBE0F6BE06
:10C87000EA5AF1BEBBCBEBBE7533E6BE4F92E0BECB
:10C8800080E8DABE4136D5BECA7BCFBE53B9C9BE39
:10C8900015EFC3BE491DBEBE2A44B8BEEF63B2BE8B
:10C8A000D47CACBE128FA6BEE59AA0BE86A09ABE6E
:10C8B00032A094BE229A8EBE938E88BEC07D82BE68
:10C8C000CCCF78BE7F9A6CBE135C60BE011554BE9F
:10C8D000C2C547BECF6E3BBEA2102FBEB5AB22BEB7
:10C8E000834016BE87CF09BE73B2FABD2FBCE1BD2F
:10C8F00036BDC8BD80B6AFBD04A996BD752B7BBD46
:10C900002EFB48BD2BC316BDB10AC9BC920E49BC53
:10C91000000000805245464552454500494E53545B
:10C9200061736B0064656661756C745461736B0050
:10C9300073797374656D5F7461736B00736D616C93
:10C940006C5F67696D5F7461736B00006D6F746F0E
:10C95000725F7461736B0000636861737369735F06
:10C960007461736B000000007472616E736D6974A2
:10C970005F7461736B0000006269675F7961775F64
:10C980007461736B00000000A8C90008000000205B
:10C99000500300009C10000814CA00085003002037
:10C9A000B8A200004C94000841025F012960821087
:10C9B000036124F41AAA010924974370170009108F
:10C9C0003333EB3A58A08B3A157D04017C100F02EB
:10C9D00040AB034101055308065804070F16081021
:10C9E000810911160A15800B1605490C18010D084E
:10C9F000081250C347CDCCCC3D0409531C110B1A6F
:10CA0000C8421C01560A33205813E006039920033C
:04CA1000C3FFFF0061
:040000050800018965
:00000001FF
