:020000040800F2
:1000000058C400206102000881980008E56A0008D1
:100010007D980008771D0008E1E00008000000005E
:10002000000000000000000000000000A101000826
:10003000BD27000800000000FD0100081DA9000800
:100040007B0200087B0200087B0200087B0200089C
:100050007B0200087B020008C12800087B02000820
:100060007B020008CB280008D52800087B02000886
:10007000D92300087B0200087B0200087B020008ED
:100080007B0200087B0200087B0200088D1D00082F
:100090007D1D00087B0200087B020008DF280008A5
:1000A0007B0200087B0200087B0200087B0200083C
:1000B00019AA00087B0200087B0200087B020008E6
:1000C0007B0200087B0200087B0200087B0200081C
:1000D0007B02000849B500087B02000809B6000849
:1000E0007B0200087B0200087B0200087B020008FC
:1000F0007B0200087B0200087B0200087B020008EC
:100100007B0200087B0200087B0200087B020008DB
:100110007B0200087B0200087B0200087B020008CB
:100120007B020008E92300087B0200087B0200082C
:100130007B0200087B0200087B020008AD1D00085E
:100140007B0200089D1D00087B020008A59B00089B
:10015000F9230008092400081924000849B70008F9
:100160007B0200087B0200087B0200087B0200087B
:100170007B0200087B0200087B02000800000000F0
:100180007B0200087B020008DFF810D001F00CF9B8
:1001900000480047E9200108AFF3008058C4002060
:1001A0002C4B19680868B0E8F04F80F30988BFF35A
:1001B0006F8F4FF0000080F311887047000000003F
:1001C00008480068006880F308884FF0000080F35A
:1001D000148862B661B6BFF34F8FBFF36F8F00DF35
:1001E00000BF00BF08ED00E0DFF80C00016841F43B
:1001F00070010160704700BF88ED00E0EFF30980F7
:10020000BFF36F8F134B1A681EF0100F08BF20ED5D
:10021000108A20E9F04F106009B44FF0500080F3CD
:100220001188BFF34F8FBFF36F8F13F06BFD4FF04B
:10023000000080F3118809BC19680868B0E8F04F25
:100240001EF0100F08BFB0EC108A80F30988BFF3CE
:100250006F8F70472C020020EFF30580704700007D
:100260000648804706480047FEE7FEE7FEE7FEE750
:10027000FEE7FEE7FEE7FEE7FEE7FEE705AA000869
:10028000890100089FED1A1AF5EE000A40EE010AF6
:10029000BDEEE00AF5EEC00A10EE100AF1EE10FA1B
:1002A00038BF401E00EE100A1349F7EE001AB8EEF0
:1002B000C00A30EEC00ADFED0F0A20EE200AFCEE85
:1002C000C00A10EE900AC0F3080000EE900A01EB9D
:1002D0008000F8EE600A90ED011A70EE600A90ED71
:1002E000000A71EEE01A21EE800A00EE810A7047E2
:1002F00083F9223E00000044D0470108B5EEC00A51
:10030000F1EE10FA07D2DFED1E0AB4EEE00AF1EECC
:1003100010FAA8BF7047DFED1B0AB5EEC00A60EE09
:10032000200ABDEEE01A11EE100AF1EE10FA38BF05
:10033000401E00EE100A1549F7EE001AB8EEC00A8A
:1003400030EEC00ADFED100A60EE200ABCEEE00AD3
:1003500010EE100AC0F3080000EE100A01EB800056
:10036000B8EE400A90ED011A70EEC00A90ED000A56
:1003700071EEE01A21EE800A00EE810A704700005B
:10038000CD024CB483F9223E00000044D04701085E
:1003900070B405880E884468D1F804C05368B5422B
:1003A00008D140884988884201BF11888D42518810
:1003B000884203D070BC6FF00200704705FB00F16B
:1003C000880827D094ED001ADCED000A94ED010AAC
:1003D000DCED011A31EE201AD4ED020A70EE211A7A
:1003E0009CED020A83ED001AC3ED011A94ED031A85
:1003F000DCED031A30EE800A401E71EE210A83ED17
:10040000020A04F11004C3ED030A03F110030CF116
:10041000100CD7D111F0030030D0B0F1004F30D222
:1004200000282BDD211F1B1FACF1040210F0010F6F
:100430000AD091ED010AD2ED010A091D121D30EE1C
:10044000200A83ED010A1B1D400817D091ED010A17
:10045000D2ED010A401E30EE200A83ED010A91ED33
:10046000020AD2ED020A01F1080102F1080230EE9F
:10047000200A83ED020A03F10803E7D170BC0020D3
:100480007047B4EC010A401EFCEC010A30EE200A71
:10049000A3EC010AF5D1F1E7018042804360704787
:1004A0002DE9F34F84B004984068009048680190AB
:1004B0000498B0F800E04588DFEDFE0A00200290C5
:1004C000B0EE600AAE4506D108884988884204BF6C
:1004D0007146864504D06FF0020006B0BDE8F08F8B
:1004E00001985FEA010C18BFB7EE001A3DD000BFBB
:1004F000BEEB0C0117D0B1F1004F80F01F82002934
:1005000011DD021F11F0010F1CBFC2ED010A121D07
:100510004B1006D0C2ED010AC2ED020A08325B1E82
:10052000F8D100EB8100BCF10102A0EC011A19D056
:10053000B2F1004F80F00882002A13DD031F12F091
:10054000010F1CBFC3ED010A1B1D511008D000BFD5
:10055000C3ED010AC3ED020A491E03F10803F7D1F6
:1005600000EB8200BCF1010CC2D14FF000080395F2
:10057000002D14BFB0EE602A002000F0BF8100BF44
:10058000009908FB05F001EB800B0199DBED002AD7
:1005900001EB80000346F0EE421AC64552D9AEEB9D
:1005A0000802ABEB850112F0010F17D001EB8501BA
:1005B00091ED000AB5EEC00AF1EE10FA07DDB4EED7
:1005C000E10AF1EE10FA09DDF0EE401A06E0B1EEB4
:1005D000400AF4EEC01AF1EE10FAF5D3521031D001
:1005E00001EB850C9CED000AB5EEC00AF1EE10FAA5
:1005F00005DDB4EEE10AF1EE10FA09DD06E0B1EE38
:10060000400AF4EEC01AF1EE10FA01D2F0EE401AF0
:1006100001EBC50191ED000AB5EEC00AF1EE10FA4A
:1006200005DDB4EEE10AF1EE10FA09DD06E0B1EE07
:10063000400AF4EEC01AF1EE10FA01D2F0EE401AC0
:10064000521ECDD1F5EEC01AF1EE10FA00F0738112
:10065000F5EEC02A0126F1EE10FA0099D4BFB1EEF2
:10066000620AB0EE620AB4EE610AF1EE10FA1CBF43
:10067000AEEB0802B2F1010C47D005FB08F201EB2A
:10068000820292ED001A00BFB0EE410A05FB06F4AB
:10069000B5EEC00A00EB8404F1EE10FACCBFF0EE28
:1006A000400AF1EE400AF4EE610AF1EE10FA28D1A8
:1006B000B5EB080C11D0BCF1004F7DD2BCF1000F9E
:1006C0000BDD00BF92ED000AD1ED000ABCF1010C78
:1006D000E2EC010AA1EC010AF4D129000ED0B1F13B
:1006E000004F6AD2002909DD94ED000AD0ED000A1E
:1006F000491EE4EC010AA0EC010AF5D101200290A8
:100700000BE0761CBCF1010CBED10298012804D08C
:10071000F5EEC02AF1EE10FA7ED09BED000AB5EBA3
:1007200008009A465946064622D0B0F1004F74D2CE
:1007300000281DDD091F10F0010F06D0F0EE400A61
:1007400080EEA01A81ED011A091D401010D000BFE3
:10075000D1ED010A401E80EE801A81ED011A91ED63
:10076000021AC1EE000AC1ED020A01F10801EFD13F
:10077000280026D0B0F1004F7ED2002821DDAAF15A
:10078000040110F0010F06D0D1ED010A80EE801AAD
:1007900081ED011A091D401013D000BFD1ED010AEF
:1007A000401E80EE801A81ED011AD1ED020A80EE22
:1007B000801A81ED021A01E0CBE0D6E001F10801D8
:1007C000ECD1DDE900124FF000095FEA0E0773D0AB
:1007D000C14504BF01EB860102EB850274D091EDA7
:1007E000000ADC465046331E35D01C46B6F1004F99
:1007F0007ED2002C2FDD0B1FABF1040C16F0010F85
:100800000FD0F0EE400ADCED011AB0EE601A00EEF7
:10081000E11A83ED011A01E08DE0B1E01B1D0CF13E
:10082000040C741015D000BFD3ED010A9CED011A21
:1008300040EE410AC3ED010AD3ED020A9CED021A13
:100840000CF1080C40EE410AC3ED020A0833641EA5
:10085000EAD101EB86012B0036D0B3F1004F72D202
:10086000002B31DDA2F1040CAAF1040013F0010FFA
:100870000CD0DCED010A00E08BE090ED011A001DC8
:1008800040EE410ACCED010A0CF1040C5C1019D0C9
:10089000DCED010A90ED011A40EE410ACCED010AAF
:1008A000DCED020A90ED021A083040EE410ACCED70
:1008B000020A03E0000000000DE005E0641E0CF1F8
:1008C000080CE5D102EB830201EB88017F1E09F1E0
:1008D00001097FF47DAF009808F10108001D009028
:1008E0000398401E03907FF44BAE0299012900E06B
:1008F00058E004BF06B0BDE8F08F00BFB5EEC00AF7
:10090000F1EE10FA7FF4E9AD04990EFB05F3002B2C
:100910004A684FF000010BD902EB810C9CED000AF4
:10092000B5EEC00AF1EE10FA02D1491C8B42F3D8A1
:100930008B427FF4D2AD6FF00400CEE5E0EC010A0B
:10094000491EFBD1EFE538E0E0EC010A521EFBD175
:1009500008E692ED000AD1ED000ABCF1010CE2ECD0
:10096000010AA1EC010AF4D1B7E694ED000AD0ED3A
:10097000000A491EE4EC010AA0EC010AF5D1BDE62B
:10098000D1ED000A401E80EE801AA1EC011AF7D1C9
:10099000EEE6D3ED000A401E80EE801AA3EC011AA9
:1009A000F7D10EE7BCEC011AD1ED000A5B1E40EE58
:1009B000410AE1EC010AF5D14DE7B0EC011AD2EDA4
:1009C000000A5B1E40EE410AE2EC010AF5D17BE72A
:1009D0002DE9F04F82B04668536801930588478837
:1009E0004B88002000900888874201BFB2F800C001
:1009F0006545528893421EBF6FF0020002B0BDE809
:100A0000F08F9FED412A4FEA970EC7F3400B00BFCE
:100A1000DDE9000202EB800A4A6898464FF00009BF
:100A2000B0EE420AB4465FEA0E0025D092ED001AFD
:100A3000DCED001A02EB8302DCED010A01EE810A13
:100A400092ED001A02EB8302401ED2ED001A02EB77
:100A5000830200EE810A9CED021ADCED030A000419
:100A60000CF1100C000C01EE210A92ED001A02EBC1
:100A7000830200EE810AD9D117F0030026D0ACF131
:100A80000404A2EB830210F0010F08D002EB8302F2
:100A9000D4ED010A92ED001A241D00EE810A5FEAEE
:100AA0000B0013D002EB830CD4ED010A9CED001A6D
:100AB00002EBC302401E00EE810AD4ED020A92ED61
:100AC000001A04F1080400EE810AEBD109F10100DB
:100AD000AAEC010A1FFA80F9486800EB8902A8F124
:100AE00001001FFA80F8B8F1000F99D1009806EBC9
:100AF0008706184480B20090681E05042D0C87D12B
:100B000002B00020BDE8F08F0000000070B405883E
:100B10000E884468D1F804C05368B54208D14088B3
:100B20004988884201BF11888D425188884203D08C
:100B300070BC6FF00200704705FB00F1880827D0F9
:100B400094ED001ADCED000A94ED010ADCED011AC7
:100B500031EE601AD4ED020A70EE611A9CED020AC1
:100B600083ED001AC3ED011A94ED031ADCED031AAC
:100B700030EEC00A401E71EE610A83ED020A04F1F4
:100B80001004C3ED030A03F110030CF1100CD7D1CC
:100B900011F0030030D0B0F1004F30D200282BDD2F
:100BA000211F1B1FACF1040210F0010F0AD091EDC0
:100BB000010AD2ED010A091D121D30EE600A83ED13
:100BC000010A1B1D400817D091ED010AD2ED010A60
:100BD000401E30EE600A83ED010A91ED020AD2ED6B
:100BE000020A01F1080102F1080230EE600A83ED09
:100BF000020A03F10803E7D170BC00207047B4EC8F
:100C0000010A401EFCEC010A30EE600AA3EC010A66
:100C1000F5D1F1E72DE9F04F02884768B0F802807E
:100C20004888D1F8049082B04FF0000A16468242FC
:100C300007BF098888456FF0020002B018BFBDE801
:100C4000F08F4FEA980B02EB42000190C8F340008E
:100C5000CDF8000009EB8A01BBF1000F33D00198F9
:100C600001EB820C01EB80043B46E64601EBC2053A
:100C70004FEA0B0093ED000A401E81ED000A93ED50
:100C8000010A01EB02118CED000A93ED020A0CEB54
:100C9000021C85ED000A93ED030A05EB021584EDB5
:100CA000000A04EB021403F11003E3D10EEB8200FF
:100CB00000EB820000EB8201ABF10100504307EB37
:100CC0000B1701EB001118F0030C21D03B1FA1EB17
:100CD00082011CF0010F06D093ED010A01EB8201A5
:100CE0001B1D81ED000A009880B100BF93ED010A41
:100CF00001EB820401EBC20184ED000A93ED020ACC
:100D0000401E81ED000A03F10803EFD107EB8C07C9
:100D10000AF101001FFA80FA701E0604360C99D100
:100D200002B00020BDE8F08F2DE9F05F05460020FD
:100D300092469B4688460646814640241BE028464C
:100D400041464746224600F078FA53465A46C01AB2
:100D5000914110D311461846224600F05FFA2D1A31
:100D600067EB01084F4622460120002100F056FAA9
:100D700017EB00094E41201EA4F10104DFDC4846B8
:100D800031462A464346BDE8F09F40EA01039B07EF
:100D900003D009E008C9121F08C0042AFAD203E0F0
:100DA00011F8013B00F8013B521EF9D27047D2B254
:100DB00001E000F8012B491EFBD270470022F6E744
:100DC00010B513460A4604461946FFF7F0FF2046C1
:100DD00010BD2DE9FE4F804681EA0300C00F0C468E
:100DE000009021F0004123F00045B8EB0200A9413A
:100DF00005D24046214690461C460B46024623F04B
:100E00000040104347D0270DC7F30A00C3F30A512F
:100E10000290401A019040286BDAC3F3130040F4AB
:100E2000801B0098924620B10023D2EB030A63EBAB
:100E30000B0B01985946C0F14002504600F0EEF904
:100E400006460D4650465946019A00F006FA10EB48
:100E500008006141002487EA115284EAE7731A43CB
:100E600040D0009A62B3019A012A4FEA075215DC7A
:100E7000001B61EB02014FF0004202EA0752CDE98C
:100E80000042001C41F5801132462B4600F03DFA2D
:100E900003B0BDE8F08F40462146F9E7001B61EB47
:100EA0000201001C41F5801300185B412018A2F5D7
:100EB000001747EB030140EAD570B6196D4111E008
:100EC0006D084FEA360645EAC0754FEA0752001B27
:100ED00061EB0201001C41F5801149084FEA300026
:100EE0000019514132462B4603B0BDE8F04F00F0E7
:100EF000FDB90098012240000023D0EB020263EB11
:100F0000E073009821464FEAE074B8EB000061EB13
:100F10000401E9E783F000435BE781F0004158E713
:100F20002DE9FE4F81EA030404F0004421F0004162
:100F300000944FF0000B23F0004350EA01045ED010
:100F400052EA03045BD0C3F30A54C1F30A552C449C
:100F5000A4F2F3340194A0FB0254C1F3130141F451
:100F60008011C3F3130343F4801301FB024400FB1D
:100F7000034E840A970A44EA815447EA8357A4FB44
:100F8000076802958D0A05FB07854FEA932C04FB41
:100F90000C542705029D4FEA065847EA1637B5EB71
:100FA00008056EEB070C870E920E47EA811742EA9E
:100FB0008312A7FB0201B6EB0B0164EB00042B0DBF
:100FC00043EA0C335E1844EB1C50DA465146E7FB0B
:100FD0000201C5F313044FEA0B3343EA14534FEAFB
:100FE0000432019C43EA0603A4F10C040294009C21
:100FF000CDE900B400F089F903B0BDE8F08F00201E
:101000000146F9E72DE9F04D81EA030404F0004BB5
:1010100021F0004514464FF0000A23F0004150EA49
:10102000050220D054EA01021DD0C5F30A5702463A
:10103000C5F31303C1F31300C1F30A5640F480153E
:1010400043F48013A7EB0608101BD64608F2FD38C0
:1010500073EB050002D308F1010801E092185B412F
:10106000B8F1000F03DA00200146BDE8F08D002042
:101070004FF48011064684460EE0171B73EB0507FC
:1010800005D3121B63EB050306434CEA010C490828
:101090004FEA300092185B4150EA0107EDD152EA65
:1010A000030012D082EA040083EA0501084305D058
:1010B000101BAB4106D20122002306E000224FF0B4
:1010C000004302E06FF0010253101AEB06004CEBF4
:1010D000085110EB0A0041EB0B01BDE8F04D00F0A8
:1010E00005B90EB5C10F80EAE0700844CA070021B7
:1010F00040F233438DE80E000A460B4600F005F936
:1011000003B000BD0EB540F2334102910021CDE99C
:1011100000110A460B4600F0F8F803B000BD70B5A8
:10112000C1F30A5201F000450024C1F3130140F25B
:10113000FF3341F480119A4201DA002070BD40F281
:1011400033439A42A2F2334203DC524200F075F874
:1011500000E090402C43F1D0404270BD00F00042CE
:1011600030F000400AD0C10D01F56071C0F31600E7
:1011700042EA0151C208400711437047002001466E
:101180007047000030B5041E71F1000404DB4FF01D
:101190000044404264EB0101141E73F1000405DBBE
:1011A0001C464FF00043524263EB04038B4208BFDE
:1011B000824230BD30B5041E71F1000404DB4FF0F3
:1011C0000044404264EB0101141E73F1000405DB8E
:1011D0001C464FF00043524263EB0403994208BFA0
:1011E000904230BD01F0004330B421F0004150EA9C
:1011F000010206D00A0DA2F56072C1F31301002AA4
:1012000002DC30BC00207047440F44EAC104C10036
:10121000E01830BC00EBC25000F031B8202A04DBEB
:10122000203A00FA02F1002070479140C2F12003F9
:1012300020FA03F3194390407047202A04DB203A38
:1012400021FA02F00021704721FA02F3D040C2F1E6
:1012500020029140084319467047202A06DBCB172D
:10126000203A41FA02F043EAE07306E041FA02F361
:10127000D040C2F12002914008431946704700292E
:10128000A8BF7047401C490008BF20F0010070470C
:1012900010B4B0FA80FC00FA0CF050EA010404BF6C
:1012A00010BC704749B1CCF1200421FA04F411FAC2
:1012B0000CF118BF012121430843A3EB0C01CB1D06
:1012C0004FEA00614FEA102042BF002010BC704777
:1012D00000EBC35010440029A4BF10BC7047401C51
:1012E000490008BF20F0010010BC704710B5141E63
:1012F00073F1000408DA401C41F1000192185B41CF
:101300001A4301D120F0010010BD2DE9F04D9246A5
:101310009B4611B1B1FA81F202E0B0FA80F22032BC
:101320009046FFF77BFF04460F4640EA0A0041EA79
:101330000B0153465A46084313D0114653EA0100A5
:1013400019D0C8F140025046FFF777FF05460E4618
:10135000504659464246FFF761FF084305D0012039
:1013600004E020463946BDE8F08D0020054346EAFA
:10137000E0762C4337430A986305E40AA0EB0800A3
:101380000022FD0A44EA47540A3002D500200146F3
:10139000E9E7010510196941DDE9084500196941CE
:1013A000BDE8F04DA2E70000064C074D06E0E068FE
:1013B00040F0010394E8070098471034AC42F6D39C
:1013C000FEF7E6FE785101089851010870B58C18B7
:1013D00010F8015B15F0070301D110F8013B2A1149
:1013E00006D110F8012B03E010F8016B01F8016B36
:1013F0005B1EF9D12B0705D40023521E0DD401F832
:10140000013BFAE710F8013BCB1A921C03E013F8FA
:10141000015B01F8015B521EF9D5A142D8D300202F
:1014200070BD000010B504464048007A022871D013
:101430006078002837D0E07C68BBA07858B194F879
:101440002A00072807D10120394981F8220000210C
:101450003748017765E0A07858B994F82A00072842
:1014600007D10120324981F822000121304801775B
:1014700057E0207938B901202D4981F82200032155
:101480002B4801774DE00120294981F822000121F4
:101490002748017745E00120254981F822000121F4
:1014A000234801773DE0207C18B9E07E48B1A07860
:1014B00038B102201E4981F8220000211C48017722
:1014C0002FE0E07C38B10220194981F82200002188
:1014D0001748017725E0E07E48B1A07838B90220AE
:1014E000134981F8220002211148017719E020797F
:1014F00038B902200E4981F8220002210C480177F8
:101500000FE002200A4981F82200002108480177F3
:1015100007E0FFE70020064981F822000021044887
:10152000017703480EF088F810BD00005C780020B9
:10153000FC0A0020224909780422B2EB111F3AD19B
:101540002049097A012906D11E49497A012902D187
:1015500080F8201032E01B49097A032907D1194984
:10156000497A032903D1022180F8201026E0154989
:10157000097A032907D11349497A022903D10421A1
:1015800080F820101AE00F49097A032907D10D4984
:10159000497A012903D1052180F820100EE009497C
:1015A000097A01290AD10749497A032906D100217C
:1015B00080F8201002E0012180F820107047000020
:1015C000007900205C78002010B52DED048B0446D6
:1015D0001F48007A022830D01D48407A012804D0E4
:1015E000022812D0032814D10BE01948007A0128F0
:1015F00003D1022084F8260002E0012084F82600AE
:1016000007E0012084F8260003E0012084F826008A
:1016100000BF00BF0E49B1F90400FFF762FD41ECC5
:10162000190B9FED0C0B53EC102BFFF779FC41ECE1
:10163000180BFFF7D7FD206006E0002084F8260095
:101640009FED060A84ED000ABDEC048B10BD00007E
:101650005C780020613255302AA9333F0000000039
:1016600010B504461948007A012810D0022802D08B
:10167000032825D105E0002084F8220000212177ED
:101680001EE0012084F822000021217718E00F4895
:10169000407A01280ED10E48407828B9022084F8FB
:1016A0002200002121770AE0012084F82200012194
:1016B000217704E003212177012084F8220000BF74
:1016C00000BF20460DF0B8FF10BD00005C78002080
:1016D000C00B002010B52DED048B04461549B1F95F
:1016E0000400FFF7FEFC41EC190B9FED130B53ECCC
:1016F000102BFFF715FC41EC180BFFF773FD206072
:101700000C48007A012804D002280AD003280CD102
:1017100003E0022084F8260007E0022084F8260077
:1017200003E0002084F8260000BF00BFBDEC048B5E
:1017300010BD00005C780020613255302AA9333F8B
:10174000184801F03DF84FF4D270174908600020A6
:10175000144981F82F0032211248FFF72FFB012195
:10176000104880F8291011480021016001711048CB
:101770000068401C0E49086000BF0A4801F02CF8C0
:10178000084811F073FE0FF047F9064809F03EF8DB
:101790000EF048F9074808F075F8012012F024FA15
:1017A000EBE70000C00B0020E400002064000020F4
:1017B000E0000020FC0800200D4909780422B2EB6B
:1017C000111F0FD10B49097A022905D0012180F898
:1017D000201080F824100AE0002180F8201080F802
:1017E000241004E0002180F8201080F824107047B5
:1017F000007900205C7800200F49097B01F001018D
:1018000031B9002180F82510816280F8211011E0A3
:101810000A49097A022907D0022180F825100121FE
:10182000816280F8211005E0002180F82510816296
:1018300080F82110704700002B7900205C78002090
:1018400010B501221021024802F0BAF910BD0000C3
:101850000000024010B500221021024802F0B0F949
:1018600010BD00000000024010B5012211460248E0
:1018700002F0A6F910BD00000004024010B50022DD
:101880000121024802F09CF910BD00000004024052
:1018900010B50446FFF7DEFF922000F0A3F9062200
:1018A0009549122000F07EF9FFF7CAFF9248407870
:1018B000000200B290490978084390490880084620
:1018C000B0F9000000EE100AB8EEC00A8C48D0ED66
:1018D000000A20EE200AD4ED080A20EE200A84ED4A
:1018E000000A8548C078000200B28349897808431D
:1018F000824908800846B0F9000000EE100AB8EEF0
:10190000C00A7F48D0ED000A20EE200AD4ED080A74
:1019100020EE200A84ED010A77484079000200B2E7
:10192000754909790843754908800846B0F90000EF
:1019300000EE100AB8EEC00A7148D0ED000A20EEA1
:10194000200AD4ED080A20EE200A84ED020AFFF7EF
:1019500095FF08226849002000F024F9FFF784FF72
:10196000654800780F284FD166480078F0B3624888
:10197000C078000200B26049897808435F49088056
:1019800094ED090A0846B0F9000000EE900AF8EE5E
:10199000E00A5D4890ED001A10EE810A84ED030A1A
:1019A00055484079000200B2534909790843534928
:1019B000088094ED0A0A0846B0F9000000EE900A8B
:1019C000F8EEE00A504890ED001A10EE810A84ED1E
:1019D000040A4948C079000200B24749897908439E
:1019E0004649088094ED0B0A084600E00DE0B0F986
:1019F000000000EE900AF8EEE00A434890ED001A6D
:101A000010EE810A84ED050A44E03B48C0780002EC
:101A100000B2394989780843384908800846B0F946
:101A2000000000EE100AB8EEC00A3748D0ED000AF8
:101A300020EE200A84ED030A2F484079000200B20C
:101A40002D49097908432D4908800846B0F900005E
:101A500000EE100AB8EEC00A2B48D0ED000A20EEC6
:101A6000200A84ED040A2448C079000200B2224909
:101A700089790843214908800846B0F9000000EE42
:101A8000100AB8EEC00A2048D0ED000A20EE200A65
:101A900084ED050AFFF7DEFEA22000F0A3F8022283
:101AA0001549222000F07EF8FFF7CAFE12480078A0
:101AB000C0001149497840EA611010490880084681
:101AC000B0F90000B0F5806F05DB08460088A0F58E
:101AD000006000B208800948B0F9000000EE100A6A
:101AE000F8EEC00AB4EE001AB3EE070A00EE810A5F
:101AF00084ED070A10BD00007E030020860300204D
:101B000040030020500300204403002070B5044629
:101B10000D461C48046000201B4908700DF0DCFBDA
:101B2000194909780843184908700DF08BFC1649CB
:101B300009780843144908701DB1144800F0ACF945
:101B40001CE09FED130A114880ED090A9FED110A70
:101B500080ED0A0A9FED0F0A80ED0B0A9FED0E0A39
:101B600080ED0C0A90ED0C0ADFED0C0A80EE801A75
:101B700080ED081A9FED0A0A80ED060A02480078F7
:101B800070BD0000880300204A0300200C73002071
:101B9000AC38223BB016CE393F161B41C3F51C4171
:101BA0000000204270B506460C46154646F08000FF
:101BB00000F018F806E0552000F014F82070641CBE
:101BC000681EC5B2002DF6D170BD70B504460D4635
:101BD00044F0800000F006F8552000F003F828706B
:101BE00070BD000001B582B04FF47A70012301AAE4
:101BF00002A900900348006803F0F8FD9DF8040076
:101C00000EBD00008803002070B505460C4628462E
:101C1000FFF7E8FF2046FFF7E5FF70BDD2ED020AAF
:101C200092ED021AB6EE000A00EEC10AD2ED030AE6
:101C300092ED031A00EEC10AD0ED000A20EE200A50
:101C4000D2ED010A92ED021A60EE810A92ED001ABD
:101C5000D2ED031A41EE610A90ED011A00EE810AFD
:101C6000D2ED010A92ED031A60EE810A92ED001A9C
:101C7000D2ED021A41EE210A90ED021A00EE810A1D
:101C8000F0EE000A20EE200A81ED000A92ED010A32
:101C9000D2ED020A20EE200AD2ED000A92ED031ADC
:101CA00000EE810AD0ED000A60EE200A92ED011AE2
:101CB000D2ED011AB6EE000A01EE610AD2ED031A66
:101CC00092ED032AB0EE401A01EEC21AD0ED011ACD
:101CD000B0EE600A01EE210AD2ED020A92ED031A7B
:101CE00060EE810A92ED001AD2ED011A41EE610A0E
:101CF00090ED021A00EE810AF0EE000A20EE200AB2
:101D000081ED010A92ED010AD2ED030A20EE200ACC
:101D1000D2ED000A92ED021A00EEC10AD0ED000ADF
:101D200020EE200AD2ED020A92ED031A60EE810A3B
:101D300092ED001AD2ED011A41EE210A90ED011A3E
:101D400000EE810A92ED011AD2ED011AF6EE000AB8
:101D500041EE610A92ED021AD2ED021A41EE610AD9
:101D600090ED021A00EE810AF0EE000A20EE200A41
:101D700081ED020A704700BFFEE7000010B502487F
:101D800001F093F810BD0000480E002010B5024885
:101D900001F08BF810BD0000480E002010B502487D
:101DA00001F083F810BD0000700E002010B502484D
:101DB00001F07BF810BD0000700E00200346042BDC
:101DC00015D007DC7BB1012B0ED0022B0DD0032BDD
:101DD00012D10BE0202B0BD0212B0AD0222B09D0C3
:101DE000232B09D107E008E007E006E005E004E066
:101DF00003E002E001E000E000BF00BF0020704708
:101E00000020704710B500220449054809F0C9FFB9
:101E10000449034809F0B6FF002010BD3C20002013
:101E2000601300203C18002070B504460D46214682
:101E3000064809F0A7FF054809F070FF044A20464C
:101E4000296810F0D9F9002070BD0000601300204F
:101E5000E408002010B503460C460021084610BDDA
:101E60002DE9F04104460D4600260A48D0F8BC7220
:101E7000D7F8140210B10120BDE8F0812A462146AE
:101E8000044809F08EFF03480AF03EF80646304643
:101E9000F2E700006013002070B52DED048B88B0D0
:101EA000044600200690079000F0C2FBFE4880ED3B
:101EB000000A00BF00F0BCFBFB48D0ED000A30EE8A
:101EC000600AF2EE040AB4EEE00AF1EE10FA14DD54
:101ED0009FEDF60A84ED090A9FEDF50A84ED0A0AE2
:101EE0009FEDF30A84ED0B0A9FEDF20A84ED0C0AD4
:101EF0009FEDF10A84ED060A55E29FEDF00A00F02D
:101F000053FB9FEDEF0A84ED0C0A9FEDED0A84ED83
:101F1000090A9FEDEB0A84ED0A0A9FEDE90A84EDB8
:101F20000B0A002673E1FFF795FC9220FFF75AFE9B
:101F3000062206A91220FFF735FEFFF781FC9DF867
:101F40001900000200B29DF8181040EA010500EEE9
:101F5000105AB8EEC00ADB48D0ED000A20EE200A85
:101F600084ED000A9DF81B00000200B29DF81A10D3
:101F700040EA010500EE105AB8EEC00AD148D0ED93
:101F8000000A20EE200A84ED010A9DF81D000002DF
:101F900000B29DF81C1040EA010500EE105AB8EEA0
:101FA000C00AC848D0ED000A20EE200A84ED020ADB
:101FB000D4ED000A60EEA00A94ED011AD4ED011AE6
:101FC00041EE210A94ED021AD4ED021A41EE210AE3
:101FD000B0EE600A0CF0ACFCB0EE408A94ED0C0A56
:101FE00030EE080A84ED0C0AFFF748FC082206A927
:101FF0000020FFF7D7FDFFF737FC9DF818000F28EA
:1020000050D19DF81B00000200B29DF81A1040EA62
:10201000010500EE105AB8EEC00AAB48D0ED000A38
:1020200020EE200A84ED030A94ED090AD4ED030A98
:1020300030EE200A84ED090A9DF81D00000200B26E
:102040009DF81C1040EA010500EE105AB8EEC00AD7
:102050009D48D0ED000A20EE200A84ED040A94ED9C
:102060000A0AD4ED040A30EE200A84ED0A0A9DF82B
:102070001F00000200B29DF81E1040EA010500EEAC
:10208000105AB8EEC00A9048D0ED000A20EE200A9F
:1020900084ED050A94ED0B0AD4ED050A30EE200A12
:1020A00084ED0B0A06BBF0EE488AB0EE489A002099
:1020B00017E004F10C0101EB800191ED000A03A986
:1020C00001EB800181ED000A04F10C0101EB8001BC
:1020D00091ED000A694601EB800181ED000A411C87
:1020E000C8B20328E5DB49E0B4EEE88AF1EE10FA65
:1020F00001DDF0EE488AB4EEC98AF1EE10FA01D2A1
:10210000B0EE489A002037E004F10C0101EB8001A9
:1021100091ED000A03A901EB8001D1ED000AB4EEB4
:10212000E00AF1EE10FA0ADD04F10C0101EB800186
:1021300091ED000A03A901EB800181ED000A04F191
:102140000C0101EB800191ED000A694601EB800171
:10215000D1ED000AB4EEE00AF1EE10FA0AD204F171
:102160000C0101EB800191ED000A694601EB800151
:1021700081ED000A411CC8B20328C5DB38EEC90A4C
:10218000524880ED000A002012E003A901EB800113
:1021900091ED000A694601EB8001D1ED000A30EEB5
:1021A000600A4B4901EB800181ED000A411CC8B275
:1021B0000328EADB454890ED000AF6EE000AB4EE8B
:1021C000E00AF1EE10FA1BDC414890ED000ADFED69
:1021D000410AB4EEE00AF1EE10FA11DC90ED010ACA
:1021E000DFED3C0AB4EEE00AF1EE10FA08DC90ED07
:1021F000020ADFED380AB4EEE00AF1EE10FA00DD73
:102200000AE09FED350A00F0CFF9701C86B2334822
:1022100000888642FFF687AE00BFD4ED0C0A2F4837
:10222000008800EE100AB8EE400A80EE801A84EDB5
:102230000C1A002015E004F1240101EB8001D1ED1E
:10224000000A2649098800EE101AB8EE400A80EE0E
:10225000801A04F1240101EB800181ED001A411C78
:10226000C8B20328E7DBFFF7F5FAA220FFF7BAFCB4
:10227000022206A92220FFF795FCFFF7E1FA9DF85C
:102280001800C0009DF8191040EA6115B5F5806F7F
:1022900002DBA5F5006005B200EE105AF8EEC00AA8
:1022A000B4EE001A1CE0000078030020AC38223B9A
:1022B000B016CE393F161B41000020420AD7A33B7F
:1022C0000000000040030020440300204C030020D5
:1022D000007300209A99193E6F12033A7C03002084
:1022E000B3EE070A00EE810A84ED060A344800883E
:1022F000401C00B232490880324890ED000AF6EEE8
:10230000000AB4EEE00AF1EE10FA3FF7D3AD94ED17
:102310000C0ADFED2D0A30EE600AB0EEC00AF6EED0
:10232000000AB4EEE00AF1EE10FAEEDC274890ED78
:10233000000A5FED180AB4EEE00AF1EE10FAE4DCF0
:1023400090ED010A5FED1D0AB4EEE00AF1EE10FA1D
:10235000DBDC90ED020A5FED210AB4EEE00AF1EE5B
:1023600010FAD2DC94ED090AB0EEC00ADFED180ACB
:10237000B4EEE00AF1EE10FAC7DC94ED0A0AB0EE12
:10238000C00ADFED130AB4EEE00AF1EE10FABCDC8D
:1023900094ED0B0AB0EEC00ADFED0D0AB4EEE00AD0
:1023A000F1EE10FAB1DC00BF94ED0C0ADFED090A82
:1023B00080EE801A84ED081A08B0BDEC048B70BD65
:1023C000520300204C030020CDCC1C4100730020A0
:1023D0000AD7233CC3F51C4110B5024801F0F2F8BE
:1023E00010BD0000F811002010B5024801F0EAF815
:1023F00010BD00005812002010B5024801F0E2F8AC
:1024000010BD00003811002010B5024801F0DAF8C4
:1024100010BD0000B812002010B5024801F0D2F83B
:1024200010BD0000981100200146087810381823CC
:10243000B0FBF3F20848805CC865032A05D9086838
:102440006FF30900001D886503E008686FF3090059
:102450008865886D70470000EC4301080146002044
:102460008A6A8B69CBB932B1012A0DD0022A03D016
:10247000032A10D10EE000BFCB6A03F08073B3F1E2
:10248000807F00D1012007E0CB6AB3F1C07F00D18B
:10249000012001E000E000BF34E08B69B3F5005F8C
:1024A0001AD132B1012A07D0022A03D0032A11D14E
:1024B0000AE000BF01200EE0CB6A03F08073B3F1A5
:1024C000807F00D1012006E0CB6AB3F1C07F00D14C
:1024D000012000E000BF15E032B1012A05D0022A38
:1024E00004D0032A0CD103E000BF00BF012008E0A4
:1024F000CB6A03F08073B3F1807F00D1012000E04C
:1025000000BF00BF704730B50468246824F48024FD
:1025100005682C60046863608468402C04D10468FA
:10252000A2600468E16003E00468A1600468E260FE
:1025300030BD000010B50D488068012808D10C4856
:10254000007888B90FF048FF01200A4908600BE0C5
:102550000648806840B906480078012804D10FF089
:102560004BFF00200349086010BD0000AC090020AB
:10257000E87600204400002008B508484068009034
:10258000074900980968884204D206480068401C40
:102590000449086002490098086008BD001000E086
:1025A000E8060020E40600200C494868F0EE400AE6
:1025B00000BF0A494968091A01EE101AF8EE411ADB
:1025C000074991ED001AB8EE411A20EE811AF4EE97
:1025D000C11AF1EE10FAECD370470000001000E0D1
:1025E000D806002010B52DED028B82B004460E48AF
:1025F0004068019020680199081A00EE100AF8EE70
:10260000400A0A4890ED000AB8EE400A80EE801AAF
:10261000B0EE418A01982060FFF7AEFFB0EE480AA5
:1026200002B0BDEC028B10BD001000E0D806002007
:1026300010B52DED028B00F059F80F4890ED000A0F
:10264000B8EE400A808800EE900AF8EE600A9FED2E
:102650000B1A00EE810A0848C08800EE900AF8EED6
:10266000600A9FED071A00EE810AB0EE408AB0EED4
:10267000480ABDEC028B10BDD00600206F12833AD1
:10268000BD3786351249096841F08071104A1160E2
:102690000021104A51601146096841F001011160A2
:1026A0000D4941430D4A1160114609684FF47A7291
:1026B000B1FBF2F10A4A116008490968064AB1FB08
:1026C000F2F1084A11600021074A116070470000CA
:1026D000FCED00E0001000E040420F00D8060020B2
:1026E000DC060020E0060020E406002038B529487A
:1026F00040680090FFF740FF274800684FF0FF3127
:10270000A0FB01310098181841F10001234A03C2CF
:10271000234800232149026803C9FEF705FB214A2B
:1027200003C220480CC81E4800680024A2FB001504
:1027300003FB005002FB04021848D0E90030591A8C
:1027400060EB0200184AC2E90010164800681749F9
:102750000860174800231449026803C9FEF7E4FA29
:1027600012498880084680881149096841430E480B
:10277000D0E90030591A60F100000E4AC2E9001099
:102780000D4800230B49026803C9FEF7CDFA07493B
:10279000C88038BD001000E0E4060020F0060020EC
:1027A000D8060020F806002000070020D0060020F0
:1027B000DC06002008070020E0060020704700002B
:1027C00004490968491C034A1160002180F82A1055
:1027D00070470000F000002010B504462F48007834
:1027E0000421B1EB101F09D12D4805F05FFE2046F2
:1027F000FEF7A0FE20460DF0E9F84DE0012084F838
:10280000200005F001FD26480EF004FF0121E170D3
:102810006171A171E171002121726172E172217314
:1028200061730121E17300216176601C0FF0E2F811
:10283000601C0EF0FBFE0021E174E17518480EF0FB
:10284000E9FF0021A1720121217600212175217764
:102850000121A17021710021E177601C0EF0E6FEDC
:10286000002010490880104908701049088010495C
:1028700008704FF4D7700F4908600F490880002096
:102880000749491E81F830000C4800210160416071
:102890008160002084F82A0010BD0000007900202B
:1028A000C10B002040010020420100203E01002019
:1028B00018080020E400002034010020AC7900203A
:1028C00010B5012001F074F810BD10B5082001F01A
:1028D0006FF810BD10B5102001F06AF810BD10B5EA
:1028E000202001F065F810BDD2ED020A92ED021A27
:1028F000B6EE000A00EEC10AD2ED030A92ED031A09
:1029000000EEC10AD0ED000A20EE200AD2ED010A45
:1029100092ED021A60EE810A92ED001AD2ED031ACE
:1029200041EE210A90ED011A00EE810AD2ED010A72
:1029300092ED031A60EE810A92ED001AD2ED021AAE
:1029400041EE610A90ED021A00EE810AF0EE000AF3
:1029500020EE200A81ED000A92ED010AD2ED020A72
:1029600020EE200AD2ED000A92ED031A00EEC10A11
:10297000D0ED000A60EE200A92ED011AD2ED011AA4
:10298000B6EE000A01EE610AD2ED031A92ED032AB7
:10299000B0EE401A01EEC21AD0ED011AB0EE600A94
:1029A00001EE210AD2ED020A92ED031A60EE810ACD
:1029B00092ED001AD2ED011A41EE210A90ED021AB1
:1029C00000EE810AF0EE000A20EE200A81ED010AF5
:1029D00092ED010AD2ED030A20EE200AD2ED000AA0
:1029E00092ED021A00EE810AD0ED000A20EE200AD4
:1029F000D2ED020A92ED031A60EE810A92ED001AFE
:102A0000D2ED011A41EE610A90ED011A00EE810A41
:102A100092ED011AD2ED011AF6EE000A41EE610ABA
:102A200092ED021AD2ED021A41EE610A90ED021AFD
:102A300000EE810AF0EE000A20EE200A81ED020A83
:102A4000704772B600BFFEE770B50A480468001D03
:102A50000568001D0668344454B108220649204622
:102A600005F004FD042204491031284605F0FEFC5F
:102A700070BD0000107AFF1FEE01002010B5024665
:102A800092F82030012B01D0022B06D1106840694A
:102A9000084314686061002010BD506A40F4802033
:102AA00050620120F8E7F0B504460D461E4694F842
:102AB000207020688368A86800B900E000BF012F7B
:102AC00001D0022F7DD103F0806030B903F00060A7
:102AD00018B903F0805000287ED0C3F301610120B3
:102AE00088403060A86860B9B5F800C0E86840EA7E
:102AF0004C5C206800F5C07000EB0110C0F800C00D
:102B00000FE0D5E901C040EACC00D5F80CC040EA9E
:102B10000C00D4F800C00CF5C07C0CEB011CCCF808
:102B20000000D5F810C0206800F5C07000EB01105F
:102B3000C0F804C0287D01280ED1206800F5C070BF
:102B400000EB0110406840F4807C206800F5C07004
:102B500000EB0110C0F804C0D079000692F806C05E
:102B600040EA0C4092F805C040EA0C2092F804C0FC
:102B700040EA0C00D4F800C00CF5C07C0CEB011C42
:102B8000CCF80C00D078000692F802C040EA0C4065
:102B900092F801C040EA0C2092F800C040EA0C0014
:102BA000D4F800C00CF5C07C0CEB011CCCF808007C
:102BB000206800F5C07000EB0110006840F0010CC7
:102BC00001E00FE008E0206800F5C07000EB0110A4
:102BD000C0F800C00020F0BD606A40F400106062E0
:102BE0000120F8E7606A40F4802060620120F2E78B
:102BF000F0B504460A46216894F82050012D01D012
:102C0000022D7ED1424901F50071086840F00100B3
:102C10000860086820F47C5008600868566A40EA3A
:102C200006200860107D00F01F06012000FA06F360
:102C3000C8699843C861A1F50071D069C8B9D1F8D5
:102C40000C029843C1F80C02908880B2968940EA41
:102C5000064601F51070576940F83760108880B259
:102C6000168940EA064601F51070576900EBC70067
:102C70004660D069012819D1D1F80C021843C1F877
:102C80000C02908880B2168840EA064601F5107062
:102C9000576940F83760908980B2168940EA064645
:102CA00001F51070576900EBC7004660906928B9BC
:102CB000D1F804029843C1F8040204E0D1F80402F8
:102CC0001843C1F80402106928B9D1F814029843D6
:102CD000C1F8140204E0D1F814021843C1F8140238
:102CE000106A012804D1D1F81C021843C1F81C0253
:102CF000D1F8000220F00100C1F800020020F0BD70
:102D0000FFE7606A40F4802060620120F7E700007E
:102D100000640040704770B5044694F82050012DBF
:102D200001D0022D7DD151B92068C06800F00300A8
:102D300080B9606A40F400106062012070BD2068B4
:102D4000006900F0030028B9606A40F40010606276
:102D50000120F3E7206800F5D87000EB011000684F
:102D600000F004009060906840B9206800F5D870C9
:102D700000EB01100068400D106007E0206800F5CE
:102D8000D87000EB01100068C0085060206800F5A2
:102D9000D87000EB0110006800F00200D0602068DD
:102DA00000F5D87000EB0110406800F00F00082813
:102DB00002D30820106108E0206800F5D87000EB0D
:102DC0000110406800F00F001061206800F5D87015
:102DD00000EB0110406800F47F40000A9061206819
:102DE00000F5D87000EB01104068000C50612068BD
:102DF00000F5D87000EB011080681870206800F5AD
:102E0000D87000EB0110806800F47F40000A587011
:102E1000206800F5D87000EB0110806800F47F0096
:102E200000E03CE0000C9870206800F5D87000EBE2
:102E300001108068000ED870206800F5D87000EB93
:102E40000110C0681871206800F5D87000EB0110FF
:102E5000C06800F47F40000A5871206800F5D870FF
:102E600000EB0110C06800F47F00000C987120682E
:102E700000F5D87000EB0110C068000ED87131B9B0
:102E80002068C06840F020002668F06005E02068F7
:102E9000006940F020002668306100204EE7606A3B
:102EA00040F480206062012048E72DE9F05F04468D
:102EB0000025206846692068D0F80490206887685B
:102EC0002068D0F80CA02068D0F810B02068D0F8A6
:102ED000188006F00100002855D007F00100C0B1AD
:102EE00001202168886007F0020018B1204600F038
:102EF000F6FA0EE007F0040010B145F4006508E0B2
:102F000007F0080010B145F4805502E0204600F0BB
:102F1000E5FA07F48070C8B14FF4807021688860CA
:102F200007F4007018B1204600F0DBFA0EE007F459
:102F3000806010B145F4005508E007F4006010B15E
:102F400045F4804502E0204600F0CAFA07F48030DC
:102F5000C8B14FF480302168886007F4003018B1A0
:102F6000204600F0C0FA0EE007F4802010B145F4CE
:102F7000004508E007F4002010B145F4803502E078
:102F8000204600F0AFFA06F0080038B10AF0100051
:102F900020B145F4007510202168C86006F00400D7
:102FA00040B10AF0080028B108202168C860204616
:102FB00000F01CFA06F0020038B12068C06800F08A
:102FC000030010B1204600F013FA06F0400038B1BB
:102FD0000BF0100020B145F48065102021680861D5
:102FE00006F0200040B10BF0080028B1082021684D
:102FF0000861204600F02AFA06F0100038B1206877
:10300000006900F0030010B1204600F021FA06F438
:10301000003040B109F0100028B11020216848604C
:10302000204600F02BFA06F4803040B109F0080089
:1030300028B1082021684860204600F055FA06F4BF
:10304000004088B309F0040078B306F4807020B122
:1030500008F0010008B145F0010506F4007020B148
:1030600008F0020008B145F0020506F4806020B1C6
:1030700008F0040008B145F0040506F40060A0B1B2
:1030800008F0700088B108F07000402817D006DC06
:1030900010280BD020280CD0302819D10CE0502853
:1030A00010D0602814D110E01DE019E045F00805AB
:1030B0000FE045F010050CE045F0200509E045F073
:1030C000400506E045F0800503E045F4807500E02A
:1030D00000BF00BF2068806920F07000216888610F
:1030E0000420216848602DB1606A28436062204650
:1030F000FFF710FEBDE8F09F70B504460CB9012043
:1031000070BD94F8200010B9204600F0AFF8206898
:10311000006840F001002168086000F057FD054696
:103120000DE000F053FD401B0A2808D9606A40F406
:1031300000306062052084F820000120E0E720686C
:10314000406800F001000028EBD02068006820F003
:1031500002002168086000F039FD05460DE000F02E
:1031600035FD401B0A2808D9606A40F400306062CF
:10317000052084F820000120C2E72068406800F0A4
:1031800002000028EBD1207E012806D120680068CB
:1031900040F080002168086005E02068006820F0A9
:1031A000800021680860607E012806D120680068E0
:1031B00040F040002168086005E02068006820F0C9
:1031C000400021680860A07E012806D120680068C0
:1031D00040F020002168086005E02068006820F0C9
:1031E000200021680860E07E012806D12068006880
:1031F00020F010002168086005E02068006840F0B9
:10320000100021680860207F012806D1206800682E
:1032100040F008002168086005E02068006820F0A0
:10322000080021680860607F012806D120680068D6
:1032300040F004002168086005E02068006820F084
:10324000040021680860D4E90201084321690843A9
:10325000616908436168491E08432168C86100200C
:103260006062012084F82000002049E710B586B094
:103270000446142101A8FDF7A1FD564920688842A3
:1032800049D155480068401C534908600846006809
:1032900001280FD100BF002000905048006840F086
:1032A00000704E4908600846006800F00070009009
:1032B00000BF00BF00BF00200090484810380068E1
:1032C00040F008004549103908600846006800F0E1
:1032D0000800009000BF00BF032001900220029070
:1032E00000200390032004900920059001A93C4888
:1032F00000F06CFB00220521132000F02FFD1320AD
:1033000000F018FD00220521142000F027FD1420F4
:1033100000F010FD5CE033492068884258D100BFBE
:10332000002000902D48006840F080602B49086024
:103330000846006800F08060009000BF00BF26488B
:103340000068401C244908600846006801280FD125
:1033500000BF002000902148006840F000701F4925
:1033600008600846006800F00070009000BF00BFD1
:1033700000BF0020009019481038006840F002009B
:103380001649103908600846006800F002000090F5
:1033900000BF00BF60200190022002900020039037
:1033A000032004900920059001A90F4800F00EFBAE
:1033B000002205213F2000F0D1FC3F2000F0BAFCA4
:1033C00000220521412000F0C9FC412000F0B2FCA0
:1033D00006B010BD00640040A80100204038024043
:1033E000000C0240006800400004024070470000EA
:1033F00010B58AB0044611492068096888421BD17B
:1034000008AB01AA00212046FFF785FCA0B901986E
:10341000022807D0A0F2024060B9094908A80DF0BF
:1034200043FA08E000200749086008A906480DF0A3
:10343000CFF900E000BF00BF0AB010BD480E002069
:103440001C07002024000020E876002070470000C0
:1034500010B58AB00446084920680968884209D135
:1034600008AB01AA01212046FFF755FC10B900BFA7
:1034700000BF00BF0AB010BD700E0020704770B5CD
:10348000044694F82000012822D1022084F820006C
:103490002068006820F001002168086000F096FBB9
:1034A00005460DE000F092FB401B0A2808D9606A2F
:1034B00040F400306062052084F82000012070BDD7
:1034C0002068406800F001000028EBD16062F6E758
:1034D000606A40F4002060620120F0E770477047A6
:1034E0007047704770477047704770B50446A56DC8
:1034F00000F06CFB064694F83500022808D08020C6
:10350000606500BF002084F8340000BF012070BD5A
:103510002068006820F01600216808602068406973
:1035200020F0800021684861206C08B9A06C28B1A7
:103530002068006820F008002168086020680068A2
:1035400020F001002168086010E000F03FFB801BC4
:1035500005280BD920206065032084F8350000BFC2
:10356000002084F8340000BF0320D0E72068006802
:1035700000F001000028E8D194F85C103F2088405A
:10358000A860012084F8350000BF002084F83400D2
:1035900000BF00BFBBE7014691F83500022803D009
:1035A0008020486501207047052081F835000868B3
:1035B000006820F001000A6810600020F3E701466F
:1035C000486D7047F8B50446002000908C480068AC
:1035D0004FF41651B0FBF1F7A56D2E6894F85C100E
:1035E00008208840304098B12068006800F004004E
:1035F00070B12068006820F004002168086094F829
:103600005C1008208840A860606D40F00100606593
:1036100094F85C1001208840304068B1206840690F
:1036200000F0800040B194F85C1001208840A86050
:10363000606D40F00200606594F85C1004208840E2
:10364000304068B12068006800F0020040B194F892
:103650005C1004208840A860606D40F00400606544
:1036600094F85C1010208840304078B320680068DF
:1036700000F0080050B394F85C1010208840A86057
:103680002068006800F4802080B12068006800F4A1
:10369000002028B9206CC8B12046216C884715E06D
:1036A000A06C98B12046A16C88470FE020680068A4
:1036B00000F4807028B92068006820F008002168B4
:1036C0000860206C10B12046216C884794F85C108B
:1036D000202088403040002865D02068006800F035
:1036E000100000285FD094F85C1020208840A8606B
:1036F00094F83500052828D12068006820F01600CD
:10370000216808602068406920F0800021684861D5
:10371000206C08B9A06C28B12068006820F008006F
:103720002168086094F85C103F208840A860012060
:1037300084F8350000BF002084F8340000BF206DFD
:1037400010B12046216D8847F8BD2068006800F45C
:10375000802080B12068006800F4002028B9606CE7
:1037600010B12046616C88471DE0E06BD8B120465F
:10377000E16B884717E02068006800F4807068B942
:103780002068006820F0100021680860012084F89B
:10379000350000BF002084F8340000BFE06B10B19A
:1037A0002046E16B8847606D38B3606D00F0010022
:1037B000F0B1052084F835002068006820F0010091
:1037C0002168086000BF0098401C0090B84200D9F2
:1037D00005E02068006800F001000028F3D100BF78
:1037E000012084F8350000BF002084F8340000BFB9
:1037F000E06C10B12046E16C884700BFA4E70000F0
:10380000280200202DE9F0410446002500F0DEF9F1
:10381000074614B90120BDE8F081606A00B100BF1D
:10382000022084F8350000BF002084F8340000BF77
:103830002068006820F00100216808600AE000F0BC
:10384000C5F9C01B052805D920206065032084F830
:103850003500E0E72068006800F001000028EED1A4
:103860002068056821480540D4E901010843E16862
:1038700008432169084361690843A1690843E16974
:103880000843216A08430543606A042803D1D4E948
:103890000B0108430543206805602068456925F051
:1038A0000705606A0543606A04280DD1A06A0543D4
:1038B000E06A48B12046FEF7D1FD28B1402060659E
:1038C000012084F83500A6E7206845612046FEF710
:1038D000ABFD064694F85C103F208840B0600020A5
:1038E0006065012084F83500002094E73F8010F0E7
:1038F0002DE9F04704460D4616461F464FF00008D6
:10390000D4F8589000BF94F83400012802D1022066
:10391000BDE8F087012084F8340000BF94F835003A
:10392000012825D1022084F83500002060653B463F
:10393000324629462046FEF7E6FD94F85C103F200B
:103940008840C9F808002068006840F01600216827
:103950000860206C28B12068006840F008002168E9
:1039600008602068006840F001002168086006E0F7
:1039700000BF002084F8340000BF4FF0020840462A
:10398000C6E7000070B5044600F020F9064625465B
:10399000681C10B104480078054400BF00F016F917
:1039A000801BA842FAD370BD24020020704700009B
:1039B00010B5044604480068204020B10248046065
:1039C0002046FFF7F3FF10BD143C0140F8B5024656
:1039D0000B460025002400200021D6E0012606FA2F
:1039E00001F51E6806EA0504AC4274D11E7906F0A2
:1039F0000306012E04D01E7906F00306022E13D111
:103A000090684F000326BE40B0434F00DE68BE40C2
:103A100030439060506801268E40B0431E79C6F353
:103A200000168E40304350601E7906F00306032EC8
:103A300009D0D0684F000326BE40B0434F009E68B7
:103A4000BE403043D0601E7906F00306022E13D12B
:103A5000CF0802F1200656F827004E07F70E0F2672
:103A6000BE40B0434F07FF0E1E69BE403043CF0833
:103A700002F1200646F8270010684F000326BE40DA
:103A8000B0431E7906F003064F00BE40304310607D
:103A90005E6806F44036002E76D000BF0026009601
:103AA0003C4E366846F480463A4F3E603E463668A5
:103AB00006F48046009600BF00BF374E8F0856F8C8
:103AC00027008E07370F0F26BE40B043334EB24259
:103AD00002D1002624E057E0314EB24201D1012646
:103AE0001EE0304EB24201D1022619E02E4EB24203
:103AF00001D1032614E02D4EB24201D104260FE07D
:103B00002B4EB24201D105260AE02A4EB24201D123
:103B1000062605E0284EB24201D1072600E008261D
:103B20008F073F0FBE4030431B4E8F0846F82700DB
:103B3000224E3068A0435E6806F4801606B120432A
:103B40001E4E3060361D3068A0435E6806F40016D5
:103B500006B12043194E361D3060184E361F3068AE
:103B6000A0435E6806F4003606B12043134E361FAC
:103B70003060361F3068A0435E6806F4803606B1B8
:103B800020430E4E083E3060491C1029FFF426AF3A
:103B9000F8BD0000443802400838014000000240EF
:103BA0000004024000080240000C024000100240E5
:103BB0000014024000180240001C0240083C014072
:103BC0000AB1816101E00B0483617047014800681C
:103BD000704700001C020020034800680349097870
:103BE00008440149086070471C020020240200209C
:103BF00010B50D48006840F400700B490860084695
:103C0000006840F4806008600846006840F48070F6
:103C10000860032000F0E0F80F2000F007F800F043
:103C20005FF8002010BD0000003C02402DE9F0418B
:103C300088B004460027B84600BF00200190244801
:103C4000006840F00100224908600846006800F062
:103C50000100019000BF00BF02A903A801F032F9E2
:103C6000069F1FB901F056F9054602E001F052F92E
:103C700045001848B5FBF0F0A0F101084FF0804076
:103C80001549086040F2E7311348C160C0F804806C
:103C9000002101618160816101F05EFF064696B9F5
:103CA0000D4801F0A7FF06466EB91C2000F042F84F
:103CB000102C07D2002221461C2000F04FF80748A4
:103CC000046000E00126304608B0BDE8F081000045
:103CD0004038024040420F0018130020200200200C
:103CE00008B500BF002000901148006840F48040F3
:103CF0000F4908600846006800F48040009000BF4B
:103D000000BF00BF00200090081F006840F08050F6
:103D1000091F08600846006800F08050009000BF4E
:103D200000BF00220F21901E00F018F808BD00000F
:103D3000443802400146084600280DDB00BF00BFA2
:103D400000F01F0301229A4043099B0003F1E02386
:103D5000C3F8002100BF00BF00BF70472DE9F05F2E
:103D600080460D46164600270AF074FA0746394683
:103D70002A46334601F00700C0F1070ABAF1040FE2
:103D800002D94FF0040A01E0C0F1070AD14600F160
:103D9000040ABAF1070F02D24FF0000A01E0A0F1C5
:103DA000030AD4464FF0010A0AFA09FAAAF1010AF5
:103DB0000AEA020A0AFA0CFA4FF0010B0BFA0CFBA2
:103DC000ABF1010B0BEA030B4AEA0B042146404618
:103DD0000AF048FABDE8F09F00BF00F00702064B6A
:103DE00019684FF6FF031940044B0B4343EA0221C5
:103DF000014B196000BF70470CED00E00000FA05B0
:103E0000704702461068416200207047F0B50346D3
:103E100015461868446A21B944EA05401E68B06234
:103E200019E01868806A04EB1044002208E0186862
:103E300000F5827050F8220004EB1044501CC2B20E
:103E4000481E9042F3D844EA0547186800F582708E
:103E50004E1E40F826700020F0BD10B50446D4F880
:103E6000E00408F0B8FC10BD70B504460D4605EB43
:103E7000C50304F1140101EB8301CA682946D4F893
:103E8000E00408F0A3FB70BD70B504460D4605EBD9
:103E9000C50304F5157101EB8301CA682946D4F8FE
:103EA000E00408F017FC70BD10B50446D4F8E00437
:103EB00008F094FC10BD2DE9F04104460D4605F0D4
:103EC0008000802808D105F00F0000EBC00104F14C
:103ED000140000EB810607E005F00F0000EBC001C5
:103EE00004F5157000EB81063146206809F0BAFE32
:103EF00007463846BDE8F08170B504460E4606F028
:103F0000800080280AD106F00F0000EBC00104F108
:103F1000140000EB81050120687009E006F00F0035
:103F200000EBC00104F5157000EB810500206870FE
:103F300006F00F00287000BF94F89404012801D106
:103F4000022070BD012084F8940400BF2946206837
:103F500009F01CFA00BF002084F8940400BF00BFE1
:103F6000EFE770B504460E4606F00F00217988424F
:103F700001D9012070BD06F0800080280AD106F02A
:103F80000F0000EBC00104F1140000EB81050120DB
:103F9000687009E006F00F0000EBC00104F5157031
:103FA00000EB8105002068700020A87006F00F006B
:103FB000287000BF94F89404012801D10220D9E7A9
:103FC000012084F8940400BF2946206809F0DCFB36
:103FD00000BF002084F8940400BF00BFCAE7024677
:103FE00001F00F0000EBC00302F5157000EB830039
:103FF000406970472DE9F04705460E4690461F463A
:104000004FF0000906F0800080280AD106F00F006A
:1040100000EBC00105F1140000EB81040120607089
:1040200009E006F00F0000EBC00105F5157000EB8C
:1040300081040020607006F00F002070C4F8088032
:104040002771607808B120786083022F01D10020A9
:10405000607100BF95F89404012802D10220BDE8E8
:10406000F087012085F8940400BF2146286809F0F4
:10407000A1F800BF002085F8940400BF4846EEE791
:104080002DE9F04105460E461746984606F00F000A
:1040900000EBC00105F5157000EB8104E760C4F882
:1040A000108000206061607006F00F002070A87919
:1040B000012800D1E761AA792146286809F0F8FBB8
:1040C0000020BDE8F08170B504460D4605F00F00F4
:1040D0002179884201D9012070BD05F08000802837
:1040E0000AD105F00F0000EBC00104F1140000EB51
:1040F00081060120707007E005EBC50104F515701D
:1041000000EB8106002070700120B07005F00F00F8
:10411000307000BF94F89404012801D10220DBE73D
:10412000012084F8940400BF3146206809F073FB35
:1041300005F00F0028B9A17904F29C42206809F02B
:10414000EBFA00BF002084F8940400BF00BFC3E76F
:104150002DE9F04105460E461746984606F00F0039
:1041600000EBC00105F1140000EB8104E760C4F826
:104170001080002060610120607006F00F00207048
:10418000A879012800D1E761AA792146286809F0B9
:104190008FFB0020BDE8F0812DE9FE4F0446D4F8E6
:1041A00000B05E46206809F03FFE002874D1206808
:1041B00009F079FE08B9BDE8FE8F40F60800805985
:1041C000C0F30D20C4F8D404206809F06CFE00F0A0
:1041D0000200022805D12068406900F00200216831
:1041E0004861206809F05FFE00F01000102845D1FA
:1041F0002068806920F0100021688861DBF8209039
:1042000009F00F0000EBC00104F5157000EB810A06
:10421000C9F3434002281AD147F6F07009EA0000BA
:1042200030B3C9F30A125846DAF80C1009F040FE10
:10423000C9F30A11DAF80C000844CAF80C00C9F3F3
:104240000A11DAF814000844CAF8140010E0C9F39F
:10425000434006280CD1082204F29C41584609F03C
:1042600027FEC9F30A11DAF814000844CAF814004A
:104270002068806940F0100021688861206809F09A
:1042800012FE00F40020B0F5002F7BD1002520683D
:1042900009F0D9FD029072E0E1E2029800F001001D
:1042A000002868D0E9B2206809F0F0FD804608F0E7
:1042B000010048B1012106F5306000EB4510816036
:1042C0002946204605F0A8FC08F00800082809D176
:1042D000082106F5306000EB451081602946204634
:1042E00005F068FC08F01000102805D1102106F533
:1042F000306000EB4510816008F00200022824D1F4
:10430000DBF8140000F08000802807D140F604009C
:10431000805940F4806140F60400815105EBC501ED
:1043200004F5157000EB810A9AF80300012806D104
:1043300000208AF80300E9B2204600F09BFA02212F
:1043400006F5306000EB4510816008F02000202861
:1043500005D1202106F5306000EB4510816008F49E
:104360000050B0F5005F06D14FF4005106F5306003
:1043700000EB451081606D1C029840080290029885
:1043800000288AD1206809F08EFD00F48020B0F565
:10439000802F7DD1206809F04CFD029000259AE025
:1043A000029800F00100002873D0E9B2206809F0FB
:1043B00054FD804608F00100F0B305F00F01012024
:1043C0008840019040F634008159019821EA0000AC
:1043D00040F634018851012106F5106000EB4510CC
:1043E0008160A079012824D105EBC50104F11400F6
:1043F00000EB810005EBC502C16804F1140000EB7D
:1044000082008068014405EBC50204F1140000EB52
:104410008200C1606DB905EBC50104F1140000EB29
:104420008100006928B904F29C420121206809F04A
:1044300073F9E9B2204600E001E0FFF715FD08F04E
:104440000800082805D1082106F5106000EB45108A
:10445000816008F01000102805D1102106F51060C9
:1044600000EB4510816008F04000402805D1402154
:1044700006F5106000EB4510816008F0020002288C
:104480001DD12946584609F092FC05EBC50101E013
:1044900025E01CE004F1140000EB810A9AF8030007
:1044A000012806D100208AF80300E9B2204600F076
:1044B000D8F9022106F5106000EB4510816008F084
:1044C0008000802803D12946204605F047FC6D1C5A
:1044D000029840080290029800287FF461AF20689B
:1044E00009F0E1FC00F00040B0F1004F1CD140F6B3
:1044F0000400805920F0010140F60400815194F835
:10450000CC04012807D1002084F8CC0400212046E7
:10451000FFF776FC02E0204600F0D0FA2068406900
:1045200000F0004021684861206809F0BCFC00F4FC
:104530000060B0F5006F0ED140F60800805900F021
:10454000010010B1204600F011FB2068406900F422
:10455000006021684861206809F0A5FC00F48050E3
:10456000B0F5805F7ED140F60400805920F0010153
:1045700040F6040081511021206809F018FC002742
:1045800032E04FF67F3106F5106000EB4710816096
:1045900006F5106000EB4710006820F4001106F5E6
:1045A000106000EB471001604FF67F3106F5306078
:1045B00000EB4710816006F5306000EB47100068A3
:1045C00020F4001106F5306000EB4710016006F59D
:1045D000306000EB4710006840F0006106F5306085
:1045E00000EB471001607F1C2079B842C9D840F623
:1045F0001C00805940F0011140F61C008151E07B05
:1046000070B1D6F8840840F00B01C6F8841840F663
:104610004400805940F00B0140F6440081510FE006
:1046200040F61400805942F22B01084340F6140171
:104630008851081F805940F00B014FF401608151EF
:10464000D6F8000820F4FE60C6F80008A17904F24C
:104650009C42206809F060F82068406900F48050AE
:10466000216800E000E04861206809F01CFC00F4CB
:104670000050B0F5005F17D1206808F003FE2068F5
:1046800009F0BFFBE07100F03FFC0090E279206888
:10469000009909F08FFC204600F0F8F92068406985
:1046A00000F4005021684861206809F0FCFB00F02C
:1046B0000800082808D1204600F007FA2068406961
:1046C00000F0080021684861206809F0ECFB00F068
:1046D0008000802818D1DBF8180020F08000CBF88B
:1046E000180001250DE005EBC50104F5157000EB80
:1046F0008100C078012803D1E9B22046FFF7DBFB37
:104700006D1C2079A842EED8206809F0CCFB00F49B
:104710008010B0F5801F2DD1012522E006F5106034
:1047200000EB4510D0F8009005EBC50104F1140032
:1047300000EB81000079012812D109F00040B0F1AE
:10474000004F0DD1012105EBC50204F1140000EB6F
:104750008200C170E8B240F080012046FFF7ABFB59
:104760006D1C2079A842D9D82068406900F48010D7
:1047700021684861206809F096FB00F40010B0F54C
:10478000001F44D1012538E006F5306000EB4510EC
:10479000D0F8009005EBC50104F5157000EB810021
:1047A0000079012828D109F00040B0F1004F23D151
:1047B00009F4803094F8D41401F0010188421BD12F
:1047C000012105EBC50204F5157000EB8200C170F4
:1047D000DBF8180040F08000CBF81800DBF814007C
:1047E00000F0800040B940F60400805940F40071A8
:1047F00040F60400815103E06D1C2079A842C3D823
:1048000000BF2068406900F40010216848612068FA
:1048100009F049FB00F08040B0F1804F08D12046FC
:10482000FFF71BFB2068406900F080402168486169
:10483000206809F038FB00F0040004280FD120683C
:10484000D0F8049009F00400042802D12046FFF7B4
:104850002BFB2068406840EA09002168486000BFDF
:10486000A9E470B504460D462946D4F8E00408F0E2
:1048700021F870BD70B504460D462946D4F8E00411
:1048800008F03CF870BDF8B504460CB90120F8BD3D
:10489000266894F8950428B9002084F894042046EA
:1048A00000F0A0F8032084F89504B6F1A04F01D1E0
:1048B0000021A171206808F027FF207C8DF80000FE
:1048C00094E80F0008F0F2FC20B1022084F895046F
:1048D0000120DCE70021206809F01AFB20B102204A
:1048E00084F895040120D2E7002531E0012105EB91
:1048F000C50204F1140000EB8200417005EBC50114
:1049000004F1140000F8215005EBC50100EB810013
:104910004583002105EBC50204F1140000EB820081
:10492000017105EBC50204F1140000EB8200816007
:1049300005EBC50204F1140000EB8200C16005EB39
:10494000C50204F1140000EB82000161681CC5B2CD
:104950002079A842CADC00252AE0002105EBC50227
:1049600004F5157000EB8200417005EBC50104F5FC
:10497000157000F82150002105EBC50200EB820004
:10498000017105EBC50204F5157000EB8200816032
:1049900005EBC50204F5157000EB8200C16005EB64
:1049A000C50204F5157000EB82000161681CC5B2F8
:1049B0002079A842D1DC207C8DF8000094E80F001B
:1049C00008F0AEFD20B1022084F8950401205EE7D6
:1049D00000206074012084F89504206808F08EFDA2
:1049E000002054E710B586B00446142101A8FCF756
:1049F000E5F92068B0F1A04F42D100BF002000903F
:104A00002048006840F001001E4908600846006820
:104A100000F00100009000BF00BF4FF4C0500190B3
:104A20000220029000200390032004900A200590A9
:104A300001A91548FEF7CAFF00BF1248001D006813
:104A400040F080000F49091D086000BF0020009061
:104A50000C481430006840F480400A491431086062
:104A60000846006800F48040009000BF00BF00BF0F
:104A7000002205214320FFF771F94320FFF75AF97F
:104A800006B010BD303802400000024070B5044648
:104A90000125E07908B9002506E0E079022801D176
:104AA000012501E0FDF7CDFF2946D4F8E00407F029
:104AB000CEFFD4F8E00407F075FF70BD10B50446D2
:104AC000D4F8E00407F0A4FF10BD10B50446D4F8F4
:104AD000E00407F0A8FF10BD70B504460D4600BF06
:104AE00094F89404012801D1022070BD012084F8BB
:104AF000940400BF65742946206809F03DFA00BFA0
:104B0000002084F8940400BF00BFEEE710B504460F
:104B100004F29C41D4F8E00407F0B0FF10BD70B57A
:104B20000446256800BF94F89404012801D10220AE
:104B300070BD012084F8940400BFE86800F04000D4
:104B400030B1607B012803D1A86B40F48030A863AA
:104B5000206809F0FDF8206808F0BEFC00BF0020C6
:104B600084F8940400BF00BFE2E7000010B50446DB
:104B7000D4F8E00407F0DFFF2068D0F8000E40F022
:104B800001002168C1F8000EE07A28B103480068EE
:104B900040F006000149086010BD000010ED00E083
:104BA000F8B5044600250026207800F0010020B961
:104BB000207800F0040004282FD100205B4988668B
:104BC000FFF704F8054606E0FFF700F8401B02284F
:104BD00001D90320F8BD56480068C0F3C060002822
:104BE000F2D160688101207A41EA00705049843135
:104BF000086001204D498866FEF7E8FF054606E09B
:104C0000FEF7E4FF401B022801D90320E2E74848F1
:104C10000068C0F3C0600028F2D0207800F00200E5
:104C200002287DD100BF002000904148403000683C
:104C300040F080503E49403108600846006800F06E
:104C40008050009000BF00BF3A48006840F4807078
:104C500038490860FEF7BAFF054606E0FEF7B6FFE2
:104C6000401B022801D90320B4E73248006800F451
:104C700080700028F2D02E487030006800F4407632
:104C80004EB3A08900F44070B04224D02848703060
:104C9000006820F440760120274908600020086061
:104CA000234870300660006800F0010098B1FEF7FC
:104CB0008DFF054608E0FEF789FF401B41F2883171
:104CC000884201D9032085E7194870300068C0F395
:104CD00040000028EFD000BFA08900F44070B0F57C
:104CE000407F0CD112480830006820F4F810134AB5
:104CF000E168114008430E490831086007E00C489C
:104D00000830006820F4F8100949083108600848A4
:104D100070300068A189C1F30B010843044900E029
:104D200002E07031086000BF002053E700004742F6
:104D30000038024000700040400E4742FFFCFF0F69
:104D400070B504460D460CB9012070BD5848006886
:104D500000F00700A84209D255490D7008460068C6
:104D600000F00700A84201D00120EEE7207800F013
:104D7000020002281DD1207800F00400042805D18B
:104D80004C48006840F4E0504A490860207800F040
:104D90000800082805D14748006840F460404549AC
:104DA00008604448006820F0F000A16808434149C9
:104DB0000860207800F00100A8B36068012807D1DE
:104DC0003C4808380068C0F34040B8B90120BCE74F
:104DD0006068022802D06068032807D13548083887
:104DE0000068C0F3406048B90120AEE73148083898
:104DF0000068C0F3400008B90120A6E72D4800680C
:104E000020F00300616808432A490860FEF7DEFECF
:104E1000064609E0FEF7DAFE801B41F2883188423F
:104E200002D9032091E707E02248006800F00C0057
:104E30006168B0EB810FEDD11D48006800F00700FC
:104E4000A84209D91A490D700846006800F0070009
:104E5000A84201D0012078E7207800F0040004285F
:104E600007D11448006820F4E050E1680843114974
:104E70000860207800F00800082808D10D48006874
:104E800020F46040216940EAC1000A49086000F04E
:104E900061F808490968C1F30311074A515CC84029
:104EA0000649086006480068FEF7C0FE00204CE78F
:104EB000003C024008380240F44301082802002068
:104EC000200200200F2202600D4A126802F0030245
:104ED00042600B4A126802F0F0028260084A1268CF
:104EE00002F4E052C260064A126802F46042D2083C
:104EF0000261044A126802F007020A60704700006B
:104F000008380240003C0240014800687047000039
:104F10002802002000B5FFF7F7FF04490968C1F334
:104F20008221034A515CC84000BD0000083802409D
:104F30000444010800B5FFF7E7FF04490968C1F31D
:104F40004231034A515CC84000BD000008380240AD
:104F5000044401082DE9F047002400250026A1465D
:104F60002548006800F00C0020B1042805D008286E
:104F70003AD105E0DFF8849039E0DFF8849036E03C
:104F80001D48001F006800F03F041B48001F006818
:104F900000F4800078B11A481749091F0968C1F365
:104FA0008811A0FB01700146224600233846FBF71A
:104FB000BBFE05460EE011480F49091F0968C1F301
:104FC0008811A0FB01700146224600233846FBF7FA
:104FD000ABFE05460848001F0068C0F30140401CB6
:104FE0004600B5FBF6F902E0DFF8109000BF00BF05
:104FF0004846BDE8F0870000083802400024F4006D
:10500000001BB700F8B504460CB90120F8BD2078A4
:1050100000F00100002874D0F948006800F00C008E
:1050200004280DD0F648006800F00C00082813D1C1
:10503000F348001F006800F48000B0F5800F0BD12A
:10504000EF4808380068C0F34040002859D0606835
:10505000002856D10120D9E700BF6068B0F5803F35
:1050600008D1E7480838006840F48030E44908393E
:1050700008601EE06068B0F5A02F0DD1E048083848
:10508000006840F48020DE4908390860084600685E
:1050900040F4803008600CE0D9480838006820F4FB
:1050A0008030D749083908600846006820F480201D
:1050B000086000BF606890B1FEF788FD054606E015
:1050C000FEF784FD401B642801D903209EE7CC48ED
:1050D00008380068C0F340400028F1D011E0FEF726
:1050E00075FD054606E0FEF771FD401B642801D9F9
:1050F00003208BE7C24808380068C0F3404000280E
:10510000F1D1207800F0020002285FD1BC4800688D
:1051100000F00C0058B1BA48006800F00C000828F4
:105120001CD1B748001F006800F48000B0B9B44833
:1051300008380068C0F3400020B1E068012801D0C1
:10514000012063E7AE480838006820F0F8002169C4
:1051500040EAC100AA490839086037E0E06800B3B6
:105160000120A8490860FEF731FD054606E0FEF77C
:105170002DFD401B022801D9032047E7A04808382D
:105180000068C0F340000028F1D09D48083800684E
:1051900020F0F800216940EAC10099490839086007
:1051A00014E0002097490860FEF710FD054606E070
:1051B000FEF70CFD401B022801D9032026E790488A
:1051C00008380068C0F340000028F1D1207800F0D2
:1051D000080008282CD16069A8B101208A4908601C
:1051E000FEF7F4FC054606E0FEF7F0FC401B022843
:1051F00001D903200AE782486C300068C0F3400000
:105200000028F1D014E000207F490860FEF7DEFCA2
:10521000054606E0FEF7DAFC401B022801D9032010
:10522000F4E677486C300068C0F340000028F1D104
:10523000207800F00400042870D10027704838302E
:10524000006800F0805090B900BF002000906C48CA
:105250003830006840F080506949383108600846AD
:10526000006800F08050009000BF00BF0127674831
:10527000006800F48070B0B96448006840F4807041
:1052800062490860FEF7A2FC054606E0FEF79EFCB8
:10529000401B022801D90320B8E65C48006800F4EE
:1052A00080700028F2D000BFA068012808D15448BF
:1052B0006830006840F001005149683108601DE025
:1052C000A06805280DD14E486830006840F0040001
:1052D0004B49683108600846006840F001000860EA
:1052E0000CE047486830006820F00100444968310C
:1052F00008600846006820F00400086000BFA0684D
:10530000A8B1FEF763FC054609E0FEF75FFC401B11
:1053100041F28831884202D9032077E626E03848F6
:1053200068300068C0F340000028EED013E0FEF7BC
:105330004DFC054608E0FEF749FC401B41F2883170
:10534000884201D9032061E62D4868300068C0F327
:1053500040000028EFD1012F07D1294838300068DC
:1053600020F0805026493831086000BFA06900282D
:1053700045D02348006800F00C0008285DD0A069E3
:10538000022845D100201F490866FEF71FFC05468C
:1053900006E0FEF71BFC401B022801D9032035E67E
:1053A000174808380068C0F340600028F1D1D4E9FC
:1053B00007010843616A40EA81110122A06AC2EB39
:1053C000500041EA00412C20005D41EA00600C4998
:1053D000091F086001200B490866FEF7F7FB054628
:1053E00006E0FEF7F3FB401B022801D903200DE67F
:1053F000034808380068C0F340600028F1D049E055
:105400000838024000004742800E474200700040CA
:10541000002021490866FEF7D9FB054606E0FEF7A5
:10542000D5FB401B022801D90320EFE51B4800688B
:10543000C0F340600028F2D12CE0A069012800D11F
:10544000E4E51648001D0668A069012820D006F48E
:105450008001E06981421BD106F03F01206A814250
:1054600016D147F6C0703040616AB0EB811F0FD192
:1054700006F440310122A06AC2EB5000B1EB004FAC
:1054800006D106F070612C20005DB1EB006F01D0F9
:105490000120BBE50020B9E500004742003802408A
:1054A00070B5044601250CB9012070BD607F20B99C
:1054B00000202077204600F04DF802206077206819
:1054C000C068C0F3001000283CD100BFCA2021688A
:1054D000486253202168486200BF204605F038F832
:1054E0000546EDB920688068194908402168886040
:1054F0002169606808436169084321688968084335
:10550000216888602168E068086120680169208955
:1055100041EA004021680861204605F03EF8054652
:105520005DB92068006C20F4802021680864206840
:10553000006CA16908432168086400BFFF2021684E
:10554000486200E000250DB9012060772846ACE7ED
:10555000BFFF8FFF1FB5044600200090019002900E
:1055600003900949206888420CD102200090074826
:1055700003906846FFF714FB08B1FDF762FA0120BB
:10558000034908601FBD00000028004000031E0002
:105590003C0E474270B5044600250B482168C860A0
:1055A000FEF714FB054607E0FEF710FB401BB0F5C5
:1055B0007A7F01D9032070BD2068C06800F0200008
:1055C0000028F1D00020F6E75F7F010010B5044607
:1055D0000CB9012010BD606A38B96068B0F5827FEF
:1055E00000D105E00021E16102E00021216161615B
:1055F0000021A16294F8510028B9002084F85000DD
:10560000204600F047F8022084F851002068006826
:1056100020F0400021680860A08800F48270218991
:1056200001F404410843A18901F400610843217C8D
:1056300001F002010843217D01F001010843218BA3
:1056400001F400710843217F01F038010843202153
:10565000095D01F080010843218D01F400510843E8
:10566000216808600421A06901EA104094F8241020
:1056700001F010010843216848602068C06920F4E7
:1056800000602168C86100206065012084F8510035
:1056900000209FE710B586B00446142101A8FBF74F
:1056A0008DFB4B49206888427ED100BF00200090CE
:1056B0004848006840F48050464908600846006841
:1056C00000F48050009000BF00BF00BF0020009099
:1056D00040481438006840F002003E491439086020
:1056E0000846006800F00200009000BF00BF00BF45
:1056F000002000900846006840F00100086008465D
:10570000006800F00100009000BF00BF1820019069
:1057100002200290012003900320049005200590B0
:1057200001A92D48FEF752F9802001900220029035
:1057300001200390032004900520059001A927482B
:10574000FEF744F92648274908604FF0C0604860DA
:10575000002124488160C1604FF480610161002113
:1057600041618161C1614FF44031016200214162B8
:10577000FEF748F808B1FDF764F900BF1948E06486
:10578000846300BF16481830174908604FF0C060A6
:1057900048604021144881600021C1604FF480615D
:1057A00001610021416100E010E08161C1614FF4BD
:1057B0000031016200214162FEF724F808B1FDF7D3
:1057C00040F900BF0848A064846300BF06B010BD64
:1057D0000030014044380240000402400000024012
:1057E00040640240100F0020700F00202DE9FF5F81
:1057F0000446884691461D460E9E012002900020D8
:10580000019000BF94F85000012803D1022004B099
:10581000BDE8F09F012084F8500000BFFEF7D6F9E4
:10582000074694F851B060680390AA46BBF1010F97
:105830000BD00398B0F5827F04D1A06810B9BBF1FA
:10584000040F02D002200190E9E0B8F1000F03D06C
:10585000B9F1000F00D015B901200190DFE094F8F4
:105860005100042802D0052084F851000020606512
:10587000C4F83890E587A587C4F83080E586A5860A
:10588000206460642068006800F04000402805D073
:105890002068006840F0400021680860E068B0F5CA
:1058A000006F4DD1606810B1BAF1010F09D1206BC2
:1058B00000882168C860206B801C2063E08E401E39
:1058C000E08636E02068806800F00200022810D1EF
:1058D000E08E70B1029801280BD1206B00882168FE
:1058E000C860206B801C2063E08E401EE086002094
:1058F00002902068806800F0010068B1E08F58B124
:105900002068C068A16B0880A06B801CA063E08F3A
:10591000401EE08701200290FEF758F9C01BB042FC
:1059200007D3701C28B103200190012084F8510096
:1059300075E0E08E0028C5D1E08F0028C2D14DE08F
:10594000606810B1BAF1010F09D1206B00782168AD
:105950000873206B401C2063E08E401EE08637E019
:105960002068806800F00200022810D1E08E70B13B
:10597000029801280BD1206B007821680873206BF6
:10598000401C2063E08E401EE086002002902068CC
:10599000806800F0010068B1E08F58B12068C068ED
:1059A000A16B0870A06B401CA063E08F401EE087D5
:1059B00001200290FEF70AF9C01BB04201D3701C0F
:1059C00000B92EB903200190012084F8510026E08F
:1059D000E08E0028C4D1E08F0028C1D13A4631467C
:1059E000204604F029FE20B10120019020206065AE
:1059F00015E0A06850B900BF002000902068C06882
:105A0000009020688068009000BF00BF606D10B1FA
:105A10000120019002E0012084F8510000BF00BF86
:105A2000002084F8500000BF0198F0E670477047EE
:105A300010B50346002200BF93F83C00012801D1B5
:105A4000022010BD012083F83C0000BF22F0FF00BF
:105A5000CC6840EA040222F440708C6840EA0402F8
:105A600022F480604C6840EA040222F400600C6872
:105A700040EA040222F480500C6940EA040222F455
:105A800000504C6940EA040222F48040CC6940EAAC
:105A900004021868426400BF002083F83C0000BF85
:105AA00000BFCEE730B502460B4600BF92F83C007F
:105AB000012801D1022030BD012082F83C0000BF46
:105AC000022082F83D00106844681068816824F064
:105AD00070041868044310684460184D1068A842A8
:105AE0001BD01068B0F1804F17D0154D1068A84238
:105AF00013D0144D1068A8420FD0134D1068A8425F
:105B00000BD0124D1068A84207D0114D1068A84262
:105B100003D0104D1068A84205D121F080015868CB
:105B2000014310688160012082F83D0000BF002021
:105B300082F83C0000BF00BFBDE70000000001404C
:105B40000004004000080040000C00400004014038
:105B5000004001400018004010B504460CB9012077
:105B600010BD94F83D0028B9002084F83C00204680
:105B700000F026F8022084F83D00211D206804F082
:105B800053FF012084F8460000BF84F83E00012145
:105B90003F200155402001554120015500BF00BF65
:105BA000012084F84200432001554420015545203E
:105BB000015500BF012084F83D000020D0E700001F
:105BC00008B50A4A016891420FD100BF0021009137
:105BD0000749096841F40031054A11601146096816
:105BE00001F40031009100BF00BF08BD0044014036
:105BF00044380240014691F83D00012801D00120BF
:105C00007047022081F83D000868C06840F001003C
:105C10000B68D8601A4B086898421BD00868B0F12E
:105C2000804F17D0174B0868984213D0164B08685E
:105C300098420FD0154B086898420BD0144B086857
:105C4000984207D0134B0868984203D0124B08685B
:105C500098420CD10868806800F00702062A0CD030
:105C60000868006840F001000B68186005E00868EB
:105C7000006840F001000B6818600020C0E70000D9
:105C8000000001400004004000080040000C0040FB
:105C9000000401400040014000180040704770B50A
:105CA00004462068C5682068066906F002000228DC
:105CB00019D105F00200022815D1401F21680861A2
:105CC000012020772068806900F0030018B1204689
:105CD000FFF7E4FF05E0204600F0F0F8204600F072
:105CE000BDF90020207706F00400042819D105F042
:105CF0000400042815D1C0432168086102202077E0
:105D00002068806900F4407018B12046FFF7C6FF94
:105D100005E0204600F0D2F8204600F09FF9002070
:105D2000207706F00800082819D105F00800082897
:105D300015D1C04321680861042020772068C0691C
:105D400000F0030018B12046FFF7A8FF05E0204649
:105D500000F0B4F8204600F081F90020207706F02A
:105D60001000102819D105F01000102815D1C043DB
:105D700021680861082020772068C06900F440701D
:105D800018B12046FFF78AFF05E0204600F096F89C
:105D9000204600F063F90020207706F0010048B1AA
:105DA00005F0010030B16FF0010021680861204664
:105DB00000F0DCF906F08000802809D105F08000B1
:105DC000802805D1C043216808612046FFF72EFED8
:105DD00006F04000402809D105F04000402805D1D8
:105DE000C04321680861204600F0C9F906F0200090
:105DF000202809D105F02000202805D1C0432168C2
:105E000008612046FFF713FE70BD000010B586B094
:105E10000446142101A8FAF7D1FF234920688842DB
:105E20001ED100BF002000902048006840F0100004
:105E30001E4908600846006800F01000009000BF8E
:105E400000BF4FF4206001900220029000200390D8
:105E500004900120059001A91548FDF7B7FD20E049
:105E60001449206888421CD100BF002000900F48D0
:105E7000006840F020000D4908600846006800F006
:105E80002000009000BF00BF40200190022002903F
:105E90000020039004900320059001A90648FDF717
:105EA00095FD06B010BD00000000014030380240F2
:105EB00000100240004401400014024070472DE9E8
:105EC000F04104460D461646002700BF94F83C00FA
:105ED000012802D10220BDE8F081012084F83C00B5
:105EE00000BF36B1042E1BD0082E31D00C2E5ED14F
:105EF00045E02946206804F01DFE2068806940F0D6
:105F00000800216888612068806920F00400216809
:105F1000886120688069296908432168886148E0B0
:105F20002946206804F03EFE2068806940F4006045
:105F3000216888612068806920F480602168886118
:105F400020688069296940EA01202168886130E081
:105F50002946206804F064FE2068C06940F008000B
:105F60002168C8612068C06920F004002168C86108
:105F70002068C069296908432168C86119E0294679
:105F8000206804F089FE2068C06940F40060216840
:105F9000C8612068C06920F480602168C8612068F9
:105FA000C069296940EA01202168C86101E0012730
:105FB00000BF00BF00BF002084F83C0000BF38468F
:105FC00089E710B504460CB9012010BD94F83D00D6
:105FD00028B9002084F83C00204600F025F8022073
:105FE00084F83D00211D206804F01EFD012084F886
:105FF000460000BF84F83E0001213F2001554020AB
:1060000001554120015500BF00BF012084F8420026
:1060100043200155442001554520015500BF012072
:1060200084F83D000020D0E708B50A4A0168914293
:106030000FD100BF002100910749096841F001011B
:10604000054A11601146096801F00101009100BF85
:1060500000BF08BD00000140443802407047000006
:1060600070B504460D4615B994F83E000BE0042DBA
:1060700002D13F20005D06E0082D02D14020005DE6
:1060800001E04120005D012801D0012070BD1DB953
:10609000022084F83E000EE0042D03D102213F20AF
:1060A000015508E0082D03D102214020015502E0EE
:1060B00002214120015501222946206804F028FDD3
:1060C00023492068884203D022492068884201D1B0
:1060D000012000E0002028B12068406C40F400401E
:1060E000216848641A49206888421BD02068B0F1B2
:1060F000804F17D018492068884213D0174920686C
:1061000088420FD01649206888420BD01149206878
:10611000884207D013492068884203D0124920687A
:1061200088420CD12068806800F00706062E0CD04B
:106130002068006840F001002168086005E02068E0
:10614000006840F001002168086000209EE7000020
:10615000000001400004014000040040000800402D
:10616000000C0040004001400018004010B50446FB
:106170002068B0F1804F01D1FDF72EFD10BD7047B2
:10618000704710B5044600BF00BF21680C3151E8CC
:10619000001F21F4907021680C3141E80002002AB0
:1061A000F3D100BF00BF00BF2168143151E8001FC8
:1061B00021F001002168143141E80002002AF3D1E6
:1061C00000BF206B01280ED100BF00BF21680C3139
:1061D00051E8001F21F0100021680C3141E8000255
:1061E000002AF3D100BF2068406900F04000402839
:1061F00020D100BF00BF2168143151E8001F21F0F9
:1062000040002168143141E80002002AF3D100BFA8
:10621000E06B78B10020E16B0865E06BFDF765F994
:1062200040B1E06BFDF7CBF9202803D1102060646A
:10623000032010BD0020E085202084F842000020CB
:10624000206300BFF5E770472DE9F84F044620684A
:1062500005682068C668206847694FF00009CA468B
:1062600005F00F09B9F1000F0AD105F0200038B18F
:1062700006F0200020B1204604F0E8FEBDE8F88FCB
:10628000B9F1000F7CD007F0010018B906F4907046
:10629000002875D005F0010030B106F4807018B107
:1062A000606C40F00100606405F0040030B107F05C
:1062B000010018B1606C40F00200606405F002005B
:1062C00030B107F0010018B1606C40F00400606468
:1062D00005F0080048B106F0200010B907F00100F1
:1062E00018B1606C40F008006064606C002846D013
:1062F00005F0200028B106F0200010B1204604F07F
:10630000A5FE20684069C0F3801A606C00F00800A8
:1063100010B9BAF1000F2DD0204604F03EFE2068DF
:10632000406900F04000402820D100BF00BF216834
:10633000143151E8001F21F040002168143141E878
:106340000002002AF3D100BFE06B50B17748E16B47
:106350000865E06BFDF71FF988B1E06B016D8847B8
:106360000DE02046FFF76FFF09E009E02046FFF748
:106370006AFF04E02046FFF766FF002060647DE7C7
:10638000206B012878D105F01000002874D006F0A9
:1063900010000028FAD000BF00200090206800689C
:1063A000009020684068009000BF00BF20684069EE
:1063B00000F04000402860D1E06B006840681FFAA0
:1063C00080F8B8F1000F56D0A08D404553DDA4F8F9
:1063D0002E80E06BC069B0F5807F43D000BF00BF66
:1063E00021680C3151E8001F21F4807021680C31C4
:1063F00041E80002002AF3D100BF00BF00BF2168BE
:10640000143151E8001F21F001002168143141E8E6
:106410000002002AF3D100BF00BF00BF2168143181
:1064200051E8001F21F040002168143141E80002CA
:10643000002AF3D100BF202084F84200002020630E
:1064400000BF00BF21680C3151E8001F21F010008F
:1064500021680C3141E80002002AF3D100BFE06B53
:10646000FDF743F802206063A08DE28D801A81B2AF
:106470002046FFF785FE01E742E0A08DE18D401A3E
:106480001FFA80F8E08DD0B3B8F1000F37D000BF0D
:1064900000BF21680C3151E8001F21F49070216881
:1064A0000C3141E80002002AF3D100BF00BF00BF59
:1064B0002168143151E8001F21F0010021681431D6
:1064C00041E80002002AF3D100BF202084F84200F6
:1064D0000020206300BF00BF21680C3151E8001F7D
:1064E00021F0100021680C3141E80002002AF3D1AC
:1064F00000BF0220606341462046FFF741FEBDE633
:1065000005F0800030B106F0800018B1204604F09C
:1065100095FFB3E605F0400030B106F0400018B139
:10652000204604F070FDA9E600BFA7E6F9AD00081B
:1065300010B504460CB9012010BDA06900B100E0FF
:1065400000BF94F8410028B9002084F8400020469C
:1065500000F02AF8242084F841002068C06820F464
:1065600000502168C860204604F0EEFD20680069F4
:1065700020F49040216808612068406920F02A00DA
:10658000216848612068C06840F400502168C860F4
:1065900000206064202084F8410084F8420000203C
:1065A000606300BFC8E7000010B586B00446142140
:1065B00001A8FAF703FCC049206888427ED100BFD9
:1065C00000200090BD48006840F01000BB49086002
:1065D0000846006800F01000009000BF00BF00BF38
:1065E00000200090B5481438006840F00200B3491C
:1065F000143908600846006800F00200009000BFEF
:1066000000BF00BF002000900846006840F0010075
:1066100008600846006800F00100009000BF00BF5D
:10662000802001900220029000200390032004901B
:106630000720059001A9A248FDF7C8F94FF40070A2
:106640000190022002900020039003200490072074
:10665000059001A99B48FDF7B9F99B489B49086043
:106660004FF000604860002198488160C1604FF49D
:1066700080610161002141618161C1614FF400319C
:10668000016200214162FDF7BDF808B1FCF7D9F9BC
:1066900000BF8E48E063846300BF8B4830308C4974
:1066A00008604FF000604860402189488160002107
:1066B000C1604FF480610161002100E01AE0416196
:1066C0008161C1614FF48031016200214162FDF7B7
:1066D00099F808B1FCF7B5F900BF7D48A063846361
:1066E00000BF002205212520FDF738FB2520FDF7FE
:1066F00021FBDEE07749206888425BD100BF0020A3
:1067000000906E48001F006840F480206B49091F0C
:1067100008600846006800F48020009000BF00BFB9
:1067200000BF0020009065481438006840F0040065
:106730006249143908600846006800F004000090BF
:1067400000BF00BF4FF44060019002200290002083
:106750000390032004900720059001A95E48FDF7EF
:1067600035F95E485E4908604FF0006048600021DE
:106770005B488160C1604FF480610161002141612B
:1067800081614FF48071C161002101624162FDF7B6
:1067900039F808B1FCF755F900BF5148E06384634C
:1067A00000BF002205212720FDF7D8FA2720FDF79A
:1067B000C1FA7EE04B49206888427AD100BF0020B0
:1067C00000903E48006840F020003C4908600846C0
:1067D000006800F02000009000BF00BF00BF002054
:1067E000009036481438006840F0400033491439AE
:1067F00008600846006800F04000009000BF00BF3D
:106800004FF4844001900220029000200390032066
:1068100004900820059001A93348FDF7D7F82A48CD
:106820006038324908608005486000212F48816047
:10683000C1604FF480610161002141618161C161EA
:106840004FF40031016200214162FCF7DBFF08B127
:10685000FCF7F7F800BF2548E063846300BF1A48DF
:106860001830234908604FF02060486040212048DC
:1068700081600021C1604FF48061016100214161AC
:106880008161C1614FF40031016200214162FCF776
:10689000B9FF08B1FCF7D5F800BF1548A0638463C1
:1068A00000BF002207214720FDF758FA4720FDF7D7
:1068B00041FA06B010BD000000100140443802400B
:1068C00000040240000002408864024038110020A9
:1068D0009811002000480040000802402860024053
:1068E000F811002000140140001802405812002046
:1068F000B812002070B504460D46164694F84200C2
:1069000020280BD105B10EB9012070BD00202063F5
:1069100032462946204604F02DFDF6E70220F4E732
:1069200070477047F7B50446154694F84100202893
:1069300036D1019800B10DB90120FEBD0198206249
:10694000A584E58400206064212084F84100154876
:10695000A16BC8631448A16B08641448A16BC86498
:106960000020A16B086501AE23681A1D31682B4613
:10697000A06BFCF7BDFF6FF040002168086000BF0E
:1069800000BF2168143151E8001F41F080002168E8
:10699000143141E80002002AF3D100BF0020CCE707
:1069A0000220CAE735AF00088DAF00080DAE000821
:1069B0007047704770B5044600202074A37B484D93
:1069C0002D8803FB05F26168D4F8F400FAF7DDF9CD
:1069D000A27B434B1B8802FB03F16068FAF7EEF9D8
:1069E000A27B3F4B1B885A43A37B02FB03F1D4F8E5
:1069F0001801FAF7E3F9227B394B1B885A43A37B32
:106A000002FB03F1D4F80C01FAF7D8F9002031E0C9
:106A1000D4F8F41001EB800191ED000AB5EEC00A44
:106A2000F1EE10FA24D0D4F8F41001EB800191EDCE
:106A3000000A227CD4F8F41001EB820181ED000AF7
:106A4000227C616A8854A16901EB800191ED000A02
:106A50006169095C227B237C12FB0311491ED4F877
:106A60000C2102EB810181ED000A217C491C21747B
:106A7000411CC8B2A17B8142CADC002011E0626ADD
:106A8000125CE16901EB820191ED000A227C00FBBE
:106A90000202D4F8181101EB820181ED000A411CB9
:106AA000C8B2217C8142EADC207CA4F87800217BFA
:106AB0007A200153207BA4F88000217C822001539E
:106AC000207CA4F89000217C92200153207BA4F824
:106AD0009800217C9A200153207CA4F8480070BDC6
:106AE0002203002000BFFEE770B52DED088B86B0B5
:106AF00004460D46164694ED040ACA48D0ED000A35
:106B000030EE600AB0EEC00ADFEDC70AB4EEE00A6C
:106B1000F1EE10FA22DC94ED050AC448D0ED000A2B
:106B200030EE600AB0EEC00ADFEDBF0AB4EEE00A54
:106B3000F1EE10FA12DC94ED060ABD48D0ED000A21
:106B400030EE600AB0EEC00ADFEDB70AB4EEE00A3C
:106B5000F1EE10FA02DC207800287DD094ED040AD2
:106B6000DFEDB40A80EE201AB0EE41BAB0EE4B0A67
:106B7000F9F788FBF0EE408A94ED050ADFEDAD0AE7
:106B800080EE201AB0EE41BAB0EE4B0AF9F77AFB6C
:106B9000F0EE40AA94ED060ADFEDA60A80EE201A78
:106BA000B0EE41BAB0EE4B0AF9F76CFBB0EE409A8A
:106BB00094ED040ADFED9F0A80EE201AB0EE41BA90
:106BC000B0EE4B0AF9F79AFBB0EE40AA94ED050A35
:106BD000DFED980A80EE201AB0EE41BAB0EE4B0A13
:106BE000F9F78CFBF0EE409A94ED060ADFED910A7E
:106BF00080EE201AB0EE41BAB0EE4B0AF9F77EFBF8
:106C0000B0EE408A68EE890A2AEE291AB0EE480AE8
:106C100041EE000A8848C0ED000A2AEE8A0A874839
:106C200080ED000AB0EE480A28EE800A69EE0A0AF2
:106C300000EEE90A824880ED000A68EEA90AB0EE8B
:106C4000480A20EE800A09EE4A0A7E4880ED000AD2
:106C500028EEAA0A7C4800E021E080ED000AF1EE6F
:106C60004A0AB0EE480A20EE800A68EE890A00EE71
:106C7000E90A764880ED000AF1EE6A0AB0EE480AA9
:106C800020EE800A724880ED000A7248C0ED009A3A
:106C90002AEE890A704880ED000A0020207000204A
:106CA00011E005EB800191ED000A211D01EB80014F
:106CB000D1ED000A20EE200A03A901EB800181ED4D
:106CC000000A411CC8B20328EBDB9DED030A5A48B9
:106CD000D0ED000A20EE200ADDED040A574890EDC1
:106CE000001A01EE200ADDED050A554890ED001A64
:106CF00001EE200A85ED000A9DED030A5148D0ED12
:106D0000000A20EE200ADDED040A4F4890ED001A3B
:106D100001EE200ADDED050A4C4890ED001A01EE67
:106D2000200A85ED010A9DED030A4948D0ED000ACD
:106D300020EE200ADDED040A464890ED001A01EE2F
:106D4000200ADDED050A444890ED001A01EE200A04
:106D500085ED020A00200AE006EB800191ED000AB1
:106D6000694601EB800181ED000A411CC8B203288D
:106D7000F2DB9DED000A3048D0ED000A20EE200A3B
:106D8000DDED010A2D4890ED001A01EE200ADDED3F
:106D9000020A2B4890ED001A01EE200A86ED000A47
:106DA0009DED000A2748D0ED000A20EE200ADDED17
:106DB000010A254890ED001A01EE200ADDED020AD5
:106DC000224890ED001A01EE200A86ED010A9DEDA1
:106DD000000A1F48D0ED000A20EE200ADDED010A6E
:106DE0001C4890ED001A01EE200ADDED020A1A4857
:106DF00090ED001A01EE200A86ED020A94ED040AD5
:106E0000084880ED000A94ED050A084880ED000A64
:106E100094ED060A064880ED000A06B0BDEC088B2A
:106E200070BD0000400700206F12833A4407002025
:106E300048070020E12E65424C0700205007002043
:106E400054070020580700205C070020600700203E
:106E500064070020680700206C07002010B5044676
:106E600054F8EC0F90ED000A834880ED000A20688A
:106E700090ED010A814880ED000A206890ED020A39
:106E80007F4880ED000A54F8EC0990ED030A7D4834
:106E900080ED000A7848D0ED000A60EEA00A77483D
:106EA00090ED001AD0ED001A41EE210A744890EDE1
:106EB000001AD0ED001A41EE210A724890ED001A36
:106EC000D0ED001A41EE210AB0EE600A0AF068F82F
:106ED0006D4880ED000A002012E0D4F8EC1001EBC0
:106EE000800191ED000A6849D1ED000A20EE200AE8
:106EF000D4F8EC1001EB800181ED000A411CC8B20E
:106F00000428EADB614890ED6F0A5C48D0ED000A86
:106F100020EE200AF0EE000A80EE201AF834A06875
:106F200080ED041A594890ED6F0A5548D0ED000ADB
:106F300020EE200AF0EE000A80EE201AA06880ED14
:106F4000051A524890ED6F0A4B48D0ED000AF1EE59
:106F5000600A20EE200AF0EE000A80EE201AA068F7
:106F600080ED0A1A494890ED6F0A4648D0ED000AB4
:106F700020EE200AF0EE000A80EE201AA06880EDD4
:106F80000B1A424890ED6F0A3E48D0ED000AF1EE30
:106F9000600A20EE200AF0EE000A80EE201AA068B7
:106FA00080ED101A394890ED6F0A3348D0ED000A91
:106FB000F1EE600A20EE200AF0EE000A80EE201AC0
:106FC000A06880ED111A314890ED6F0A2C48D0ED81
:106FD000000A20EE200AF0EE000A80EE201AA068D7
:106FE00080ED161A294890ED6F0A2448D0ED000A6A
:106FF000F1EE600A20EE200AF0EE000A80EE201A80
:10700000A06880ED171A206890ED1C0A1F48D0ED8B
:10701000740A80EE201A206880ED1C1A206890ED1A
:10702000230A1A48D0ED740A80EE201A206880EDF9
:10703000231A54F8F80990ED1C0ADFED150AB4EE96
:10704000E00AF1EE10FA05DD9FED110AD4F8F80020
:1070500080ED1C0AD4F8F80090ED230ADFED0C0A4D
:10706000B4EEE00AF1EE10FA05DD9FED090AD4F85E
:10707000F80080ED230A10BD9C060020A006002029
:10708000A4060020A8060020AC06002040730020C3
:1070900000401C4610B52DED068BF0EE408AB0EE98
:1070A00060AAB0EE419AB0EE618AF0EE429A0120F9
:1070B0003A4908700846C0ED6C8A80ED6DAA80EDF3
:1070C0006E9A9FED370A80ED730A002081F838012F
:1070D0000A46C2F84001C2F844010021C2F8481132
:1070E000C2F84C11B7EE000AB4EEC08AF1EE10FA05
:1070F00003DDB7EE000AB0EE408A284880ED748ABE
:10710000C0ED649A032300220621001D01F08EFACF
:10711000244B01221146A3F10800F9F7BDF9B7EE9F
:10712000000A1E48D0F8EC0080ED000A9FED1E0A10
:107130001A48D0F8EC0080ED010A9FED1B0A1748B1
:10714000D0F8EC0080ED020A9FED170A1348D0F842
:10715000EC0080ED030A15491048C0F8D01014491E
:10716000C0F8D4101349C0F8D8101349C0F8DC1087
:10717000012180F82E1080F82F1001469022D1F8BE
:1071800004010E49F9F701FE04499022D1F8FC00F0
:107190000B49F9F7FAFDBDEC068B10BD40730020DA
:1071A00077CC2B320875002000000000C571000864
:1071B0005D6E0008F9710008557900080C4401085B
:1071C000FC05002010B5044654F8F81F902207482B
:1071D000F9F7DBFD48220648616AF9F7D6FD6169D7
:1071E000F83C48220348F9F7D0FD10BDFC0500200B
:1071F000207500206875002010B5044654F8EC0F87
:1072000090ED000AF0EE000A20EE200A3F4880EDE3
:10721000000A206890ED010AF0EE000A20EE200A34
:107220003B4880ED000A206890ED020AF0EE000A6B
:1072300020EE200A374880ED000A206890ED030A0E
:10724000F0EE000A20EE200A334880ED000A14F820
:10725000DE2C324B1B885A4314F8E03C02FB03F14E
:10726000206AF9F7ABFD2B4890ED000AB1EE400A19
:10727000206A80ED000A284890ED000A206A80ED1F
:10728000010A224890ED000AB1EE400A206A80ED22
:10729000020A1F4890ED000A206A80ED030A1C488C
:1072A00090ED000A206A80ED060A184890ED000A69
:1072B000206A80ED070A184890ED000A206A80EDE8
:1072C000080A144890ED000A206A80ED090A0F4868
:1072D00090ED000A206A80ED0C0A0D4890ED000A3E
:1072E000B1EE400A206A80ED0D0A0A4890ED000ACE
:1072F000B1EE400A206A80ED0E0A074890ED000AC0
:10730000206AEC3C80ED0F0A10BD0000B0060020A2
:10731000B4060020B8060020BC060020220300208E
:1073200010B52DED088BB0EE40AAF0EE60AAB0EEDD
:1073300041BAF0EE618AB0EE429AF0EE629AB0EE97
:10734000438AFE48007858B99FEDFD2AF7EE001AEF
:107350009FEDFC1ADFEDFC0AB2EE040AFFF79AFE7D
:10736000F64880ED6F8A90ED580A3AEE400A80EDBB
:107370005B0A90ED590A3AEEC00A80ED5C0A90ED86
:107380005A0A3BEE400A80ED5D0A90ED5B0AF6EE8C
:10739000000A20EE200A20EE080AEC4880ED000AE0
:1073A000E64890ED5C0AF6EE000A20EE200A20EE98
:1073B000080AE74880ED000AE04890ED5D0AF6EE25
:1073C000000A20EE200A20EE080AE24880ED000ABA
:1073D000DA499022D1F80401DF49F9F7D6FCDB48FD
:1073E00090ED000AB1EE400AD448D0F8040180EDD7
:1073F000010AD74890ED000AB1EE400ACF48D0F814
:10740000040180ED020AD34890ED000AB1EE400A73
:10741000CA48D0F8040180ED030ACC4890ED000A78
:10742000C648D0F8040180ED060ACA4890ED000A6B
:10743000C248D0F8040180ED080AC54890ED000A62
:10744000B1EE400ABD48D0F8040180ED090AC048F9
:1074500090ED000AB948D0F8040180ED0C0ABD484F
:1074600090ED000AB1EE400AB448D0F8040180ED76
:107470000D0AB64890ED000AB048D0F8040180ED3E
:107480000F0AB44890ED000AAC48D0F8040180ED32
:10749000120AAF4890ED000AA848D0F8040180ED28
:1074A000130AAA4890ED000AB1EE400AA348D0F8AA
:1074B000040180ED140AA148D0F84811D0F84C011D
:1074C000002359405840014306D19C48C0ED5E8AD4
:1074D00080ED5F9AC0ED609A984890ED5E0AD0ED1D
:1074E000640A60EE200A90ED6F0A90ED641A30EEA7
:1074F000011A80EE810AD0ED6F0A90ED641A70EEE9
:10750000810A90ED6F1A21EE281AC1EE201A30EE92
:10751000210A80ED5E0A90ED5F0AD0ED640A60EE0C
:10752000200A90ED6F0A90ED641A30EE011A80EE99
:10753000810AD0ED6F0A90ED641A70EE810A90ED29
:107540006F1A21EE091AC1EE201A30EE210A80EDE1
:107550005F0A90ED600AD0ED640A60EE200A90EDBB
:107560006F0A90ED641A30EE011A80EE810AD0EDB8
:107570006F0A90ED641A70EE810A90ED6F1A21EE99
:10758000291AC1EE201A30EE210A80ED600AD0EDF2
:107590005E0A60EEA00A90ED5F1AD0ED5F1A41EE30
:1075A000210A90ED601AD0ED601A41EE210AB0EE8A
:1075B000600A09F0F5FC694880ED000A002011E03E
:1075C000674901EB800191ED000A6449D1ED000AA1
:1075D00020EE200A5949896801EB800181ED000AFB
:1075E000411CC8B20328EBDB5448D0ED5B0A60EEC7
:1075F000A00A90ED5C1AD0ED5C1A41EE210A90EDE4
:107600005D1AD0ED5D1A41EE210AB0EE600A09F074
:10761000C7FCF7EE000A80EE801A484880ED651A34
:107620004E4890ED000AF7EE000A80EE801A4348BB
:1076300080ED661A90ED650ADFED4A0AB4EEE00AC5
:10764000F1EE10FA16D290ED660ADFED470AB4EEBD
:10765000E00AF1EE10FA0DDD90ED660ADFED430A67
:10766000B4EEE00AF1EE10FA04D20120334981F8B9
:10767000390103E00020314981F839012F4890EDAC
:107680006C0AD0ED6F0A20EE200AD0F8180180EDC8
:10769000000A2A4890ED6C0AD0ED6F0A20EE200A0D
:1076A000D0F8180180ED070A244890ED6C0AD0ED5F
:1076B0006F0A20EE200AD0F8180180ED0E0A1F484C
:1076C00090ED6C0AD0ED6F0A20EE200AD0F8180178
:1076D00080ED150A194890ED6D0AD0ED6F0A20EE85
:1076E000200AD0F8180180ED1C0A144890ED6D0AAC
:1076F000D0ED6F0A20EE200AD0F8180180ED230AA1
:107700000E4890ED6E0AD0F81C0180ED000A0B487F
:1077100090ED6E0AD0F81C0180ED040A074890ED48
:107720006E0AD0F81C0180ED080A0448001D01F023
:10773000FDFB0248406890ED000A19E0407300200C
:10774000000000008096184B6F12833A8C060020D0
:1077500090060020940600200C44010898060020A2
:10776000B87400209A99993ECDCC1441CDCC2441D7
:10777000734880ED540A406890ED010A704880ED2E
:10778000550A406890ED020A6D4880ED560A40683F
:1077900090ED030A6A4880ED570A406890ED040AAC
:1077A000674880ED580A406890ED050A644880ED0E
:1077B000590A1FED1D0A80ED5A0A90ED541A21EE68
:1077C000011AD0ED551A90ED552A01EE821AF7EE06
:1077D000001AB0EE002A52EE011AF0EE610A90EDA6
:1077E000541AD0ED571A21EE211AD0ED551A90ED0A
:1077F000562A01EE821AF0EE001A21EE211AB0EE9E
:10780000410A06F069FEDFED4F0A20EE200A4C48DF
:1078100080ED6A0A90ED541A21EE011AD0ED571A44
:1078200090ED572A01EE821AF7EE001AB0EE002A08
:1078300052EE011AF0EE610A90ED541AD0ED551A8D
:1078400021EE211AD0ED561A90ED572A01EE821A38
:10785000F0EE001A21EE211AB0EE410A06F03CFECD
:10786000DFED380A20EE200A354880ED690AD0EDB8
:10787000550A90ED571A60EE810A90ED541AD0ED3A
:10788000561A41EE610AB8EE001A60EE810AB0EEB7
:10789000600A06F08BFDDFED2B0A20EE200A284857
:1078A00080ED680A90ED6A0AD0ED760A30EE600A43
:1078B000DFED250AB4EEE00AF1EE10FA07DDB0F8CC
:1078C000D401401E00B21E49A1F8D40114E01C48A6
:1078D00090ED6A0AD0ED760A30EE600ADFED1B0A01
:1078E000B4EEE00AF1EE10FA06D2B0F8D401401C72
:1078F00000B21349A1F8D401114890ED6A0AB0F919
:10790000D40100EE900AF8EEE00A9FED111A01EEA4
:10791000200A0B4880ED6B0A90ED6A0A80ED760A2A
:10792000D0F84821D0F84C01521C40F10000044925
:10793000C1F84821C1F84C01BDEC088B10BD000016
:1079400040730020E12E654200003443000034C340
:107950000000B44370B52DED028B044604F18001A4
:1079600004F17800F9F756F984F8C800B4F8780003
:10797000A4F8A8005A20015BAA20015304F1A80230
:1079800004F1580104F17800F9F722F884F8C800EE
:10799000B4F8A800A4F8B0008220015BB220015323
:1079A00004F1B00204F1800104F1A800F9F710F825
:1079B00084F8C800B4F89000A4F8A0009220015BFD
:1079C000A220015304F1A00204F1900104F1B000DF
:1079D000F8F7DEFC84F8C80004F1B00104F1A0005F
:1079E000F8F75EFDAC342077206C90ED000AFE487D
:1079F00080ED000A206C90ED010AFC4880ED000A41
:107A0000206C90ED020AFA4880ED000A206C90ED9F
:107A1000030AF84880ED000A34F8340CA081AC3C2D
:107A20000121BA200153F14890ED000AF148D0ED50
:107A3000000A20EE200AEC48D0ED000AEC4890ED58
:107A4000001A00EEC10AF0EE000A20EE200AD4F877
:107A50002C0180ED000AE44890ED000AE348D0EDE7
:107A6000000A20EE200AE248D0ED000AE14890ED3D
:107A7000001A00EE810AF0EE000A20EE200AD4F887
:107A80002C0180ED010AD84890ED000A20EE000A92
:107A9000D648D0ED000A90ED001A00EEC10AD44895
:107AA000D0ED000A90ED001A00EEC10AD148D0EDE9
:107AB000000A90ED001A00EE810AD4F82C0180ED46
:107AC000020A002512E0D4F82C0100EB850090EDAD
:107AD000000AB0EEC00AB0EE408A06F0DBFBC648F2
:107AE00000EB850080ED000A681CC5B2032DEADBBF
:107AF000B4F84800A4F8C0000121C220015304F1E9
:107B0000C00204F1B80104F14800F8F7FFFF84F85F
:107B1000C800B4F8C000A4F8A8000121AA200153AD
:107B200004F1A80204F1C00104F1B000F8F750FF1D
:107B3000B8342074012020802189B83CBA20015338
:107B400004F1B80104F1C000F9F764F884F8C80042
:107B5000A94A3C3204F1A80104F1B800F8F738FF53
:107B600084F8C800A54890ED720AD0ED730AB6EE0D
:107B7000001A60EE810AB4EEE00AF1EE10FA03D2C8
:107B800001209E4981F838019C4890ED720AD0EDA1
:107B9000730AB4EEE00AF1EE10FA46DD90F838010F
:107BA000002842D0954890F8390168B19348D0F840
:107BB0004011D0F84401491C40F100008F4AC2F83E
:107BC0004011C2F8440105E000208C4AC2F840018F
:107BD000C2F844018948D0F84031D0F8442100204F
:107BE000D3F13201904106D20020844981F8380156
:107BF00084F82C004AE0237B814D2D8803FB05F29D
:107C0000D4E93A01F9F7C1F8237B7D4D2D886B4308
:107C1000257B03FB05F2D4E93E01F9F7B6F8012014
:107C200084F82C00BDEC028B70BD744890ED720A94
:107C3000D0ED730A9FED731A60EE810AB4EEE00A8C
:107C4000F1EE10FA14DD90F8380188B16B4890ED30
:107C5000730AD0ED720A30EE600AD0ED730A9FED20
:107C60006A1A60EE810A80EE201A80ED671A04E03D
:107C7000B7EE000A614880ED670A00215F4AC2F84A
:107C80004011C2F84411002084F82C00B4F85800C8
:107C9000A4F8A8008220015BAA20015304F1A802E5
:107CA00004F1800104F15800F8F792FE84F8C8004E
:107CB00004F1980204F1B00104F1A800F8F788FE7D
:107CC00084F8C800002012E0D4F81C1101EB8001F8
:107CD00091ED000A4949D1ED670A20EE200AD4F857
:107CE0001C1101EB800181ED000A411CC8B2B4F8FF
:107CF00098109A22125B51438142E5DC042025E072
:107D000000211FE0021F3C4B03EB8202D2ED000A70
:107D10009FED3E1A80EE810A00EB40030B44D4F83D
:107D20001C2102EB8302D2ED000A20EE200A00EBB8
:107D300040030B44D4F81C2102EB830282ED000ABD
:107D40004A1CD1B20329DDDB411CC8B20628D7DBAF
:107D5000B4F89800A4F8B8000121BA20015304F146
:107D6000B80204F1C00104F19800F8F731FE84F87C
:107D7000C800224890F83801A0B3042058E0BC2184
:107D8000095901EB800191ED000A1C49D1ED6F0A00
:107D90009FED1F1A60EE810AB4EEE00AF1EE10FAD0
:107DA0000BDD91ED6F0ADFED1A0A20EE200ABC21EF
:107DB000095901EB800181ED000ABC21095901EB51
:107DC000800191ED000A0D49D1ED6F0A9FED111A66
:107DD00060EE810AB4EEE00AF1EE10FA26D291EDDF
:107DE0006F0A19E026E00000C0060020C40600204B
:107DF000C8060020CC060020C47400204073002078
:107E000022030020CDCCCC3D6666663FDA0FC93F29
:107E10000AD7233C0AD723BC5FED020A20EE200AD2
:107E2000BC21095901EB800181ED000A411CC8B257
:107E30000628A4DB9FED080ABC20005980ED030A48
:107E400004F1300204F1B80104F13800F8F7A0FAA7
:107E500084F8C80000BFE5E60000000010B52DED75
:107E6000028B1548D0ED070AB0EE600A1348D0ED3A
:107E7000000A134801F0CDFF1148406B00EE100AD4
:107E800008F0C8FB00EE100AB8EEC00AB0EE408A57
:107E90009FED0C1ADFED0C0A08F0A6FBBCEEC00A41
:107EA00010EE100A84B222460021084802F01EFF9C
:107EB000BDEC028B10BD00000C73002038070020C1
:107EC000B07700200000804F000000001810002054
:107ED00010B5B7EE000A244880ED010AB7EE000A9B
:107EE00080ED020AB7EE000A80ED030A9FED1F0A3B
:107EF00080ED040A9FED1D0A80ED050A9FED1B0A27
:107F000080ED060A0120184908709FED182AF7EE47
:107F1000001A9FED171ADFED170AB2EE040AFFF7F9
:107F2000B9F800221146DFED114A9FED104ADFED4E
:107F30000F3A9FED0E3ADFED0D2AB3EE042ADFED86
:107F40000E1A9FED0A1ADFED0D0A9FED0D0A0D487E
:107F500002F0C8F800210C48FEF782F89FED0B0AEA
:107F60000B4880ED100A10BD94770020000000003F
:107F70008096184B6F12833A00007A4400009643B3
:107F80000000FA44B07700201810002096430B3C04
:107F90001077002010B586B08C4A07CA03AB07C320
:107FA0008B48FAF71FFB8B4880ED000A8A4890ED5A
:107FB000000A8848D0ED000A30EE200A864880ED9D
:107FC000000A00BF8548F9F763FC844890ED000A79
:107FD000834880ED070A814890ED010A804880EDD2
:107FE000080A7E4890ED020A7D4880ED090A7B4828
:107FF00090ED030A7A4880ED040A784890ED040A6F
:10800000774880ED050A754890ED050A744880EDC3
:10801000060A00F11C0200F110017248FEF764FD2F
:108020006F4890ED091AF0EE410A90ED071AB0EE94
:10803000410A06F051FAB1EE400ADFED6B0A20EE7C
:10804000200ADFED6A0A80EE201A654880ED1A1AD0
:1080500090ED091AF0EE410A90ED081AB0EE410ACF
:1080600006F03AFADFED600A20EE200ADFED5F0A43
:1080700080EE201A5A4880ED1B1A90ED093AF0EE76
:10808000432A90ED083AB0EE432A90ED073AF0EE1D
:10809000431A90ED063AB0EE431A90ED053AF0EE31
:1080A000430A90ED043AB0EE430A4A4890ED003A94
:1080B000FFF736F94A494E48D0E91534026DC06DD4
:1080C00081E81C00C8600A4644314A48F9F7A6FD19
:1080D000434A02F150014848F9F7A0FD404A02F135
:1080E0005C014648F9F79AFD3D4A694603A8FAF74C
:1080F000FBFB002039E03A491C3101EB800191ED96
:10810000000A694601EB8001D1ED000A30EE600AF9
:108110003049D1ED000A20EE200A3149D1ED100A94
:108120002C4991ED001A30EE811AC0EE010A2C495B
:10813000283101EB800191ED000A294991ED101AD7
:1081400020EE010A91ED101A2249D1ED001A31EE0C
:10815000211AC0EE011A30EEA10A2149283101EBA3
:10816000800181ED000A411CC8B20328C3DB1C4A10
:1081700002F13401A1F10C00F9F750FD204890ED17
:108180006A0A174880ED1E0A1D4890ED690A1448D6
:1081900080ED1D0A1A4890ED680A114880ED1C0A0E
:1081A000174890ED6B0A0E4880ED1F0A00BF154876
:1081B000007800F0010008B9FFF750FE1148006890
:1081C000401C1049086006B010BD0000C044010802
:1081D000280700202C070020300700200C73002007
:1081E000107700209477002000003443DB0F4940D3
:1081F000407400209C440108A8440108B4440108CC
:10820000407300203C07002010B52DED048B8D48F5
:1082100090F82A000D286AD08A4890F82A008A49E6
:1082200001EBC00090ED000A0846D0ED000A30EEE8
:10823000600A864880ED000A824890F82A0001EB27
:10824000C00090ED010A0846D0ED010A30EE600A48
:108250007F4880ED000A7F4890ED030A7B48D0ED0F
:10826000000A30EEC00A10EE101A0846F8F776FF42
:1082700041EC190BB0EE490AF0EE690A06F0E8FA93
:10828000B0EE408AF0EE608A9FED730B53EC102B3A
:1082900051EC180BF8F776FF25D26E4890ED040AE2
:1082A0006B48D0ED000A30EEC00A10EE101A0846F6
:1082B000F8F754FF41EC190BB0EE490AF0EE690AE9
:1082C00006F0C6FAB0EE408AF0EE608A9FED620BCF
:1082D00053EC102B51EC180BF8F754FF03D201208C
:1082E0005F4908709DE000205D49087099E055489D
:1082F00090F82A00544901EBC00090ED000A534861
:1083000080ED000A4F4890F82A0001EBC00090ED84
:10831000010A4F4880ED000A4A4890F82D000128D4
:1083200016D14C4890ED030A0846D0ED000A30EE15
:10833000200A4C4880ED000A464890ED040A0846A1
:10834000D0ED010A30EE200A474880ED000A1DE01A
:10835000404890ED030A3C48D0ED000AB3EE0C1AF9
:1083600071EE600A30EE200A3E4880ED000A39487E
:1083700090ED040A3448D0ED010AB2EE0E1A71EE07
:10838000600A30EE200A384880ED000A2F4890ED50
:10839000000A3448D0ED000A30EE600A10EE101AE0
:1083A0000846F8F7DBFE41EC190BB0EE490AF0EE97
:1083B000690A06F04DFAB0EE408AF0EE608A9FED51
:1083C000260B53EC102B51EC180BF8F7DBFE25D2E3
:1083D0001F4890ED000A2348D0ED000A30EE600AF5
:1083E00010EE101A0846F8F7B9FE41EC190BB0EE82
:1083F000490AF0EE690A06F02BFAB0EE408AF0EE78
:10840000608A9FED150B53EC102B51EC180BF8F70D
:10841000B9FE03D201201249087002E00020104981
:1084200008700C48C07D10B10A48407D18B1012089
:108430000849087502E0002006490875BDEC048B68
:1084400010BD0000C00B00206C00002024010020A3
:1084500028010020E40800209A9999999999E93F08
:10846000200100202C0100203001002030B50B46F7
:10847000002100BF16E00A24B4EB107F05D9302498
:1084800004EB107403F8114005E0412404EB107470
:108490000A3C03F81140000100254C00641C1D55E6
:1084A0004C1CE1B29142E6DB30BD000010B5044641
:1084B000424800780421B1EB101F7DD1FFF7A4FEE4
:1084C000204609F0A7F8204609F052FA204609F0A4
:1084D00005FA204608F010FE204608F00FFF20465F
:1084E00008F022FE09F064FD08F044FE204609F081
:1084F00031F9204608F022FF204608F0C7FE20464A
:1085000009F088F9204609F091F8204609F072FA3E
:10851000204608F023FE204608F014FE204608F00E
:10852000F7FD204608F0FEFE204608F04BFE2448EA
:1085300090F82D0001281DD12248C08901B22046A3
:1085400008F096FD1F48808901B2204609F0F0FA34
:108550001C49C889214608F01FFE1A48808B01B2C9
:10856000204608F08BFE1748808B01B2204608F0A9
:108570009DFE21E0124890F82D0002281CD11148E0
:10858000C08B01B2204608F073FD0E48808B01B20B
:10859000204609F0CDFA0B49C88B214608F0FCFDB6
:1085A0000848808901B2204608F068FE05488089A5
:1085B00001B2204608F07AFE10BD000000790020CC
:1085C000C00B00200B7900201548007E012805D142
:1085D00014480068401C1349086005E00020114958
:1085E000086000210E4881760D48007E012807D1E1
:1085F0000C4800680C2803DA0121094881760AE05A
:108600000748007E012806D1064800680C2802DBD6
:108610000221034881760248007E034908607047C2
:108620005C780020C8070020CC0700200FB583B07D
:108630000420FE4908800820FD490880DDE9031078
:108640000873039905984873039906988873002165
:10865000039801740698029009F082FD039948611D
:10866000069802900398406901900299F8F7A6FBDA
:10867000EE48008806994843029009F071FD03997D
:108680008861EA4800880699484302900398806907
:1086900001900299F8F792FBE44800880699484354
:1086A000029009F05DFD0399C861E04800880699D1
:1086B000484302900398C06901900299F8F77EFB45
:1086C000DA48008804994843029009F049FD03996B
:1086D0000862D64800880499484302900398006ACB
:1086E00001900299F8F76AFB0698029009F038FDAC
:1086F00003994862069802900398406A0190029993
:10870000F8F75CFBC948008804994843029009F0D7
:1087100027FD03990860C5480088049948430290E2
:108720000398006801900299F8F748FBBF48008859
:1087300006994843029009F013FD03994860BB482D
:108740000088069948430290039840680190029976
:10875000F8F734FBB548008805994843029009F0C2
:10876000FFFC03998860B14800880599484302904E
:108770000398806801900299F8F720FBAB480088C5
:1087800004994843029009F0EBFC0399C1F8E80012
:10879000A64800880499484302900398D0F8E8005E
:1087A00001900299F8F70AFB0398D0F8E8000290CC
:1087B0000398007B019001220146DDE90230303050
:1087C000F7F76AFE9948008804994843029009F037
:1087D000C7FC0399C1F8EC00944800880499484309
:1087E00002900398D0F8EC0001900299F8F7E6FAAD
:1087F0000398D0F8EC0002900398007B01900122CE
:108800000146DDE902303830F7F746FE059818B327
:108810008648008805994843029009F0A1FC039915
:10882000C1F8F000814800880599484302900398F8
:10883000D0F8F00001900299F8F7C0FA0398D0F848
:10884000F00002900398407B019001220146DDE98F
:1088500002304030F7F720FE7448008806994843FC
:10886000029009F07DFC0399C1F8F4006F4800887C
:108870000699484302900398D0F8F40001900299B9
:10888000F8F79CFA0398D0F8F40002900398807BE4
:10889000019001220146DDE902304830F7F7FCFD86
:1088A00062480088049948434843029009F058FC04
:1088B0000399C1F8F8005D4800880499484348438B
:1088C00002900398D0F8F80001900299F8F776FA30
:1088D0000398D0F8F80002900398007B0190039869
:1088E000007B00900146DDE902305030019AF7F735
:1088F000D3FD4E480088049948434843029009F04C
:108900002FFC0399C1F8FC004848008804994843AB
:10891000484302900398D0F8FC0001900299F8F7C0
:108920004DFA0398D0F8FC0002900398007B019068
:108930000398007B00900146DDE902305830019A2F
:10894000F7F7AAFD39480088049948434843029044
:1089500009F006FC0399C1F8000134480088049925
:1089600048434843029009F0FBFB0399C1F8040116
:108970002E48008804994843484302900398D0F851
:10898000000101900299F8F719FA28480088049923
:108990004843484302900398D0F80401019002999B
:1089A000F8F70CFA0398D0F8000102900398007BC6
:1089B00001900398007B00900146DDE902306030B1
:1089C000019AF7F769FD0398D0F804010290039823
:1089D000007B01900398007B00900146DDE90230A6
:1089E0006830019AF7F758FD059878B30F4800886A
:1089F0000499484305994843029009F0B1FB039953
:108A0000C1F808010948008804994843059948437A
:108A100002900398D0F8080101900299F8F7CEF976
:108A20000398D0F808010290039803E02203002085
:108A300024030020407B01900398007B00900146B6
:108A4000DDE902307030019AF7F726FDB948008859
:108A50000699484304994843029009F081FB039921
:108A6000C1F80C01B348008804994843069948436B
:108A7000029009F075FB0399C1F81001AD48008818
:108A8000069948430499484302900398D0F80C0192
:108A900001900299F8F792F9A64800880499484392
:108AA0000699484302900398D0F81001019002996A
:108AB000F8F784F90398D0F80C0102900398007B32
:108AC00001900398807B00900146DDE90230783008
:108AD000019AF7F7E1FC0398D0F81001029003988F
:108AE000807B01900398007B00900146DDE9023015
:108AF0008030019AF7F7D0FC8E48008804994843EB
:108B00004843029009F02CFB0399C1F814018948ED
:108B1000008804994843484302900398D0F8140110
:108B200001900299F8F74AF90398D0F814010290DD
:108B30000398007B01900398007B00900146DDE9DB
:108B400002308830019AF7F7A7FC7A480088069926
:108B500048434843029009F003FB0399C1F8180108
:108B60007448008806994843484302900398D0F817
:108B7000180101900299F8F721F90398D0F818012B
:108B800002900398807B01900398807B00900146BF
:108B9000DDE902309030019AF7F77EFC65480088E5
:108BA0000499484306994843029009F0D9FA039979
:108BB000C1F81C015F48008804994843069948435E
:108BC00002900398D0F81C0101900299F8F7F6F88A
:108BD0000398D0F81C0102900398807B01900398C1
:108BE000007B00900146DDE902309830019AF7F7EA
:108BF00053FC0398007B4F49098848430399097B3C
:108C00004843029009F0ACFA0399C1F82001039897
:108C1000007B4849098848430399097B48430290EF
:108C200009F09EFA0399C1F824010398007B414999
:108C3000098848430399097B4843029009F090FA58
:108C40000399C1F828010398007B3A4909884843F1
:108C5000029009F085FA0399C1F82C010398007B72
:108C6000344909884843029009F07AFA0399C1F817
:108C700030010398D0F8200102900398007B019006
:108C80000398007B00900146DDE90230A030019A94
:108C9000F7F702FC0398D0F8240102900398007BB8
:108CA00001900398007B00900146DDE90230A83076
:108CB000019AF7F7F1FB0398D0F828010290039886
:108CC000007B01900398007B00900146DDE90230B3
:108CD000B030019AF7F7E0FB0398D0F82C0102902E
:108CE0000398007B019001220146DDE90230B83093
:108CF000F7F7D2FB0398D0F8300102900398007B7D
:108D0000019001220146DDE90230C030F7F7C4FBD3
:108D10000021039880F82810039880F82910039800
:108D200080F82A10039880F82B10039880F82C10F4
:108D300007B000BD2203002070B50446E07B18B1E7
:108D40002046FDF737FE11E0A37B0E4D2D8803FB77
:108D500005F26168D4F8F400F8F717F8A27B094B24
:108D60001B8802FB03F16068F8F728F8637B054D68
:108D70002D8803FB05F2A168D4F8F000F8F705F898
:108D800070BD00002203002010B5044694F82C00AA
:108D900068BBB4F89800A4F8A8007A20015BAA2068
:108DA0000153B4F8A800A4F8B0005A20015BB22027
:108DB000015304F1A80204F1780104F19800F7F7D7
:108DC00007FE84F8C80004F1B00204F1580104F170
:108DD000A800F7F7FDFD84F8C80004F1500204F183
:108DE000B00104F15800F7F791FE84F8C80010BDF7
:108DF00010B5044694F8290068BB04F1680104F139
:108E00006000F7F707FF84F8C80004F1580204F186
:108E1000500104F16000F7F7DBFD84F8C800B4F8F6
:108E20005800A4F8A8006A20015BAA20015304F1AD
:108E3000A80204F1680104F15800F7F7C9FD84F8AD
:108E4000C80004F1580204F1880104F1A800F7F702
:108E50009FFA84F8C80010BD10B5044694F82A00A3
:108E6000002861D104F1800104F17800F7F7D2FE07
:108E700084F8C800B4F87800A4F8A8005A20015B70
:108E8000AA20015304F1A80204F1580104F178006A
:108E9000F7F79EFD84F8C800B4F8A800A4F8B00065
:108EA0008220015BB220015304F1B00204F1800181
:108EB00004F1A800F7F78CFD84F8C800B4F890001E
:108EC000A4F8A0009220015BA220015304F1A002AB
:108ED00004F1900104F1B000F7F75AFA84F8C800E1
:108EE00004F1B00104F1A000F7F7DAFA84F8C80041
:108EF000B4F85800A4F8A8008220015BAA2001530E
:108F000004F1A80204F1800104F15800F7F760FDB4
:108F100084F8C80004F1980204F1B00104F1A8003B
:108F2000F7F756FD84F8C80010BD000070B5044680
:108F30002046FFF701FFD4F8CC0018B12046D4F842
:108F4000CC108847204600F085F8D4F8D00018B13E
:108F50002046D4F8D01088472046FFF749FFD4F8C0
:108F6000D40018B12046D4F8D4108847207C08B922
:108F7000E07BB8B92046FFF76FFFD4F8D80018B1EE
:108F80002046D4F8D8108847204600F0A1F8D4F83D
:108F9000DC0018B12046D4F8DC1088472046FFF7E3
:108FA000F3FE13E0237B2A4D2D8803FB05F2D4E961
:108FB0003A01F7F7EAFE237B254D2D886B43257B8D
:108FC00003FB05F2D4E93E01F7F7DFFED4F8E00039
:108FD00018B12046D4F8E0108847002022E0227B18
:108FE00000FB0202D4F8F81001EB820191ED000AB7
:108FF000216A01EB8001D1ED000AB4EEE00AF1EE46
:1090000010FA0DD2216A01EB800191ED000A227B5A
:1090100000FB0202D4F8F81001EB820181ED000A96
:10902000411CC8B2217B8142D9DC237B084D2D88AD
:1090300003FB05F2D4F8E8102068F7F7A6FED4F891
:10904000E40018B12046D4F8E4108847206870BDC9
:109050002203002010B5044694F8280060BB607B12
:1090600000282ADD207BA4F8B8000121BA20015392
:1090700004F1B80204F1300104F16000F7F7A8FC34
:1090800084F8C800207BA4F8C0000121C22001534D
:1090900004F1C00204F1400104F17000F7F798FCFC
:1090A00084F8C80004F1380204F1C00104F1B800EA
:1090B000F7F76EF984F8C80009E004F1380204F10A
:1090C000300104F16000F7F783FC84F8C80010BD9C
:1090D00010B5044694F82B00E0BBB4F87800A4F86F
:1090E000B8000121BA20015304F1B80204F138019B
:1090F00004F17800F7F76CFC84F8C800B4F8480075
:10910000A4F8C0000121C220015304F1C00204F1FF
:10911000B80104F14800F7F7F9FC84F8C800B4F886
:109120009800A4F8B8000121BA20015304F1B80254
:1091300004F1C00104F19800F7F74AFC84F8C80074
:1091400004F1300204F1B80104F13800F7F720F916
:1091500084F8C80010BD000010B50E480E49086024
:109160000320486000210C488160C1604FF4102149
:1091700001614FF400114161002101764176817651
:10918000C17601774177F9F7B7FF08B1F9F759FCD4
:1091900010BD000000640040480E002010B50E48CD
:1091A0000E4908600320486000210C488160C160BE
:1091B0004FF4102101614FF400114161002101764B
:1091C00041768176C17601774177F9F795FF08B14D
:1091D000F9F737FC10BD000000680040700E002059
:1091E00008B500BF002000902A48006840F48000C5
:1091F000284908600846006800F48000009000BF1D
:1092000000BF00BF002000900846006840F4001036
:1092100008600846006800F40010009000BF00BF1E
:10922000002205210C20FAF799FD0C20FAF782FDA7
:10923000002205213920FAF791FD3920FAF77AFD4D
:10924000002205213A20FAF789FD3A20FAF772FD4B
:10925000002205213B20FAF781FD3B20FAF76AFD49
:10926000002205214420FAF779FD4420FAF762FD37
:10927000002205214520FAF771FD4520FAF75AFD35
:10928000002205214620FAF769FD4620FAF752FD33
:1092900008BD00003038024000B5C7B01C223C4970
:1092A00040A8F7F772FD002140A809F008F83949F5
:1092B00008601C2236491C3139A8F7F766FD0021E9
:1092C00039A808F0FCFF344908601C2230493831C5
:1092D00032A8F7F75AFD002132A808F0F0FF2F4915
:1092E00008601C222A4954312BA8F7F74EFD0021B3
:1092F0002BA808F0E4FF2A4908601C222449703199
:1093000024A8F7F742FD002124A808F0D8FF25493A
:1093100008601C221E498C311DA8F7F736FD00217C
:109320001DA808F0CCFF204908601C221849A8316C
:1093300016A8F7F72AFD002116A808F0C0FF1B4960
:1093400008601C221249C4310FA8F7F71EFD002146
:109350000FA808F0B4FF164908601C220C49E03140
:1093600008A8F7F712FD002108A808F0A8FF114986
:1093700008601C220649FC3101A8F7F706FD002110
:1093800001A808F09CFF0C49086047B000BD000030
:10939000D4420108800100208401002088010020BF
:1093A0008C010020900100209401002098010020F1
:1093B0009C010020A0010020A401002000B587B07E
:1093C000142102A8F7F7FAFC00BF002001907648AC
:1093D000006840F00200744908600846006800F028
:1093E0000200019000BF00BF00BF002001900846AE
:1093F000006840F0400008600846006800F0400047
:10940000019000BF00BF00BF002001900846006827
:1094100040F0010008600846006800F0010001907B
:1094200000BF00BF00BF002001900846006840F068
:10943000080008600846006800F00800019000BFBE
:1094400000BF00BF002001900846006840F0040003
:1094500008600846006800F00400019000BF00BFEB
:1094600000BF002001900846006840F080000860BE
:109470000846006800F08000019000BF00BF00BFF8
:10948000002001900846006840F02000086008466F
:10949000006800F02000019000BF00BF00BF002066
:1094A00001900846006840F0100008600846006817
:1094B00000F01000019000BF00BF002289153B485A
:1094C000FAF77EFB012240213948FAF779FB0122A5
:1094D00010213848FAF774FB012211463648FAF792
:1094E0006FFB4FF4807002900120039000200490E5
:1094F000059002A92D48FAF769FA40200290012050
:1095000003900490059002A92948FAF75FFA092010
:1095100002904FF4041003900120049002A9244803
:10952000FAF754FA102002900120039004900220D0
:10953000059002A91F48FAF749FA302002904FF42B
:10954000041003900120049002A91848FAF73EFA8B
:1095500001200290039004900220059002A9164871
:10956000FAF734FA002206210846FAF7F7FB06203C
:10957000FAF7E0FB002205210920FAF7EFFB0920AA
:10958000FAF7D8FB002205210A20FAF7E7FB0A20A8
:10959000FAF7D0FB002205211720FAF7DFFB17208E
:1095A000FAF7C8FB07B000BD30380240000802409F
:1095B00000180240000002400004024010B50A48B2
:1095C0000A490860002048607C210848816040F614
:1095D0007F41C1600021016141618161FBF760FF52
:1095E00008B1F9F72EFA10BD00280040980E0020AF
:1095F00010B50F480F4908604FF482704860002191
:109600000C488160C1600221016101214161490270
:1096100081611021C16100210162416281620A21E0
:10962000C162FBF7D3FF08B1F9F70BFA10BD0000D8
:1096300000300140B80E002000B587B01C216846FC
:10964000F7F7BCFB15481649086000204860002168
:109650001348816041F28731C1600021016181615D
:10966000FCF77AFA08B1F9F7ECF90D48FCF7A9FC18
:1096700008B1F9F7E6F9602000900020019002900F
:109680000490002269460648FCF719FC08B1F9F776
:10969000D8F90348FCF7BAFB07B000BD004401400D
:1096A0001810002000B591B000200F9010901C21E0
:1096B00008A8F7F783FB20216846F7F77FFB2748C8
:1096C0002749086040F24730486000212448816003
:1096D00040F2CF71C1600021016141618161FCF7FD
:1096E00070FC08B1F9F7ADF900200F9010900FA9A8
:1096F0001B48FCF7D7F908B1F9F7A3F960200890E7
:10970000002009900A900B900C900D900E90002272
:1097100008A91348FCF7D3FB08B1F9F792F9042222
:1097200008A90F48FCF7CBFB08B1F9F78AF900202C
:10973000009001900290039004904FF40050059027
:109740000020079069460648FCF772F908B1F9F75E
:1097500078F90348FCF75AFB11B000BD0000014046
:10976000D00F002010B51148114908601148486019
:1097700000210F488160C16001610C21416100211D
:109780008161C161FCF7D4FE08B1F9F75AF90848C4
:109790000068C06840F0100005490968C8604822A8
:1097A00005490348FDF7A6F810BD00000010014070
:1097B0006010002040420F00D875002010B50B4803
:1097C0000B4908600B484860002109488160C1606E
:1097D0004FF4806101610C21416100218161C1610F
:1097E000FCF7A6FE08B1F9F72CF910BD00480040BF
:1097F000A8100020A086010010B50B480B49086096
:109800004FF4E1304860002108488160C160016187
:109810000C21416100218161C161FCF789FE08B121
:10982000F9F70FF910BD000000140140F0100020FE
:1098300010B500220D490E4802F085FE08B1F9F777
:1098400000F90C490A4803F0B7F908B1F9F7F9F83B
:109850000949074802F08AFA08B1F9F7F2F8044812
:1098600003F0ACFA08B1F9F7ECF810BDB80100202C
:1098700060130020A40200200802002000BFFEE7C1
:1098800000BFFEE710B50446194890ED1E0A84EDAE
:10989000020A90ED1C0A84ED030A90ED1D0A84ED86
:1098A000040A9FED140A84ED060A9FED120A84ED66
:1098B000070A90ED060A84ED0A0AA5200E490870F1
:1098C00008462168C0F801106168C0F80510A16859
:1098D000C0F80910E168C0F80D10AA2006494874C4
:1098E00012210548F8F7BCFA0449087010BD0000C1
:1098F0001077002000000000340900201A0000202A
:1099000010B52DED028B0446B0EE408AF0EE608A71
:10991000D4F8060090ED010A8A4880ED000A002084
:109920001DE054F8062F411C02EB810191ED000A65
:109930008449D1ED000A30EE600A216801EB800114
:1099400081ED000A6268411C02EB810191ED000A81
:10995000A41F02EB800181ED000A411C88B221881E
:10996000491E8142DDDCD4F806102088801E01EB00
:10997000800090ED000A30EE080A2088401E01EBBE
:10998000800080ED000AD4F80A102088401E01EB08
:109990008000C0ED008AD4F802002188884204D2F9
:1099A000D4F80200401CC4F80200102104F11A008F
:1099B000F7F704FA21886288891A88B24AE054F8D5
:1099C000061F01EB8001D1ED000A216801EB800147
:1099D00091ED001A616900EE101A00EE810A10EE96
:1099E000101A616154F8061901EB8001D1ED000AEB
:1099F000D4F81E1000EE101A30EE800A10EE101A85
:109A0000C4F81E10D4F8061001EB8001D1ED000A55
:109A1000D4F80A1001EB800191ED001AD4F822105D
:109A200000EE101A00EE810A10EE101AC4F822108F
:109A3000D4F80A1001EB8001D1ED000AD4F8261009
:109A400000EE101A30EE800A10EE101AC4F826103C
:109A5000411C88B221888142B1DCD4F8220000EE9A
:109A6000100A208800EE900AF8EE600A20EE200A24
:109A7000D4F81E0000EE900AD4F8260001EE100A79
:109A800000EEC10AD4F81A0000EE900A208801EE18
:109A9000100AB8EE411A20EE811AD4F81E0000EE2A
:109AA000900A01EE900A00EEE11AC0EE010A10EEF3
:109AB000900AC4F80E009FED240A10EE100AC4F8B4
:109AC000160021886288891A88B221E054F8061F9E
:109AD00001EB800191ED001AE16800EE101AA16817
:109AE00000EE901A00EE810A616801EB8001D1ED71
:109AF000000A30EE600AF0EEC00A216900EE101A8A
:109B000030EE800A10EE101A2161A41F411C88B2A9
:109B100021888142DADCD4F8160000EE100A208891
:109B200000EE900AB8EE601AC0EE010A10EE900A3C
:109B3000C4F81600D4F80E0000EE100ABDEC028B3B
:109B400010BD0000380300200000000070B504467E
:109B50000D46A41C24F8025C00202060A80008F038
:109B600097FE6060A80008F093FEA0609FED0C0ACD
:109B700010EE100AE0609FED0A0A10EE100A206154
:109B8000A9006068F7F71AF9A900A068A41EF7F702
:109B900015F9102104F11A00F7F710F970BD000053
:109BA0000000000010B50248FAF7F6FA10BD0000F8
:109BB0003C2800202DE9F04704460D46266837462C
:109BC000D6F8408007F5306000EB4510D0F80890DB
:109BD000104880450BD909F40040B0F5004F06D17C
:109BE0004FF4004107F5306000EB451081602046DE
:109BF000FAF78CFF0748804508D9A079012805D1DC
:109C000004F29C420121206803F086FD0020BDE89B
:109C1000F08700000A30544F2DE9F04705460C4606
:109C2000D5F800904E46D9F840A006F5306000EB1C
:109C30004410D0F80880A879012855D108F0080010
:109C400008280FD1434882450BD908F40040B0F5ED
:109C5000004F7BD14FF4004106F5306000EB44101B
:109C6000816073E008F02000202806D1202106F54D
:109C7000306000EB4410816068E008F028000028A4
:109C800064D1344882450CD908F40040B0F5004F47
:109C900007D14FF4004106F5306000EB44108160BD
:109CA00054E004EBC40105F5157000EB810706F5DF
:109CB000306000EB4410396A0069C0F31200081AE2
:109CC000786164B9386930B905F29C42012128688D
:109CD00003F022FD03E07969F8680844F860E1B216
:109CE0002846FAF7D1F831E01B4882451BD108F429
:109CF0000040B0F5004F07D14FF4004106F5306049
:109D000000EB4410816021E008F02000202805D1FC
:109D1000202106F5306000EB44108160E1B2284656
:109D2000FAF7B2F812E06CB904EBC40105F515704E
:109D300000EB8100006928B905F29C4200212868E7
:109D400003F0EAFCE1B22846FAF79EF80020BDE8ED
:109D5000F08700000A30544F0A31544F2DE9F84F74
:109D600007460E46D7F80090C84606EBC60107F135
:109D7000140000EB8104D4E90410884202D90120C8
:109D8000BDE8F88FD4E90401451AA068A84200D2C2
:109D9000A568E81C4FEA900A17E0D4E90401451AC7
:109DA000A068A84200D2A568E81C4FEA900AB879DA
:109DB000ABB2F2B200904846E16804F06FF9E06897
:109DC0002844E06060692844606108F5106000EB99
:109DD0004610806980B2504506D3D4E90410884209
:109DE00002D220690028D8D1D4E9040188420ED8D3
:109DF00006F00F01012000FA01FB40F6340050F894
:109E0000080020EA0B0040F6340141F80800002069
:109E1000B6E710B52DED028B0446B0EE408AF0EEA9
:109E2000608A94F8980000F0800010B1204606F097
:109E300097FA04F18C00F8F7D5FB10EE100AC4F87D
:109E4000900018EE100A206118EE900A2060206839
:109E500000EE100A206900EE900A30EE600A10EE63
:109E6000100AA061D4F8A20018B1D4F8A2102046BC
:109E70008847A06900EE100AB5EEC00AF1EE10FAAC
:109E800003DDA06900EE100A04E0A06900EE100AEC
:109E9000B1EE400AA06C00EE900AB4EEE00AF1EEDA
:109EA00010FA7EDDD4F8940098BB606800EE100ACA
:109EB000A06900EE900A20EE200A10EE100A6062FF
:109EC000A06800EE100AA06900EE900A60EE200A79
:109ED000D4F8900000EE100A20EE800A10EE100A6E
:109EE0002063B4F86000022814DDA06900EE900A37
:109EF000D4F8900000EE100A04F16200FFF700FDB4
:109F0000E06800EE900A20EE200A10EE100AE062EF
:109F10007FE016E0A06900EE100AE06900EE900A0A
:109F200070EE600AE06800EE100A20EE801AD4F8A5
:109F3000900000EE100AC1EE000A10EE900AE062F6
:109F400067E0606800EE100AD4F89400006800EE44
:109F5000900A70EE200AA06900EE100A20EE800A36
:109F600010EE100A6062A06800EE100AD4F89400A7
:109F7000406800EE900A70EE200AA06900EE100A18
:109F800060EE800AD4F8900000EE100A20EE800AFD
:109F900010EE100A2063B4F8600002281CDDA069EE
:109FA00000E08EE000EE900AD4F8900000EE100A77
:109FB00004F16200FFF7A4FCE06800EE900AD4F818
:109FC0009400806801EE100A70EE810A20EE200AEB
:109FD00010EE100AE0621CE0E06800EE100AD4F80F
:109FE0009400806800EE900A30EE201AA06900EE1E
:109FF000100AE06900EE900A30EE600A21EE001AC5
:10A00000D4F8900000EE100AC1EE000A10EE900A9B
:10A01000E062D4F8A60018B1D4F8A610204688470C
:10A0200094F8980000F0040010B1204606F015FAEC
:10A0300094F8980000F0200010B1204605F0ACFF25
:10A0400094F8980000F0020010B1204606F047F89E
:10A0500094F8980000F0400010B1204606F014F883
:10A0600094F8980000F0010010B1204606F0B2F814
:10A07000A06A00EE100A206B00EE900A30EE200A73
:10A0800010EE100AA062606A00EE100AA06A00EEEC
:10A09000900A70EE200AE06A00EE100A30EE800AA4
:10A0A00010EE100A606394F8980000F0100010B1F0
:10A0B000204606F007F9204606F02FF9204606F064
:10A0C000A9F920696061606BA063E06AE063A06940
:10A0D000E061206B2062606B00EE100ABDEC028B29
:10A0E00010BD000070B52DED0A8B0446B0EE408A1D
:10A0F000F0EE608AB0EE419AF0EE619AB0EE42AABC
:10A10000F0EE62AAB0EE43BAF0EE63BAB0EE44CA23
:10A11000F0EE64CA0D46164619EE100AA06418EE59
:10A12000900A606418EE100A20649FED1C0A10EE7D
:10A13000100A206019EE900A60601AEE100AA06002
:10A140001AEE900AE0609FED150A10EE100A2063E7
:10A150001BEE100A20651BEE900A60651CEE100ACB
:10A16000A0651CEE900AE065A4F86050294604F151
:10A170006200FFF7EBFC00208D3444F8010CE6721E
:10A180000021E16021618D3CA12001559FED030A72
:10A1900010EE100A6063BDEC0A8B70BD0000000079
:10A1A00038B50121A8484174A84890F82D0001282D
:10A1B0004AD1A74890ED030AA648D0ED000A30EE38
:10A1C000200AF2EE040A20EE200ABCEEC00A10EECD
:10A1D000100A81B29C4841829D4890ED040A9D4836
:10A1E000D0ED010A30EE200AF2EE040A20EE200A39
:10A1F000BCEEC00A10EE100A81B2934881829348E7
:10A2000090F82A00934901EBC00090ED000AF2EEAD
:10A21000040A20EE200ABCEEC00A10EE100A8E4995
:10A2200008808A4890F82A008A4901EBC00090ED26
:10A23000010AF2EE040A20EE200ABCEEC00A10EE7B
:10A24000100A8649088059E0814890ED030A814848
:10A25000D0ED000A30EE200AF3EE0C0A30EEC00A10
:10A26000F2EE040A20EE200ABCEEC00A10EE100A3C
:10A2700081B275484182764890ED040A7548D0ED68
:10A28000010A30EE200AF2EE0E0A30EEC00AF2EEBB
:10A29000040A20EE200ABCEEC00A10EE100A81B2B9
:10A2A00069488182694890F82A006A4901EBC00038
:10A2B00090ED000AF3EE0C0A30EEC00AF2EE040A4A
:10A2C00020EE200ABCEEC00A10EE100A6249088097
:10A2D0005E4890F82A005F4901EBC00090ED010A4A
:10A2E000F2EE0E0A30EEC00AF2EE040A20EE200A68
:10A2F000BCEEC00A10EE100A58490880534890F886
:10A300002A000D281BD15648006800EE100AF2EE14
:10A31000040A20EE200ABCEEC00A10EE100A4E49D4
:10A3200008804F48406800EE100AF2EE040A20EE62
:10A33000200ABCEEC00A10EE100A484908804249C3
:10A34000498A454A1288501A00EBD071491000EE34
:10A35000101AB8EEC00A434981ED000A3A49898AC9
:10A360003E4A1288501A00EBD071491000EE101AC4
:10A37000B8EEC00A3C4981ED000A3A4890ED000A67
:10A38000BDEEC00A10EE100A40B2384908703648D7
:10A3900090ED000ABDEEC00A10EE100A40B234493A
:10A3A0000870002006E00022274916310A54313196
:10A3B0000A54401C3128F6DB2C4890F90010224842
:10A3C00080F845102A4890F900101F4880F8761050
:10A3D000264890F900101C4880F84610244890F94F
:10A3E0000010194880F87710224801781648A0F824
:10A3F0007810A520144908730846C4736921A0F891
:10A400000D101D481049CA680260097C01710521C0
:10A4100004F020FF40F2073000901748BDF800100C
:10A42000A0F80510692208491131C01DF6F7ADFCEE
:10A430007221114804F0F6FE72220F490F48FCF712
:10A4400071FA601CC4B238BD51830020C00B0020DB
:10A45000E40800206C00002054080020560800206A
:10A46000AC7900204C08002050080020490800204A
:10A470004A0800202B790020CD830020F010002016
:10A4800010B5234B1B685B6943F04003204C2468E4
:10A4900063611F4B1B68DB6843F010031C4C24688E
:10A4A000E3601C4B1B681B6823F00103194C2468F4
:10A4B000236007E0174B1B681B6823F00103154C52
:10A4C00024682360134B1B681B6803F00103002BF7
:10A4D000F0D1114B0F4C2468A3600E4B1B68D86061
:10A4E0000C4B1B6819610B4B1B685A60094B1B68AE
:10A4F0001B6843F48023074C24682360054B1B68CA
:10A500001B6843F00103034C2468236010BD000066
:10A51000A8100020F81100200448004006F094FC28
:10A520004FF480620749084806F000F84FF40072C3
:10A530000649A1F5007009F071F901E008F04CFC42
:10A54000FCE70000C87E0020B07E0020B07C002028
:10A5500070B50446002600252068C06800F0400061
:10A56000C8B92068C06840F080002168C860F9F769
:10A570002DFB064608E0F9F729FB801BB0F57A7F32
:10A5800002D90420607701252068C06800F04000EF
:10A5900008B9012DEFD1284670BD70B504460025DD
:10A5A0002068C06820F080002168C860206880684A
:10A5B00000F0200030B92046FAF7ECFF10B104207B
:10A5C00060770125284670BD1FB5024619480078FE
:10A5D000401C184B18701078A52829D1507CAA2847
:10A5E00026D1002012E0431CD35C03AC2354431D4E
:10A5F000D35C02AC235400F10903D35C01AC2354B7
:10A6000000F10D03D35C0DF80030401C0428EADB98
:10A610009DED030A81ED000A9DED020A81ED010A1C
:10A620009DED010A81ED020A9DED000A81ED030A0C
:10A630001FBD00001A0700207CB504460E461546D3
:10A640003346012202212046009500F039F828B156
:10A65000606D40F02000606503207CBD16480068F6
:10A660001821B0FBF1F01549B0FBF1F04FF47A710D
:10A67000484301906068B0F5827F0DD133460022D7
:10A6800080212046009500F01BF898B1606D40F0E5
:10A69000200060650320E0E700BF019800B908E0F2
:10A6A0000198401E019020688068C0F3C010002807
:10A6B000F3D100BF0020D0E72802002040420F0065
:10A6C0002DE9F84F04460D4690461E46DDF82890C9
:10A6D000F9F77CFAA0EB0900371AF9F777FA824606
:10A6E0002C480068C0F3CB307843009045E0701CE4
:10A6F000002842D0F9F76AFAA0EB0A00B84200D26B
:10A70000A7BB2068406820F0E000216848606068CE
:10A71000B0F5827F0DD1A068B0F5004F03D0A068DE
:10A72000B0F5806F05D12068006820F040002168F6
:10A730000860A06AB0F5005F0DD100BF2068006816
:10A7400020F40050216808602068006840F4005040
:10A750002168086000BF012084F8510000BF00207C
:10A7600084F8500000BF0320BDE8F88FFFE7009891
:10A7700000B900270098401E00902068806828409B
:10A78000A84201D1012000E000204045AFD10020C7
:10A79000EAE700002802002030B501460A46137897
:10A7A000521C147843EA042030BD000070B5049CAC
:10A7B000057861F300050570057862F341050570C1
:10A7C00033B1058803EB9505068865F38C06068092
:10A7D0000C4D95F82D50012D03D107250A4E3580DB
:10A7E00002E06B25084E3580857825F00F058570D1
:10A7F0003CB18578012606EB1515867865F30716BA
:10A80000867070BDC00B00205C08002038B504467F
:10A81000204800780421B1EB101F2AD10021E184E7
:10A8200028200155242001551B48408840B91B4869
:10A830000088002804DD94F82200401C84F82200DF
:10A840000121232001550021E1842820005D009092
:10A85000E38C2420025D2320015D1148FFF7A6FF51
:10A860000D4840880D4908800E4800880E49088030
:10A870000FE00020C4F82200C4F826002820005D64
:10A880000090E38C2420025D2320015D0448FFF743
:10A890008DFF38BD007900202B790020EC000020CE
:10A8A00064000020FA070020EE000020FDF710FBF6
:10A8B00000BFFDF76FFB012007F0F0FCF9E7000097
:10A8C00000B587B0142102A8F6F778FA00BF00207F
:10A8D00001901048006840F480700E4908600846F6
:10A8E000006800F48070019000BF00BF012289144D
:10A8F0000948F9F765F94FF4805002900120039060
:10A90000022004900320059002A90348F9F75EF89D
:10A9100007B000BD30380240001C024010B500BF37
:10A92000502080F31188BFF34F8FBFF36F8F00BFAC
:10A9300009F0AAFB18B14FF080500449086000BF2D
:10A94000002080F3118800BF10BD000004ED00E07E
:10A9500000B593B0302107A8F6F730FA142102A809
:10A96000F6F72CFA00BF002001902448006840F060
:10A970008050224908600846006800F0805001902D
:10A9800000BF00BF00BF002001901D48006840F4D8
:10A9900080401B4908600846006800F48040019030
:10A9A00000BF00BF012007900004089002200D9016
:10A9B00041050E9106210F91A821109102211191BC
:10A9C0000721129107A8FAF71DFB08B1F8F739F82B
:10A9D0000F20029002200390002004904FF4A0501A
:10A9E00005904FF480500690052102A8FAF7A8F9C7
:10A9F00008B1F8F726F813B000BD00004038024057
:10AA0000007000400348006840F47000014908608D
:10AA10007047000088ED00E010B50248FBF73FF9F1
:10AA200010BD00001813002010B502682D4B98428D
:10AA30000ED0B0F1804F0BD02B4B984208D02B4B4F
:10AA4000984205D02A4B984202D02A4B984203D113
:10AA500022F070024B681A43224B984220D0B0F18A
:10AA6000804F1DD0204B98421AD0204B984217D0CF
:10AA70001F4B984214D01F4B984211D01E4B984246
:10AA80000ED01E4B98420BD01D4B984208D01D4B48
:10AA9000984205D01C4B984202D01C4B984203D1DF
:10AAA00022F44072CB681A4322F080034C6943EAD7
:10AAB000040202608B68C3620B688362094B984290
:10AAC00002D00C4B984201D10B690363012343610F
:10AAD000036903F001031BB1036923F00103036160
:10AAE00010BD0000000001400004004000080040CC
:10AAF000000C0040000401400040014000440140BF
:10AB00000048014000180040001C004000200040A8
:10AB100030B501F01F05012404FA05F3046A9C43D3
:10AB20000462046A01F01F0502FA05F52C43046271
:10AB300030BD000030B5026A056A25F001050562E6
:10AB40004368846924F0700424F003040D682C43E6
:10AB500022F002028D682A43104DA84200D103E082
:10AB60000F4DA84206D100BF22F00802CD682A434B
:10AB700022F00402094DA84202D0094DA84207D193
:10AB800023F4807323F400734D692B438D692B43A9
:10AB9000436084614D684563026230BD000001403E
:10ABA0000004014030B5026A056A25F0100505620F
:10ABB0004368846924F4E04424F440740D6844EA52
:10ABC000052422F020028D6842EA0512124DA842A7
:10ABD00000D103E0114DA84207D100BF22F080024E
:10ABE000CD6842EA051222F040020B4DA84202D085
:10ABF0000A4DA84209D123F4806323F400634D6910
:10AC000043EA85038D6943EA8503436084614D68A7
:10AC10008563026230BD0000000001400004014075
:10AC200030B5026A056A25F4807505624368C46917
:10AC300024F0700424F003040D682C4322F4007205
:10AC40008D6842EA0522124DA84200D103E0114D61
:10AC5000A84207D100BF22F40062CD6842EA052273
:10AC600022F480620A4DA84202D00A4DA84209D1BE
:10AC700023F4805323F400534D6943EA05138D698F
:10AC800043EA05134360C4614D68C563026230BD89
:10AC9000000001400004014030B5036A056A25F454
:10ACA000805505624468C26922F4E04222F4407291
:10ACB0000D6842EA052223F400538D6843EA053308
:10ACC000084DA84202D0084DA84204D124F4804483
:10ACD0004D6944EA85144460C2614D6805640362AD
:10ACE00030BD000000000140000401400368DB6A41
:10ACF000934202D20368DB6A9AB231B1042907D0C9
:10AD0000082908D00C290CD108E003685A6308E030
:10AD100003689A6305E00368DA6302E003681A6473
:10AD200000BF00BF7047000038B504461A480089CC
:10AD30000090E07D401CE075A5201849087020783F
:10AD400048706078887008466168C0F80310A16890
:10AD5000C0F8071012494968C0F80B101148407834
:10AD60000E49C8731048007F08740846217F41745B
:10AD7000617F8174618BA0F81310BDF80010A0F8FA
:10AD80001510E07D0549C875AA20087619220748E4
:10AD9000FBF7C8FD38BD000038790020747600202C
:10ADA000E8760020C00B0020FC0A00206010002084
:10ADB000142008F019FF00BF0C4808F0CBFD0B4829
:10ADC000FFF7B2FF0A4A4FF441710A4808F0E6FA69
:10ADD000022008F009FF064A40F20231054808F057
:10ADE0005DFA022008F000FFE6E70000547600203C
:10ADF0003C760020480E002070B50546AC6B002064
:10AE0000E085E0842046FBF71EFA70BD70B506466B
:10AE10000025B46B20684069C0F3C01594F8410068
:10AE2000212805D125B10020E084204600F0FBF860
:10AE300020684069C0F3801594F84200222805D1AB
:10AE400025B10020E085204600F0A7F8606C40F0B6
:10AE5000100060642046FBF7F6F970BD70B505463A
:10AE6000AC6B2868006800F48070002842D1E0854F
:10AE700000BF00BF21680C3151E8001F21F4807031
:10AE800021680C3141E80002002AF3D100BF00BF65
:10AE900000BF2168143151E8001F21F00100216832
:10AEA000143141E80002002AF3D100BF00BF00BF07
:10AEB0002168143151E8001F21F04000216814314D
:10AEC00041E80002002AF3D100BF202084F84200AC
:10AED000206B01280ED100BF00BF21680C3151E862
:10AEE000001F21F0100021680C3141E80002002A07
:10AEF000F3D100BF00206063206B012804D1A18D35
:10AF00002046FBF73DF902E02046FBF709FD70BD46
:10AF100070B50546AC6B01206063206B012805D13C
:10AF2000A08D41082046FBF72BF902E02046FBF7F5
:10AF3000F8FC70BD70B50546AC6B2868006800F47D
:10AF40008070F8B90020E08400BF00BF2168143190
:10AF500051E8001F21F080002168143141E800020F
:10AF6000002AF3D100BF00BF00BF21680C3151E8B7
:10AF7000001F41F0400021680C3141E80002002A26
:10AF8000F3D102E02046FBF713FD70BD70B5044617
:10AF9000A56B2846FBF70DFD70BD00BF00BF026822
:10AFA0000C3252E8002F22F4907102680C3242E811
:10AFB0000013002BF3D100BF00BF00BF02681432A2
:10AFC00052E8002F22F001010268143242E8001317
:10AFD000002BF3D100BF016B01290ED100BF00BFD0
:10AFE00002680C3252E8002F22F0100102680C3285
:10AFF00042E80013002BF3D100BF202180F842105B
:10B0000000210163704710B504462068C06820F035
:10B0100040002168C860202084F841002046FBF7EA
:10B02000C7FC002010BD00BF00BF02680C3252E810
:10B03000002F22F0C00102680C3242E80013002BFE
:10B04000F3D100BF202180F841107047F8B50446C5
:10B0500094F84200222875D1A068B0F5805F0CD129
:10B06000206950B90025A66A20684068C0F308002E
:10B070003080A06A801CA06215E0A56A0026A06846
:10B08000B0F5805F03D0A06828B9206918B920689E
:10B090004068287004E02068406800F07F00287055
:10B0A000A06A401CA062E08D401E80B2E0850028AE
:10B0B00046D12068C06820F020002168C860206860
:10B0C000C06820F480702168C8602068406920F062
:10B0D000010021684861202084F84200002060635C
:10B0E000206B012826D10020206300BF00BF21680B
:10B0F0000C3151E8001F21F0100021680C3141E8AB
:10B100000002002AF3D100BF2068006800F01000A0
:10B1100010280AD100BF002000902068006800902D
:10B1200020684068009000BF00BFA18D2046FBF75B
:10B1300027F802E02046FBF7F3FB0020F8BD01E012
:10B140000020FBE70220F9E72DE9F84F04462068CC
:10B15000006920F44050E1680843216808612169D2
:10B16000A068084361690843E169084300902068CA
:10B17000C06849F20C618843009908432168C8609F
:10B180002068406920F44070A16908432168486143
:10B1900076492068884203D075492068884203D1E7
:10B1A000F9F7C8FE814602E0F9F7B4FE8146E0698E
:10B1B000B0F5004F6CD102206168A0FB015003463E
:10B1C0001920A9FB007001462A463846F5F7ACFD68
:10B1D0006421B0FBF1F04FEA001A02206168A0FB85
:10B1E00001510B461920A9FB00712A463846F5F794
:10B1F0009BFD834602206168A0FB01500346192095
:10B20000A9FB00712A463846F5F78EFD6421B0FB94
:10B21000F1F000EBC00101EB0010ABEB800032213C
:10B2200001EBC0006421B0FBF1F000F0F8000AEB84
:10B23000400A02206168A0FB015003461920A9FBC7
:10B24000007001462A463846F5F76EFD8346022017
:10B250006168A0FB015003461920A9FB00712A4632
:10B260003846F5F761FD6421B0FBF1F000EBC00159
:10B2700001EB0010ABEB8000322101EBC000642138
:10B28000B0FBF1F000F007005044216888606AE0EC
:10B2900004206168A0FB015003461920A9FB00703F
:10B2A00001462A463846F5F73FFD8246042061688C
:10B2B000A0FB015003461920A9FB007001462A4655
:10B2C0003846F5F731FD6421B0FBF1F000EBC00129
:10B2D00001EB0010AAEB8000322101EB0010642189
:10B2E000B0FBF1F000F0F00A04206168A0FB0170EF
:10B2F00003461920A9FB00513A462846F5F714FDEC
:10B300006421B0FBF1F00AEB001A04206168A0FB95
:10B3100001510B461920A9FB00712A463846F5F762
:10B3200003FD834604206168A0FB015003461920F9
:10B33000A9FB007001462A463846F5F7F5FC642162
:10B34000B0FBF1F000EBC00101EB0010ABEB8000B3
:10B35000322101EB00106421B0FBF1F000F00F008E
:10B36000504421688860BDE8F88F0000001001405B
:10B370000014014077B581B0044615460298A062DA
:10B38000A58500206064222084F842002848E16BF3
:10B39000C8632848E16B08642748E16BC864002053
:10B3A000E16B086502AE32682368191D2B46E06B1D
:10B3B000F8F79EFA00BF0020009020680068009017
:10B3C00020684068009000BF00BF206970B100BFD6
:10B3D00000BF21680C3151E8001F41F480702168E2
:10B3E0000C3141E80002002AF3D100BF00BF00BFCA
:10B3F0002168143151E8001F41F001002168143127
:10B4000041E80002002AF3D100BF00BF00BF21685D
:10B41000143151E8001F41F040002168143141E827
:10B420000002002AF3D100BF002004B070BD00006C
:10B430005DAE000811AF00080DAE0008014691F89E
:10B440004100212828D18868B0F5805F0BD10869B8
:10B4500048B90A6A1088C0F308000B685860086A87
:10B46000801C086205E00B6A581C086218780B689B
:10B470005860C88C401E80B2C88458B90868C0683B
:10B4800020F080000B68D8600868C06840F0400079
:10B490000B68D860002070470220FCE710B586B02A
:10B4A0000446A5208DF80800214800788DF80B008F
:10B4B0000A20ADF809001F48029901609DF80C10A0
:10B4C0000171052103F0C6FE40F2013001901948D8
:10B4D000BDF80410A0F805104FF49070ADF80D0001
:10B4E0001548018802A8ADF80F1048F28001ADF8A8
:10B4F00011101048C01DDDF80D100160BDF81110CD
:10B500008180C01F0D490968C0F80D10132103F098
:10B5100089FE132207490A48FBF704FA0949087013
:10B5200003480078401C0249087006B010BD0000B6
:10B530005A0800203F8400205C080020640000209E
:10B54000F01000206008002038B528480068006826
:10B5500000F01000102845D124480068C06800F0B1
:10B56000100000283ED021480068006884B21F48BF
:10B570000068406884B2601E84B21D480078401C98
:10B580001B49087000BF0020009018480068006840
:10B590000090164800684068009000BF00BF134844
:10B5A000FAF7EFFD1148C06B006840681149088048
:10B5B0000E48C06B006840680F4908600D4800885D
:10B5C0000E4908800B480088C0F14800122803D1BA
:10B5D0000B490C48FEF7F8FF48220A490348FBF7DD
:10B5E00089F900BF0148FAF72FFE38BD601000202E
:10B5F000AC010020B4010020B0010020AE01002009
:10B6000090760020D875002008B5F8F7DFFA454994
:10B61000086045480068401C43490860434800688A
:10B62000006800F0200060B100BF002000903F489B
:10B630000068006800903D4800684068009000BFC6
:10B640006EE03B48006800F01000002868D000BFA2
:10B65000002000903548006800680090334800687A
:10B660004068009000BF00BF32480068006800F4E6
:10B67000002058BB2F480068006820F001002D49C9
:10B68000096808602B4800684068C0F124002A4916
:10B690000880242027490968486026480068006817
:10B6A00040F40020234909680860224800680068C7
:10B6B00040F001001F49096808601F4800881228EF
:10B6C0002ED11E491E4807F04FFC29E0194800689A
:10B6D000006820F0010017490968086015480068F3
:10B6E0004068C0F1240014490880242011490968E9
:10B6F00048601448806A20F40020124988620D488E
:10B700000068006840F001000A49096808600A48BA
:10B710000088122804D109490948243007F024FC84
:10B7200008BD0000A0070020B0070020A8100020DE
:10B7300000480040F8110020D00700205C7800206D
:10B74000B87800200060024008B54248006800F068
:10B750001000002879D000BF002000903E4800680B
:10B76000006800903C4800684068009000BF00BF3F
:10B770003948C06B0068006800F4002090BB364870
:10B78000C06B0068006820F001003349C96B09688C
:10B7900008603148C06B00684068C0F500702F49F0
:10B7A00008804FF400702C49C96B096848602A482A
:10B7B000C06B0068006840F400202749C96B096825
:10B7C00008602548C06B0068006840F0010022490D
:10B7D000C96B09680860214802882149214804F0A2
:10B7E000B0FE32E0FFE71C48C06B0068006820F044
:10B7F00001001949C96B096808601748C06B0068E7
:10B800004068C0F50070154908804FF40070124977
:10B81000C96B096848601048C06B0068006820F474
:10B8200000200D49C96B096808600B48C06B0068AF
:10B83000006840F001000849C96B096808600748C2
:10B8400002880949074804F07CFE0348FAF7FCFC2B
:10B8500008BD000000140140F01000203608002050
:10B86000B07A0020B07E0020B07C00202DE9F041AD
:10B8700004460D46D4F8C87204F53070D4F8D412DA
:10B8800050F8210010B90320BDE8F08104F53070B4
:10B89000D4F8D41250F8216005F00F0000EB8001BD
:10B8A00004F1140000EB8100406838B305F00F008C
:10B8B00000EB800104F1140000EB8100416805F009
:10B8C0000F0000EBC00207F1140000EB820080685B
:10B8D000B1FBF0F200FB121080B9002105F00F005F
:10B8E00000EB800204F1140000EB820041600023B1
:10B8F0001A462946204601F02CF917E00020C6F828
:10B90000140204F53170D4F8D41250F82100006903
:10B9100060B1D6F8080204F53171D4F8D42251F898
:10B9200022102A460B6906F5047198470020ABE700
:10B9300070B504460E4604F53070D4F8D41250F8B1
:10B940002150D4F8D41250F8210008B9032070BD5A
:10B950003146204600F055FFC5F80C02D5F8040228
:10B9600004F53171D4F8D43251F82310CA6805F5C2
:10B97000037190470020EAE770B504460D46304851
:10B980000178204600F00FFE00212D48007800F0DD
:10B990000F0000EB800204F1140000EB8200018232
:10B9A00028480178204600F0FEFD00212548007857
:10B9B00000F00F0000EB800204F5AA7000EB82009B
:10B9C000018221480178204600F0EDFD00211E484B
:10B9D000007800F00F0000EB800204F1140000EB8F
:10B9E000820001821848007800F00F0000EB80020E
:10B9F00004F1140000EB8200418204F53070D4F8A9
:10BA0000D41250F82100C8B104F53171D4F8D42211
:10BA100051F822104868804704F53071D4F8D422D8
:10BA200051F8220001F0BEFB002104F53070D4F87B
:10BA3000D42240F822100020C4F8BC02002070BDBF
:10BA40001F030020200300202103002070B50446BE
:10BA500004F53070D4F8D41250F821500DB90320F9
:10BA600070BD04F53170D4F8D41250F8210098B1AB
:10BA700095F80002FF280FD095F8012295F80002F2
:10BA800004F53171D4F8D46251F826108B68294638
:10BA90009847FF2085F800020020E1E701460A20D0
:10BAA0000880014870470000980200202DE9F0410D
:10BAB000044682210D4800F09CFC054601210B48FC
:10BAC00000F097FC06468121084800F092FC0746EA
:10BAD0000DB11020A8710EB14020B0800FB14020F0
:10BAE000B880432020800148BDE8F081DC020020BE
:10BAF0002DE9F041044682210E4800F07AFC05460B
:10BB000001210C4800F075FC06468121094800F02F
:10BB100070FC07460DB11020A87116B14FF40070EB
:10BB2000B08017B14FF40070B880432020800148E6
:10BB3000BDE8F081DC0200202DE9F04104468221BD
:10BB40000D4800F056FC054601210B4800F051FC61
:10BB500006468121084800F04CFC07460DB1102034
:10BB6000A8710EB14020B0800FB14020B8804320B2
:10BB700020800148BDE8F081DC02002070B5044659
:10BB80000E464FF4077001F00FFB054645B9002142
:10BB900004F53070D4F8D42240F82210022070BD91
:10BBA0004FF407712846F5F709F904F53070D4F819
:10BBB000D41240F82150D4F8D41250F82100C4F81F
:10BBC000BC02207C98BB4FF40073022250480178DD
:10BBD000204600F0B7FE01214D48007800F00F002C
:10BBE00000EB800204F1140000EB820001824B02A2
:10BBF000022248480178204600F0A4FE0121454871
:10BC0000007800F00F0000EB800204F5AA7000EB52
:10BC10008200018210214048007800F00F0000EB04
:10BC2000800204F1140000EB8200418232E0FFE761
:10BC30004023022236480178204600F083FE01218D
:10BC40003348007800F00F0000EB800204F114008C
:10BC500000EB82000182402302222E480178204618
:10BC600000F070FE01212B48007800F00F0000EB7F
:10BC7000800204F5AA7000EB8200018210212648A0
:10BC8000007800F00F0000EB800204F1140000EBDC
:10BC900082004182082303221F480178204600F0D9
:10BCA00051FE01211C48007800F00F0000EB8002DB
:10BCB00004F1140000EB820001820020C5F80402A8
:10BCC00004F53171D4F8D42251F822100868804765
:10BCD0000020C5F81402C5F81802D5F8040208B906
:10BCE00002205CE7207C48B94FF4007309480178D2
:10BCF0002046D5F8042200F03DFE07E04023054829
:10BD000001782046D5F8042200F034FE002046E7F2
:10BD10001F030020200300202103002070B50446EB
:10BD200004F53070D4F8D41250F82150D4F8D4125D
:10BD300050F8210008B9032070BD207C48B94FF4A9
:10BD40000073094801782046D5F8042200F012FE5D
:10BD500007E04023044801782046D5F8042200F08B
:10BD600009FE0020E8E7000020030020024609B990
:10BD70000320704702F53170D2F8D43240F8231016
:10BD80000020F6E710B5024602F53070D2F8D44232
:10BD900050F824300BB9032010BDC3F80412002062
:10BDA000FAE730B503460C4603F53070D3F8D452A9
:10BDB00050F8251009B9032030BDC1F80842C1F878
:10BDC00010220020F8E72DE9FC4105460C4605F558
:10BDD0003070D5F8D41250F8216000200190009006
:10BDE000804616B90320BDE8FC81207800F0600091
:10BDF00000283DD020287CD1E08868B3207800F06E
:10BE00008000B8B1E288607805F53171D5F8D4C208
:10BE100051F82C108B6831469847E088072801D9E3
:10BE2000072000E0E08807463A463146284600F001
:10BE300011F91CE0607886F80002E088402801D201
:10BE4000E08800E0402086F8010296F801223146A1
:10BE5000284600F0DEF80AE0607805F53171D5F883
:10BE6000D42251F8221000228B682146984747E0DF
:10BE7000607830B1012832D00A2813D00B282FD196
:10BE800021E095F89C02032805D102226946284644
:10BE900000F0E0F805E02146284600F0AEF84FF04B
:10BEA000030824E095F89C02032805D1012201A98A
:10BEB000284600F0CFF805E02146284600F09DF81E
:10BEC0004FF0030813E095F89C02032805D02146A3
:10BED000284600F092F84FF0030808E009E006E079
:10BEE0002146284600F089F84FF0030800BF00BF44
:10BEF00006E02146284600F080F84FF0030800BF16
:10BF000000BF40466FE7000070B5054605F530708C
:10BF1000D5F8D41250F8214001260CB9032070BD89
:10BF2000D4F81402C8B90120C4F814020C480078EF
:10BF300000F00F0000EB800205F1140000EB82001E
:10BF4000D4F810124160064801782846D4F810321F
:10BF5000D4F8082200F0FDFD00263046DFE700009F
:10BF60001F03002070B504460D460026D4F8B80221
:10BF7000294642682046904700B10326304670BDEE
:10BF800070B504460D4694F89C02012804D002289E
:10BF900003D003280CD101E000BF00BF688801284E
:10BFA00005D10020C4F8A402204600F064F804E0A3
:10BFB0002946204600F021F800BF00BF70BD0246B0
:10BFC0000020704702460020704770B506460C46B8
:10BFD00015462B4622460021304600F0CBFC0020BF
:10BFE00070BD70B506460C4615462B46224600210C
:10BFF000304600F0AEFD002070BD70B504460D4621
:10C000008021204600F075FD0021204600F071FDE2
:10C0100070BD70B504460E4615460320C4F8940260
:10C020004FF4AC700551001D05512B4632460021DE
:10C03000204600F09FFC002070BD10B5044605208E
:10C04000C4F8940200231A461946204600F092FCD8
:10C05000002010BD70B504460E4615460220C4F8F7
:10C060009402A561E5612B4632460021204600F08E
:10C0700070FD002070BD10B504460420C4F8940281
:10C0800000231A461946204600F063FD002010BD2B
:10C0900070B505460C462DB92246064906A000F0AB
:10C0A00012FA04E02246034903A000F00CFA01480A
:10C0B00070BD00003C16002043444320436F6E6671
:10C0C000696700000246122008800148704700009E
:10C0D000D401002070B505460C462DB9224606490C
:10C0E00006A000F0F0F904E02246034903A000F0A6
:10C0F000EAF9014870BD00003C160020434443208B
:10C10000496E746572666163650000000246042032
:10C110000880014870470000E801002070B505461E
:10C120000C462246024903A000F0CDF9004870BD3C
:10C130003C16002053544D6963726F656C656374DF
:10C14000726F6E696373000070B505460C462DB9B9
:10C150002246064906A000F0B6F904E0224603494B
:10C1600003A000F0B0F9014870BD00003C160020AB
:10C1700053544D3332205669727475616C20436F8D
:10C180006D506F727400000070B505460C461A20A1
:10C190002080F6F759FC014870BD0000EC0100203A
:10C1A00070B504460D46E888012804D0294620468B
:10C1B000FFF723FF1EE094F89C02012804D0022818
:10C1C00003D0032810D109E000BF0020A0600122A5
:10C1D00004F108012046FFF73DFF0AE00122211D7E
:10C1E0002046FFF737FF04E029462046FFF705FF0A
:10C1F00000BF00BF70BDF8B504460E460020009099
:10C200000027002570880012082875D2DFE800F0AA
:10C21000C7040C20C7C7A5B5207CD4F8B4120A689F
:10C22000694690470746C1E0207C40B9D4F8B8027F
:10C23000816A6846884707460220787007E0D4F88C
:10C24000B802C16A68468847074602207870ADE0A8
:10C25000B078062878D2DFE800F00316293C506356
:10C26000D4F8B402406838B1207CD4F8B4124A68DB
:10C2700069469047074605E031462046FFF7BDFE78
:10C28000681CC5B267E0D4F8B402806838B1207C7D
:10C29000D4F8B4128A6869469047074605E03146EB
:10C2A0002046FFF7AAFE681CC5B254E0D4F8B402D9
:10C2B000C06838B1207CD4F8B412CA686946904787
:10C2C000074605E031462046FFF797FE681CC5B2D9
:10C2D00041E0D4F8B402006938B1207CD4F8B4123B
:10C2E0000A6969469047074605E031462046FFF750
:10C2F00084FE681CC5B22EE051E0D4F8B402406957
:10C3000038B1207CD4F8B4124A6969469047074690
:10C3100005E031462046FFF770FE681CC5B21AE002
:10C32000D4F8B402806940B1207CD4F8B4128A6990
:10C3300069469047074606E006E031462046FFF78B
:10C340005CFE681CC5B206E031462046FFF755FE8C
:10C35000681CC5B200BF00BF28E0207C30B9D4F80B
:10C36000B802416B68468847074605E031462046DB
:10C37000FFF743FE681CC5B218E0207C40B9D4F832
:10C38000B802016B6846884707460720787005E0C9
:10C3900031462046FFF731FE681CC5B206E0314643
:10C3A0002046FFF72AFE681CC5B200BF00BF05B1DA
:10C3B000F8BDF088C0B1BDF8000080B1F088BDF8CC
:10C3C0000010884202DDBDF8000000E0F088009017
:10C3D000BDF8002039462046FFF73CFE07E0314615
:10C3E0002046FFF70AFE02E02046FFF744FE00BFAA
:10C3F000DEE72DE9F84105460F462C462E464FF064
:10C40000000870883178884218DD307800900FE09D
:10C410006946204600F020F804466078052807D1D8
:10C42000A04698F80200B84200D106E04FF000089C
:10C430007088BDF800108842EADC00BF4046BDE8C5
:10C44000F881014600200A4602E0431CD8B2521C83
:10C450001378002BF9D1704710B5024610460B88AF
:10C46000047823440B800378981810BD70B50446F7
:10C470000D4694F89C02012804D0022803D003281A
:10C480001AD101E000BF00BFE888022804D0294685
:10C490002046FFF7B2FD14E00120E060D4F8A402CA
:10C4A00018B1E06840F00200E060022204F10C01E3
:10C4B0002046FFF7CFFD04E029462046FFF79DFD0B
:10C4C00000BF00BF70BD2DE9F04107460D46904604
:10C4D00000240FB9BDE8F0813E463046FFF7B1FFBA
:10C4E000022101EB4000A8F8000098F80000285550
:10C4F000601CC4B203202855601CC4B208E0307828
:10C500002855761C601CC4B200202855601CC4B29B
:10C5100030780028F3D100BFDCE70146002031B1BC
:10C52000012906D0022906D0032908D105E0002000
:10C5300007E0032005E0012003E0032001E00320E1
:10C5400000BF00BF70472DE9F04104460D46164676
:10C5500014B90320BDE8F0810020C4F8B802C4F883
:10C56000C402C4F8D0020DB1C4F8B452012084F85A
:10C570009C022670204600F04DF907463846E9E750
:10C580002DE9F04104460D46002600272946D4F83F
:10C59000C802F7F7E6FC06463046FFF7BEFF07463F
:10C5A0003846BDE8F0812DE9F04104460D460026ED
:10C5B00000272946D4F8C802F7F79EFC0646304605
:10C5C000FFF7ABFF07463846BDE8F0812DE9F0479D
:10C5D00004460F469146002F56D104F11405D4F8B5
:10C5E0009402022846D1D5E9020188420FD9D5E943
:10C5F0000201401AA86049462046AA68FFF7F1FCEC
:10C6000000231A461946204600F0B4F932E0D5E975
:10C610000210884217D1E9686868884213D36868B5
:10C62000D4F8981288420ED2002211462046FFF715
:10C63000D8FC0020C4F8980200231A461946204668
:10C6400000F098F916E094F89C0203280BD1D4F876
:10C65000B802C06838B10020C4F8D402D4F8B802D7
:10C66000C168204688478021204600F042FA2046D3
:10C67000FFF7E3FC94F8A00250B3204600F0C0FAA4
:10C68000002084F8A00223E047F080012046FFF755
:10C6900096FC0646FF2E1BD0D6B994F89C020328C0
:10C6A00016D104F52E7050F82600406980B1C4F808
:10C6B000D46204F52E7050F82600394642692046AF
:10C6C00090478046B8F1000F02D04046BDE8F087A1
:10C6D0000020FBE72DE9F04705460F4690464FF056
:10C6E0000009002F51D105F5AA76D5F89402032848
:10C6F0006FD1D6E90201884210D9D6E90201401A69
:10C70000B060D6E90201884201D2B06800E0F0686A
:10C71000024641462846FFF758FC5AE095F8AA021F
:10C7200000F01F0020B1012804D0022812D109E036
:10C73000002411E040F2AE20415D2846FFF742FCA4
:10C74000044609E040F2AE20415D2846FFF737FC81
:10C75000044601E0002400BF00BF94B995F89C0294
:10C7600003280ED105F52E7050F82400006940B161
:10C77000C5F8D44205F52E7050F82400016928460A
:10C7800088472846FFF777FC23E007F07F0128461B
:10C79000FFF715FC0446FF2C1BD0D4B995F89C027A
:10C7A000032810D105F52E7050F82400806950B18F
:10C7B000C5F8D44205F52E7050F824003946826938
:10C7C000284690478146B9F1000F02D04846BDE89F
:10C7D000F0870020FBE701460020704770B5044653
:10C7E0000025012084F89C02D4F8B80238B12179E0
:10C7F000D4F8B80242682046904700B10325284685
:10C8000070BD70B504460D462946D4F8C802F7F746
:10C81000E6FB70BD10B50446207800282AD11648E2
:10C82000C0F8E044C4F8C8024FF0A04012490860C4
:10C830000420087102211048C17100218171022178
:10C84000417200218172C17201738173C173F8F763
:10C850001AF808B1F6F7F5F880210748F7F7D1FA8A
:10C86000402200210448F7F7D1FA80220121024832
:10C87000F7F7CCFA002010BD3C28002010B5024686
:10C88000D2F8C83201F08000802809D101F07F0081
:10C8900000EBC00403F1140000EB8400807810BDAD
:10C8A00001F07F0000EBC00403F5157000EB84007D
:10C8B0008078F4E770B504460D4604F52E70D4F880
:10C8C000D41250F8210008B9032070BD94F89C02DE
:10C8D000032811D104F52E70D4F8D41250F8210099
:10C8E000006A48B104F52E70D4F8D41250F8210033
:10C8F0002946026A204690470020E6E770B50446C4
:10C900000D4604F52E70D4F8D41250F8210008B961
:10C91000032070BD94F89C02032811D104F52E70F9
:10C92000D4F8D41250F82100406A48B104F52E70B2
:10C93000D4F8D41250F821002946426A2046904784
:10C940000020E6E72DE9F04704460F4615461E464F
:10C950004FF00008C1462B4632463946D4F8C8028B
:10C96000F7F748FB80464046FFF7D7FD814648462B
:10C97000BDE8F0872DE9F04704460D4616461F46F0
:10C980004FF00008C1463B4632462946D4F8C8025B
:10C99000F7F776FB80464046FFF7BFFD81464846E5
:10C9A000BDE8F08770B504460025012084F89C029C
:10C9B0000020C4F894026060C4F8A40284F8A002C5
:10C9C000D4F8B80258B1D4F8B802406838B1217927
:10C9D000D4F8B80242682046904700B103254023AE
:10C9E000002211462046FFF7ADFF01214FF4B2703F
:10C9F00001534021001F0151402300228021204685
:10CA0000FFF7A0FF0121A18440212162284670BDCB
:10CA1000014691F89C02042803D191F89D0281F807
:10CA20009C020020704710B5044694F89C0203282D
:10CA30000BD1D4F8B80240B1D4F8B802C06920B123
:10CA4000D4F8B802C16920468847002010BD0246CC
:10CA50001174002070472DE9F04104460D46002670
:10CA600000272946D4F8C802F8F736F806463046BB
:10CA7000FFF753FD07463846BDE8F08170B5044620
:10CA80000D46294604F2AA2000F07BF80120C4F8E4
:10CA900094024FF42C70005BC4F8980294F8AA0238
:10CAA00000F01F0020B1012809D0022815D10DE0A7
:10CAB00004F2AA21204600F087F9064616E004F2A7
:10CAC000AA21204600F017FB06460FE004F2AA2137
:10CAD000204600F0D0F9064608E094F8AA0200F0DB
:10CAE0008001204600F005F8064600BF00BF304632
:10CAF00070BD2DE9F04104460D4600260027294669
:10CB0000D4F8C802F7F7DFFA06463046FFF705FD0E
:10CB100007463846BDE8F08170B50446002500267A
:10CB2000D4F8C802F7F7FBFF05462846FFF7F5FCE7
:10CB30000646304670BD014691F89C02042803D099
:10CB400091F89C0281F89D02042081F89C0200204B
:10CB500070472DE9F04704460D4616461F464FF034
:10CB60000008C1463B4632462946D4F8C802F7F7CA
:10CB7000EFFA80464046FFF7D0FC81464846BDE8C4
:10CB8000F08770B505460E46344620782870641C40
:10CB900020786870641C2046FDF7FEFD6880641CE8
:10CBA000641C2046FDF7F8FDA880641C641C204628
:10CBB000FDF7F2FDE88070BD38B504460D46002053
:10CBC00000900DB9032038BDC4F8B85204F52E709A
:10CBD000D4F8D41250F82100C06A50B104F52E7078
:10CBE000D4F8D42250F82200C16A68468847C4F8B5
:10CBF000D002D4F8D802401CC4F8D8020020E2E7E2
:10CC000001460020704770B504460D46A88810BB49
:10CC1000E88800BB688880281DD2A87800F07F06CD
:10CC200094F89C02032804D129462046FFF7E5F931
:10CC300015E084F89E6231462046FFF70CFF20463F
:10CC4000FFF719FA1EB1022084F89C0207E00120C8
:10CC500084F89C0203E029462046FFF7CEF970BD18
:10CC600070B504460D460026D4F8B80230B1D4F8A9
:10CC7000B80229460268204690470646304670BDF5
:10CC800070B504460E460025B0783D490870084648
:10CC90000078012805D931462046FFF7AEF9032078
:10CCA00070BD94F89C02022802D0032859D11FE0DD
:10CCB00033480078C0B1324800786060304801786D
:10CCC0002046FFF7CDFF05463DB131462046FFF730
:10CCD00094F9022084F89C0209E02046FFF7CBF982
:10CCE000032084F89C0202E02046FFF7C4F943E0E9
:10CCF0002348007870B9022084F89C02204800780C
:10CD000060601F4801782046FFF72CF92046FFF7A6
:10CD1000B2F925E01A490978606888421DD0217966
:10CD20002046FFF71FF91648007860601448017824
:10CD30002046FFF795FF05465DB131462046FFF7D7
:10CD40005CF921792046FFF70DF9022084F89C0256
:10CD500006E02046FFF78FF902E02046FFF78BF947
:10CD60000AE031462046FFF748F905480178204699
:10CD7000FFF7F8F8032500BF00BF284690E7000042
:10CD80009402002070B505460C466088012805D144
:10CD9000C5F8A4022846FFF76EF90EE06088022865
:10CDA00007D1A088001285F8A0022846FFF763F992
:10CDB00003E021462846FFF720F970BD10B5044670
:10CDC0002046FFF7A9FE10BD70B504460D460026AB
:10CDD000287800F0600088B1202802D0402842D195
:10CDE00000E000BF04F52E70D4F8D41250F82100F2
:10CDF0002946826820469047064639E068780A2826
:10CE00002AD2DFE800F01A24291F290A0529150F64
:10CE100029462046FFF7EFF923E029462046FFF791
:10CE2000F2FE1EE029462046FFF72AFF064618E0DC
:10CE300029462046FFF7B4F913E029462046FFF7BC
:10CE400015FB0EE029462046FFF79CFF09E0294626
:10CE50002046FFF795F804E029462046FFF7CDF875
:10CE600000BF00BF04E029462046FFF7C6F800BF18
:10CE700000BF304670BD2DE9F04705460F464FF024
:10CE800000093C79387800F06000F8B1202802D021
:10CE900040287DD100E000BF21462846FFF78FF8EB
:10CEA0000646FF2E11D086B9C5F8D46205F52E705E
:10CEB00050F82600806840B105F52E7050F8260025
:10CEC0003946826828469047814610E178780028E4
:10CED0007AD001282FD003286ED195F89C02022821
:10CEE00002D0032820D110E054B1802C08D0214674
:10CEF0002846FFF7FEFD80212846FFF7FAFD03E0F4
:10CF000039462846FFF779F813E0788840B93CB1F4
:10CF1000802C05D0F88818B921462846FFF7E9FD8E
:10CF20002846FFF7A8F804E039462846FFF765F8D9
:10CF300000BF00BFD4E095F89C02022802D003286D
:10CF40003BD110E054B1802C08D021462846FFF791
:10CF5000D0FD80212846FFF7CCFD03E03946284666
:10CF6000FFF74BF82EE0788820BB04F07F0018B163
:10CF700021462846FFF704FB2846FFF77CF82146A8
:10CF80002846FFF71CF80646FF2E13D096B900E09E
:10CF9000A8E0C5F8D46205F52E7050F82600806828
:10CFA00040B105F52E7050F82600394682682846B3
:10CFB0009047814606E007E08DE039462846FFF7B6
:10CFC0001CF800BF00BF8BE095F89C02022802D03D
:10CFD000032879D126E034B1802C04D03946284684
:10CFE000FFF70BF875E004F08000802808D104F00A
:10CFF0007F0000EB800105F1140000EB810007E0E9
:10D0000004F07F0000EB800105F5AA7000EB8100C1
:10D0100080460020C8F80000022241462846FFF75B
:10D0200019F856E004F0800080280ED104F00F00BB
:10D0300000EB800105F1140000EB8100008A98B933
:10D0400039462846FEF7D9FF43E004F00F0000EB15
:10D05000800105F5AA7000EB8100008A20B93946ED
:10D060002846FEF7CAFF34E004F08000802808D18B
:10D0700004F07F0000EB800105F1140000EB81005B
:10D0800007E004F07F0000EB800105F5AA7000EBDB
:10D09000810080460CB1802C03D10020C8F800002C
:10D0A0000CE021462846FFF7E9FB20B10120C8F833
:10D0B000000003E008E00020C8F80000022241461A
:10D0C0002846FEF7C7FF04E039462846FEF795FFDD
:10D0D00000BF00BF04E039462846FEF78EFF00BFC0
:10D0E00000BF04E039462846FEF787FF00BF00BFB7
:10D0F0004846BDE8F0872DE9F04105460E46002779
:10D10000307800F0600030B1202802D0402840D1B3
:10D1100000E000BF00BF95F89C02012804D002285F
:10D1200003D003282ED101E000BF00BF30790128D1
:10D1300023D831792846FEF745FF0446FF2C14D04A
:10D140009CB905F52E7050F82400806858B1C5F8D8
:10D15000D44205F52E7050F82400314682682846E6
:10D160009047074602E0032700E00327F08840B914
:10D170003FB92846FEF77FFF03E031462846FEF719
:10D180003CFF04E031462846FEF737FF00BF00BFF2
:10D1900004E031462846FEF730FF00BF00BF3846A6
:10D1A000BDE8F0817047000001460148704700006B
:10D1B000202D002070B504460B4622461978587879
:10D1C00001282CD140F61C0080581D7805F00F0670
:10D1D0000125B540ADB2284340F61C05A85002F524
:10D1E000106000EB4110006800F40040F0BB1889AB
:10D1F000C0F30A001D7940EA854040EA815040F0C2
:10D20000805040F4004002F5106505EB41152D6893
:10D21000284302F5106505EB411528602DE040F626
:10D220001C0080581D7805F00F060125B540144EEE
:10D2300006EA0545284340F61C05A85002F5306073
:10D2400000EB4110006800F4004078B91889C0F381
:10D250000A001D7940EA854040F0805040F40040CB
:10D2600002F5306505EB41152D6800E005E0284327
:10D2700002F5306505EB41152860002070BD000007
:10D280000000FFFF01460A464FF410608058C30AB1
:10D29000DB024FF41060835040F60400805840F4E5
:10D2A000807340F604008350002070470FB470B5BF
:10D2B00004469DF81900012818D1A06B20F4803095
:10D2C000A063E0681B490840E060E06820F440107B
:10D2D000E0609DF82000012803D1E06840F4801050
:10D2E000E060204600F028F8054613E0E06840F0D2
:10D2F0004000E060204600F01FF805469DF81D0044
:10D3000020B9A06B40F48030A06303E0A06B20F450
:10D310008030A0639DF81600012807D1A06840F076
:10D320000600A060A06840F02000A060284670BC05
:10D330005DF814FBBFFFBDFF08B50146002000905B
:10D3400000BF0098401C00900098B0F1706F01D9A8
:10D35000032008BD086900F000400028F1D000203B
:10D360000090086940F00100086100BF0098401C6F
:10D3700000900098B0F1706F01D90320E9E70869C7
:10D3800000F001000028F1D100BFE2E770B50446CB
:10D390000B46224619785878012848D102F51060CA
:10D3A00000EB4110006800F00040B0F1004F17D1D1
:10D3B00002F5106000EB4110006840F0006502F5D6
:10D3C000106000EB4110056002F5106000EB4110A9
:10D3D000006840F0804502F5106000EB41100560E8
:10D3E00040F63C0080581D7805F00F060125B54039
:10D3F000ADB2A84340F63C05A85040F61C0080584A
:10D400001D7805F00F060125B540ADB2A84340F6E2
:10D410001C05A85002F5106000EB411000682B4D70
:10D42000284002F5106505EB411528604BE002F538
:10D43000306000EB4110006800F00040B0F1004F98
:10D4400017D102F5306000EB4110006840F0006534
:10D4500002F5306000EB4110056002F5306000EB32
:10D460004110006840F0804502F5306000EB41104B
:10D47000056040F63C0080581D7805F00F06012538
:10D48000B540134E06EA0545A84340F63C05A850B2
:10D4900040F61C008558187800F00F060120B040B7
:10D4A0000B4E06EA0040854340F61C00855002F50D
:10D4B000306000EB41100068064D284002F53065F1
:10D4C00005EB41152860002070BD0000007833ECAA
:10D4D0000000FFFF0078F3EF01460A46D2F8000E85
:10D4E00020F00300C2F8000E40F60400805820F03F
:10D4F000020340F6040083500020704701460A46AC
:10D50000D2F8000E20F00300C2F8000E40F604002E
:10D51000805840F0020340F604008350002070471A
:10D520000FB4F0B5054600272E46002405E0002183
:10D5300005F5827040F82410641C0F2CF7D39DF879
:10D540002200A0B940F60400805940F0020140F6E4
:10D5500004008151A86B40F40010A863A86B20F46C
:10D560000020A863A86B20F48020A86307E0A86BC4
:10D5700020F40010A863A86B40F40020A8630020EA
:10D58000C6F8000E9DF81D0001280CD19DF81B0067
:10D5900020B90021284600F004FD08E001212846BA
:10D5A00000F0FFFC03E00321284600F0FAFC102104
:10D5B000284600F0FCFB00B10127284600F0CFFB15
:10D5C00000B1012700214FF401608151001D8151FC
:10D5D00040F61C00815100242EE006F5106000EB9F
:10D5E0004410006800F00040B0F1004F10D13CB989
:10D5F0004FF0006106F5106000EB441001600DE093
:10D600004FF0904106F5106000EB4410016005E01A
:10D61000002106F5106000EB44100160002106F5C2
:10D62000106000EB441001614FF67F3106F5106089
:10D6300000EB44108160641C9DF81800A042CCD817
:10D6400000242EE006F5306000EB4410006800F086
:10D650000040B0F1004F10D13CB94FF0006106F529
:10D66000306000EB441001600DE04FF0904106F592
:10D67000306000EB4410016005E0002106F53060E9
:10D6800000EB44100160002106F5306000EB44100F
:10D6900001614FF67F3106F5306000EB4410816088
:10D6A000641C9DF81800A042CCD84FF4016080594A
:10D6B00020F480714FF4016081510020A8616FF067
:10D6C000804068619DF81A0018B9A86940F0100000
:10D6D000A861A8690A490843A8619DF81E0018B10D
:10D6E000A86940F00800A8619DF82200012803D134
:10D6F000A86904490843A8613846F0BC5DF814FBEA
:10D7000000383C80040000400146886820F0010099
:10D71000886000207047000070B503460C4619462B
:10D720001D6C1848854209D94FF43060405800F00C
:10D730000040B0F1004F01D1002070BD0026C1F8BB
:10D74000106BD1F8100B40F40026C1F8106BD1F823
:10D75000100B40F01806C1F8106BD1F8100B40F018
:10D76000C046C1F8106B012C09D1C1F8142B4FF43D
:10D770003060405840F080264FF430604650002022
:10D78000DBE700000A30544F30B504460B46224612
:10D790001978587801281ED102F5106000EB41106D
:10D7A000006820F4001502F5106000EB41100560E0
:10D7B0001879032802D0187902282AD102F51060BE
:10D7C00000EB4110006840F0805502F5106000EB5E
:10D7D000411005601DE002F5306000EB411000686B
:10D7E00020F4001502F5306000EB41100560187957
:10D7F000032802D0187902280BD102F5306000EB23
:10D800004110006840F0805502F5306000EB411097
:10D810000560002030BD30B504460B46224619781D
:10D820005878012821D102F5106000EB4110006802
:10D8300000F0004060B959B102F5106000EB4110F2
:10D84000006820F0804502F5106000EB4110056093
:10D8500002F5106000EB4110006840F4001502F57D
:10D86000106000EB4110056020E002F5306000EB35
:10D870004110006800F0004060B959B102F5306015
:10D8800000EB4110006820F0804502F5306000EBAD
:10D890004110056002F5306000EB4110006840F473
:10D8A000001502F5306000EB41100560002030BD2E
:10D8B0002DE9F84381460E4617464D463478707878
:10D8C00001287DD1306920BB05F5106000EB4410C4
:10D8D0000069E349084005F5106101EB4411086156
:10D8E00005F5106000EB4410006940F4002105F5D7
:10D8F000106000EB4410016105F5106000EB44106E
:10D900000069C10CC90405F5106000EB4410016109
:10D910006BE005F5106000EB44100069C10CC90410
:10D9200005F5106000EB4410016105F5106000EB97
:10D9300044100069CA49084005F5106101EB441123
:10D94000086194B9B1683069884201D9B068306122
:10D9500005F5106000EB4410006940F4002105F566
:10D96000106000EB4410016114E0B16830690844B4
:10D97000401EB0FBF1F0BA49C94301EAC04005F5C9
:10D98000106101EB44110969084305F5106101EBD1
:10D990004411086105F5106000EB4410006931691D
:10D9A000C1F31201084305F5106101EB4411086150
:10D9B0003079012819D105F5106000EB441000E022
:10D9C00093E0006920F0C04105F5106000EB4410C1
:10D9D000016105F5106000EB4410006940F0005152
:10D9E00005F5106000EB44100161012F36D1F0699C
:10D9F00028B105F5106000EB4410F1694161307900
:10DA000001281ED140F60800405900F4807060B92A
:10DA100005F5106000EB4410006840F0005105F57A
:10DA2000106000EB441001600BE005F5106000EBA6
:10DA30004410006840F0805105F5106000EB441080
:10DA4000016005F5106000EB4410006840F00441EF
:10DA500005F5106000EB44100160FEE005F5106074
:10DA600000EB4410006840F0044105F5106000EB45
:10DA700044100160307901280FD030690028ECD0C3
:10DA800040F634004059317801F00F0201219140F5
:10DA9000084340F634014851DFE040F608004059A1
:10DAA00000F4807060B905F5106000EB4410006868
:10DAB00040F0005105F5106000EB441001600BE0F0
:10DAC00005F5106000EB4410006840F0805105F54A
:10DAD000106000EB441001600097308A83B2327806
:10DAE0004846F16800F0DAFAB7E005F5306000EB7F
:10DAF00044100069C10CC90405F5306000EB441006
:10DB0000016105F5306000EB44100069544908409C
:10DB100005F5306101EB4411086104BB306908B1BF
:10DB2000B0683061B068306205F5306000EB4410D9
:10DB30000069316AC1F31201084305F5306101EB58
:10DB40004411086105F5306000EB4410006940F4B1
:10DB5000002105F5306000EB4410016145E03069BB
:10DB6000D0B905F5306000EB44100069B168C1F32D
:10DB70001201084305F5306101EB4411086105F518
:10DB8000306000EB4410006940F4002105F530607E
:10DB900000EB4410016128E0B16830690844401E80
:10DBA000B0FBF1F01FFA80F8B06800FB08F03062BB
:10DBB00005F5306000EB441000692949C94301EACA
:10DBC000C841084305F5306101EB4411086105F5D2
:10DBD000306000EB44100069316AC1F31201084360
:10DBE00005F5306101EB44110861012F07D1F068A0
:10DBF00028B105F5306000EB4410F16841613079DF
:10DC000001281ED140F60800405900F4807060B928
:10DC100005F5306000EB4410006840F0005105F558
:10DC2000306000EB441001600BE005F5306000EB64
:10DC30004410006840F0805105F5306000EB44105E
:10DC4000016005F5306000EB4410006840F00441CD
:10DC500005F5306000EB441001600020BDE8F8835A
:10DC6000FFFF07E078B503460024009400201A4621
:10DC70004C78012C35D10C7802F5106505EB441475
:10DC8000246804F00044B4F1004F60D10C7805EB37
:10DC90004414246844F000660C7805EB44142660B4
:10DCA0000C7805EB4414246844F080460C7805EBAE
:10DCB0004414266000BF009C641C009442F210755E
:10DCC000009CAC4201D901200AE00C7802F51065F5
:10DCD00005EB4414246804F00044B4F1004FEAD08A
:10DCE00035E00C7802F5306505EB4414246804F047
:10DCF0000044B4F1004F2AD10C7805EB4414246899
:10DD000044F000660C7805EB441426600C7805EBB3
:10DD10004414246844F080460C7805EB44142660D3
:10DD200000BF009C641C009442F21075009CAC4241
:10DD300001D901200AE00C7802F5306505EB4414A6
:10DD4000246804F00044B4F1004FEAD000BF78BD6D
:10DD50000146886840F0010088600020704708B5DF
:10DD600001460020009000BF0098401C00900098E1
:10DD7000B0F1706F01D9032008BD086900F00040C0
:10DD80000028F1D0002000901020086100BF00980A
:10DD9000401C00900098B0F1706F01D90320EBE7B0
:10DDA000086900F010001028F1D00020E4E708B561
:10DDB00002460020009000BF0098401C0090009890
:10DDC000B0F1706F01D9032008BD106900F0004068
:10DDD0000028F1D000200090202040EA811010613E
:10DDE00000BF0098401C00900098B0F1706F01D9FE
:10DDF0000320E9E7106900F020002028F1D000207E
:10DE0000E2E710B501460B4640F60804E45804F07A
:10DE100006020AB9002006E0022A01D0062A01D132
:10DE2000022000E00F2010BD0146486900F001000B
:10DE3000704701460B4640F61800C258001DC058F6
:10DE4000024090B2704701460B4640F61800C25897
:10DE5000001DC0580240100C704770B502461346B2
:10DE60004FF40166F45840F63406F55801F00F06F9
:10DE700025FA06F606F0010644EAC61403F5106614
:10DE800006EB4116B66806EA040070BD10B50246FE
:10DE9000134603F5306404EB4114A06840F6140403
:10DEA000E458204010BD014648698A691040704717
:10DEB0002DE9F04104460D46274628464FEA920CCC
:10DEC00002F0030300210AE04FF4805858F807805D
:10DED000C0F80080401C401C401C401C491C61458F
:10DEE000F2D39BB100214FF4805858F8076000BF6F
:10DEF0004FEAC10826FA08F880F80080491C401C47
:10DF0000A3F101081FFA88F3002BF1D1BDE8F081DD
:10DF100070B504460E460025E06820F0C040E06081
:10DF2000012E10D1E06840F00050E06000BF0A20F0
:10DF3000F5F728FD0A352046FFF776FF012815D0B2
:10DF4000C82DF4D312E07EB9E06840F08040E06074
:10DF500000BF0A20F5F716FD0A352046FFF764FFDB
:10DF600020B1C82DF5D301E0012070BDC82D01D12D
:10DF70000120FAE70020F8E710B502460B461146EB
:10DF8000D1F8000820F4FE60C1F80008D1F80008BC
:10DF90004FF4FE6404EA03142043C1F80008002093
:10DFA00010BD02461346D3F800080843C3F8000822
:10DFB0000020704730B503461446022C49D12D4845
:10DFC000814204D32C48814201D20F2245E02A48E5
:10DFD000814204D32948814201D20E223DE02748E4
:10DFE000814204D32648814201D20D2235E02448E3
:10DFF000814204D32348814201D20C222DE02148E2
:10E00000814204D32048814201D20B2225E01E48E0
:10E01000814204D31D48814201D20A221DE01B48DF
:10E02000814204D31A48814201D2092215E01848DE
:10E03000814204D31748814201D208220DE01548DD
:10E04000814204D31448814201D2072205E006220E
:10E0500003E00CB9092200E00922D86820F47050CE
:10E06000D860D8684FF4705505EA82252843D860F7
:10E07000002030BDC0ACD800C0E1E4000024F400B2
:10E0800080730601A0491A01002D310140A44C0102
:10E0900000366E0120ABA6010048E8012DE9F043EF
:10E0A00004460D461E46DDF81CC0A0462946BCF1BC
:10E0B000000F12D1F01C870800230CE0D1F800906B
:10E0C00008F5805000EB0230C0F80090491C491C54
:10E0D000491C491C5B1CBB42F0D30020BDE8F08307
:10E0E00000BFFEE73F48C0683F4908600846006837
:10E0F00010F5167F05DA3D480068401C3B49086072
:10E1000009E039480068B0F5167F04DD384800683A
:10E11000401C374908603448006810F5167F15DB4D
:10E1200031480068B0F5167F10DC3248006810F501
:10E13000167F0BDB2F480068B0F5167F06DC002049
:10E140002D4908702A490860284908602648006857
:10E1500010F5167F11DB24480068B0F5167F0CDC43
:10E160002448006810F5167F07DA204800680A285E
:10E1700003DA0320204908700BE01B48006810F503
:10E18000167F06DA19480068142802DB01201A49B4
:10E1900008701548006810F5167F11DB12480068FA
:10E1A000B0F5167F0CDC13480068B0F5167F07DD6C
:10E1B0000F4800681E2803DA04200F4908700BE09E
:10E1C00009480068B0F5167F06DD094800681E287A
:10E1D00002DB02200849087003480068054908600E
:10E1E000704700005C780020C4070020B4070020BE
:10E1F000B8070020BC070020C007002003B4019826
:10E200004100009850EAC12018BF04204A0D18BFF1
:10E2100040F0010040F2FF72B2EB515F08BF40F0E6
:10E220000200012808BF052002B070474100080223
:10E2300018BF04200A0E18BF40F001004FF07F42C3
:10E2400032EA010108BF40F00200012808BF0520A2
:10E250007047000002480068C0F3022070470000C9
:10E260000CED00E010B5002804DB0A07130E054A88
:10E27000135406E00A07140E034A00F00F031B1F95
:10E28000D45410BD00E400E018ED00E0EFF310807E
:10E290007047000010B510EE104A4FF01A402DEDF7
:10E2A000028B00EB4400B0F1C85F4AD84FF0FC404D
:10E2B000B0EB440F22D2B0EEC00AF7EE000A30EE07
:10E2C000C00AF6EE000A20EE208A18EE100A05F0C9
:10E2D000BDF900EE100A14F0004F1DBF9FED281A83
:10E2E000DFED280AB1EE400A9FED271A08BFF0EED5
:10E2F000410AF8EE001A20EE210A05E020EE008A1D
:10E300009FED221ADFED220ADFED221A9FED222A6D
:10E3100070EEC00A20EE080A08EE212ADFED1F1A6F
:10E3200048EE021A9FED1E2A08EE212ADFED1D1A83
:10E3300048EE021ABDEC028B40EE610A30EE810A13
:10E3400010BD4FF0CC40B0EB440F82BF9FED160ADA
:10E35000BDEC028B10BD4FF07F40B0EB440F05D2F7
:10E36000BDEC028BBDE8104000F016BF012000F0AC
:10E370003BFFBDEC028BBDE8104000F013BF000076
:10E380000000494022AA7D3A000000000000C93F79
:10E3900022AAFD3924FE1C3DC78AD83C1E67383DA1
:10E3A0001B93993DAFAA2A3EDB0FC93F10B54FF032
:10E3B0000E402DED028BB0EE408A18EE104A00EBB5
:10E3C0004400B0F1506F4AD84FF0FC40B0EB440F1E
:10E3D00022D2B0EEC80AF7EE000A30EEC00AF6EE1E
:10E3E000000A60EE208A18EE900A05F02FF901EE7F
:10E3F000100A14F0004F1DBFDFED2D0A9FED2D0A0E
:10E40000B1EE411ADFED2C0A08BF9FED2C0AF8EEA1
:10E41000001A21EE218A05E0DFED290A68EE088A5C
:10E42000B0EE600A9FED271ADFED271A30EE080ADA
:10E4300048EE811A9FED251A08EEA11ADFED241A85
:10E4400048EE811A9FED231A08EEA11A68EE281AE9
:10E45000BDEC028B01EE810A30EE200A10BD4FF0B8
:10E46000E440B0EB440F0CD918EE100AFFF7DEFEC3
:10E47000042808BF00F09EFEB0EE480ABDEC028BF7
:10E4800010BD4FF07F40B0EB440F07D2B0EE480A0A
:10E49000BDEC028BBDE8104000F07EBE012000F014
:10E4A000A3FEBDEC028BBDE8104000F07BBE000077
:10E4B0000000C9BF22AAFDB90000C93F22AAFD3948
:10E4C0000000000024FE1C3DC78AD83C1E67383D72
:10E4D0001B93993DAFAA2A3E70B54FF068422DEDCF
:10E4E000048BF0EE408A18EE900AB0EE608A18EEC7
:10E4F000101A02EB4003B3F1654F3CBF02EB41023F
:10E50000B2F1654F7DD200BFC0F3C753C1F3C7520C
:10E510009A1A1B2A09DD10F0004F14BF9FED830AE1
:10E520009FED830ABDEC048B70BD12F11A0F36DA31
:10E5300011F0004F09D010F0004F0CBF9FED7D0A85
:10E540009FED7D0ABDEC048B70BD88EE889A19EEB4
:10E55000100AFFF76BFE042808BF00F02BFE18EE30
:10E56000900AFFF763FE054618EE100AFFF75EFEFD
:10E57000044619EE100AFFF759FE042D18BF052DA9
:10E5800008D1042C18BF052C04D1002804BF022098
:10E5900000F02AFEB0EE490ABDEC048B70BD4200CB
:10E5A000B2EB410F3AD910F0004F19BFDFED630A0B
:10E5B0009FED630ADFED630A9FED630AB0EE481A30
:10E5C0000A46B1EE688A80F00041F0EE418A1046BA
:10E5D0000A1A5200B2F1807F34D2484010F0004F46
:10E5E000DFED5A1A9FED5A2A1DBFBEEE001A70EEDB
:10E5F000E10A30EE420AB6EE001A08BF70EEA10A38
:10E6000000E040E008BF30EE020AB0EE682A01EEFA
:10E61000482A08EE818AC2EE081A15E011F0004F70
:10E6200004BF9FED4C0AF0EE400AD1D010F0004F2D
:10E6300019BFDFED490A9FED490ADFED490A9FED59
:10E64000490AC5E7C8EE881A21EEA11A9FED462AAD
:10E65000DFED462A41EE022A9FED452A01EE222AED
:10E66000DFED442A41EE022A9FED432ABDEC048BE4
:10E6700001EE222A21EE811A01EE020A30EE210A71
:10E6800030EE200A70BD4FF07F42B2EB400F28BF42
:10E69000B2EB410F09D2F0EE480AB0EE680ABDECC9
:10E6A000048BBDE8704000F07ABD40EA01035B00D6
:10E6B00008BF41F0FF410BD0B2EB400F08BFB2EBF7
:10E6C000410F08D120F0804008EE900A21F08041EF
:10E6D00008EE101A18E7B2EB400F12BF5FEA4103D1
:10E6E00040F0FF4001F000413FF40EAFB2EB410FAC
:10E6F00012BF5FEA400200F0004041F0FF413FF4EA
:10E7000003AF4A0092EA40033FF5FEAE002AACBFD9
:10E710009FED1A0A9FED1A0A68EE808A28EE008A99
:10E7200018EE900A18EE101AEEE60000DB0FC9BFD3
:10E73000DB0FC93FDB0F4940DB0F49C00000C9BFF9
:10E7400022AAFDB90000C93F22AAFD390060ED3EB2
:10E75000C30ACE3700000000000049C022AA7DBADB
:10E760000000494022AA7D3A2DAD65BD8FB8D53D48
:10E770000FB511BE61C84C3EA8AAAABE0000804FCA
:10E780000000802F0000000010B52F499FED2C1BCA
:10E790002DED020B84B0059820F000408842D8BFD0
:10E7A0009DED040B2DDD2949884209D1049840B91B
:10E7B0004FF0010000F018FD00F0CEFC06B010BDD7
:10E7C00005DB9DED040B00F0BBFC06B010BD6846F8
:10E7D0009DED040B00F0CCF810F0030004BF9DED9C
:10E7E000021B9DED000B0CD001280ED09DED021BED
:10E7F0009DED000B022817D0012000F009FC06B0A7
:10E8000010BD00F0D1FA06B010BD9DED021B9DEDCC
:10E81000000B012000F0FCFB51EC100B81F00041DB
:10E8200006B041EC100B10BD00F0BEFA51EC100B1D
:10E8300081F0004106B041EC100B10BD000000005B
:10E840000000000000000000FB21E93F0000F07F15
:10E850002DED020B019820F0004001909DED000B82
:10E8600002B070470000000010B52F499FED2C1B2F
:10E870002DED020B84B0059820F000408842DCBFEB
:10E8800000209DED040B32DD2849884209D104980F
:10E8900040B94FF0010000F0A7FC00F05DFC06B0AD
:10E8A00010BD05DB9DED040B00F04AFC06B010BD69
:10E8B00068469DED040B00F05BF810F0030011D0EA
:10E8C000012818D09DED021B9DED000B02281AD0E7
:10E8D00000F06AFA51EC100B81F0004106B041ECF7
:10E8E000100B10BD9DED021B9DED000B012000F0F3
:10E8F0008FFB06B010BD9DED021B9DED000B00F0DF
:10E9000053FA06B010BD012000F082FB51EC100B51
:10E9100081F0004106B041EC100B10BD000000007A
:10E920000000000000000000FB21E93F0000F07F34
:10E9300010B52DED028BB1EEC08A18EE100A20F052
:10E940000040C0F1FF40C00F0AD010EE100A20F0C6
:10E950000040C0F1FF40C00F04BF012000F044FCA4
:10E96000B0EE480ABDEC028B10BD000000000000B4
:10E970002DE9F14F04462DED020B2DED088B8AB0E9
:10E980009FEDE70B80ED020B139EE74826F0004554
:10E9900085420ADC9DED120B002084ED000B0AB0CD
:10E9A000BDEC088B03B0BDE8F08FE0489FEDE0AB15
:10E9B0009FEDE1BBA84247DDE14F9FEDE39B9FED5B
:10E9C000E48B9DED120B53EC1A2B51EC100B002E27
:10E9D0001CDDF2F79FFA41EC100BBD4208D053EC5E
:10E9E0001B2B51EC100BF2F795FAC4E900010BE078
:10E9F00053EC192B51EC100BF2F78CFA53EC182B4B
:10EA0000F2F788FAC4E900010120C8E7F2F7E1F95A
:10EA100041EC100BBD4208D053EC1B2B51EC100BFA
:10EA2000F2F7D7F9C4E900010BE053EC192B51ECD4
:10EA3000100BF2F7CEF953EC182BF2F7CAF9C4E930
:10EA400000014FF0FF30AAE7C348A84279DB9DEDF3
:10EA5000120B51EC100B01F040FD41EC180B9FED37
:10EA6000C00B53EC102BF2F75BFA9FEDBF1B53EC7E
:10EA7000112BF2F7AEF9F2F752FB0746F2F731FB32
:10EA800041EC190B53EC1A2BF2F74AFA53EC182B02
:10EA9000F2F743FA41EC180B53EC1B2B51EC190B1A
:10EAA000F2F73EFADFF8C8A241EC100B4FEA155816
:10EAB0000125FA4453EC102B51EC180BF2F72AFA0B
:10EAC000032DC4E900013DD0C1F30A5005EB451107
:10EAD000A8EB00001139814234DA0AEB051BB0EED5
:10EAE00048AA9BED000BF0EE68AA53EC102B51ECFA
:10EAF000190BF2F715FA41EC1B0B51EC1A0B53EC06
:10EB00001B2BF2F707FA41EC180B51EC1A0B53ECE4
:10EB1000182BF2F7FFF953EC1B2BF2F7FBF99BEDE7
:10EB2000020B41EC1A0B53EC102B51EC190BF2F7C2
:10EB3000F7F953EC1A2BF2F7EDF941EC100B6D1CC1
:10EB4000B8E70EE0002EA8BF3846BFF628AF94ED18
:10EB5000000B51EC100B81F00041C4E90001784238
:10EB60001DE7C6F3130040F4801EC6F30A50A0F25E
:10EB7000F530471100F01F05C5F12000DDF848B061
:10EB800008900020069007900520EC467949002D5A
:10EB900007EB0002794408BF51F8221009D051F860
:10EBA000223001EB8201AB404A68089922FA01F158
:10EBB0001943A1FB0E26A1FB0B131A449A4234BF42
:10EBC0000123002303EB06080CEB8003D3E901A625
:10EBD0000E448E4234BF0121002192448A4411B177
:10EBE000924502D903E0924501D2012100E00021C3
:10EBF000C3E901A641444CF82010011EA0F1010018
:10EC0000C4DC029800F10050850F0298DDE903672B
:10EC10008000DDF81480F2F764FA41EC1A0B3046FC
:10EC2000F2F770FA9FED541B53EC112BF2F778F9C1
:10EC300041EC1B0B3846F2F765FA9FED511B53EC84
:10EC4000112BF2F76DF941EC180B4046F2F75AFA26
:10EC50009FED4D1B53EC112BF2F762F941EC190BB0
:10EC600051EC180B53EC192BF2F7B3F853EC1B2BA8
:10EC7000F2F7AFF853EC1A2BF2F7ABF8CDE9080135
:10EC8000002008909DED080B53EC1A2B51EC100B53
:10EC9000F2F740F953EC1B2BF2F73CF953EC182B2D
:10ECA000F2F738F953EC192BF2F737F99FED381BCF
:10ECB00053EC112BF2F734F99FED370B41EC180BA5
:10ECC00053EC102B9DED080B51EC100BF2F728F9CB
:10ECD00053EC182BF2F77DF89FED310B41EC180B3C
:10ECE00053EC102B9DED080B51EC100BF2F718F9BB
:10ECF00053EC182BF2F76DF841EC100B139810F051
:10ED0000004F06D06D4251EC100B81F0004141ECF8
:10ED1000100B284684ED000B41E6000000000000C7
:10ED20000000000000000000FB21E93F7CD9024008
:10ED300000004054FB21F93F3163621A61B4D03DB9
:10ED4000FB21F93F000000000000601A61B4D03DD3
:10ED50007370032E8A19A33BFB2139410000000088
:10ED600083C8C96D305FE43F000000000000E03F51
:10ED700052650000A0640000000000000000103E8A
:10ED8000000000000000103C000000000000103AED
:10ED9000182D4454FB21F93D3326A611460B113C96
:10EDA00000000054FB21F93D10B52DED040B2DEDB5
:10EDB000088B82B0B0EE419AF0EE619A0B9820F089
:10EDC00000449FED4BABB4F1795F11DA9DED0A0B76
:10EDD00051EC100BF2F7A3F9002801BFB0EE4A0A7C
:10EDE000F0EE6A0A02B0BDEC088B04BF04B010BD9F
:10EDF0009DED0A0B53EC102B51EC100BF2F790F831
:10EE000041EC180B3C480621B0EE480AF0EE680AC7
:10EE1000784400F081F853EC182B51EC100BF2F70A
:10EE20007FF89DED0A0B41EC1B0B53EC192B51ECB9
:10EE3000100BF2F775F841EC190B53EC1B2B51EC4E
:10EE4000180BF2F76DF853EC192BF2F763F89FEDFE
:10EE50002C0B41EC190B53EC102B51EC180BF2F767
:10EE60005FF841EC100B2848844210DA53EC192B60
:10EE700051EC100BF2F74EF853EC1A2BF2F74DF859
:10EE800041EC100B02B0BDEC088B04B010BD1F4864
:10EE9000A042BCBF9FED1E1B8DED001B06DBA4F541
:10EEA00000100190002000909DED001B51EC100B14
:10EEB00053EC112BF2F72EF89DED000B41EC180BE3
:10EEC00053EC102B51EC1A0BF2F724F841EC1A0B0F
:10EED00053EC192B51EC180BF2F71CF853EC1A2BCE
:10EEE000F2F71BF841EC100BCCE70000000000002B
:10EEF000000000000000F03FC461000000000000BE
:10EF0000000000000000E03F3333D33F0000E93F42
:10EF1000000000000000D23F70B504462DED028BCA
:10EF20004D1E00EBC500B0EE408AF0EE608A90ED19
:10EF3000000B35F0060017D053EC182B51EC100BDA
:10EF4000F1F7EEFF41EC100B6D1E04EBC50090EDE8
:10EF5000001B51EC100B53EC112BF1F73AFF41EC75
:10EF6000100B35F00600E7D1022D36D0042D1CD051
:10EF7000062D1CBFBDEC028B70BD53EC182B51EC61
:10EF8000100BF1F7CDFF94ED0A1B53EC112BF1F7A9
:10EF900020FF53EC182BF1F7C3FF94ED081B53EC43
:10EFA000112BF1F716FF41EC100B53EC182B51EC21
:10EFB000100BF1F7B5FF94ED061B53EC112BF1F795
:10EFC00008FF53EC182BF1F7ABFF94ED040B53EC57
:10EFD000102BF1F7FEFE41EC100B53EC182B51EC0B
:10EFE000100BF1F79DFF94ED021B53EC112BF1F781
:10EFF000F0FE53EC182BF1F793FF94ED001B53EC4C
:10F00000112BF1F7E6FEBDEC028B41EC100B70BD4D
:10F0100031B504462DED040B2DED0A8BB0EE41BA4F
:10F02000F0EE61BA0B989DED0A0B20F00040B0F1B4
:10F03000795F0DDA51EC100BFFF7E0F8042808BFF8
:10F0400000F09AF89DED0A0BBDEC0A8B05B030BDBF
:10F0500053EC102B51EC100BF1F762FF41EC180B45
:10F060009DED0A0B53EC182B51EC100BF1F758FFE8
:10F0700041EC190B2C48B0EE480AF0EE680A052165
:10F080007844FFF749FF9FED2ACBB0EE40AAF0EE9F
:10F0900060AA9CB353EC1C2B51EC190BF1F740FF09
:10F0A00041EC1C0B53EC1A2B51EC190BF1F738FF08
:10F0B0009FED210B41EC190B53EC102B51EC1B0B6A
:10F0C000F1F72EFF53EC192BF1F724FF53EC182B1B
:10F0D000F1F726FF53EC1B2BF1F71CFF53EC1C2B15
:10F0E000F1F718FF9DED0A1B53EC112BF1F715FFFB
:10F0F000BDEC0A8B05B041EC100B30BDFFE753ECC3
:10F100001A2B51EC180BF1F70BFF53EC1C2BF1F7FA
:10F1100060FE53EC192BF1F703FF9DED0A1B53EC36
:10F12000112BF1F756FEE3E74C60000000000000F1
:10F13000495555555555C5BF000000000000E03F3A
:10F1400010B553EC102B51EC100BF1F742FE41ECD3
:10F15000100B10BD000000009FED050B10B553EC27
:10F16000102B51EC100BF1F74DFF41EC100B10BDC3
:10F1700000000000000000009FED050B10B553ECEF
:10F18000102B51EC100BF1F7CBFE41EC100B10BD26
:10F19000000000000000001030EE000A704730EE62
:10F1A000200A7047DFED020A80EEA00A70470000D7
:10F1B000000000009FED020A20EE000A70470000E8
:10F1C0000000001002E008C8121F08C1002AFAD18E
:10F1D00070477047002001E001C1121F002AFBD1D7
:10F1E000704780F31088704701490860704700003D
:10F1F0006C080020D0ED000AF4EEC00AF1EE10FA1F
:10F2000001DD80ED000AD0ED000AB1EE401AF4EE07
:10F21000C10AF1EE10FA03D2F1EE400AC0ED000A85
:10F220007047000070B505460C4600260DB1022C53
:10F2300000D870BDA11E06480288284601F028FAB1
:10F240000646A01E2E54310A601E295400BFF0E766
:10F250003808002070B505460C4600260DB1022C7A
:10F2600000D870BD611EFF22284601F02BFA064629
:10F27000601E2E5400BFF4E701201449086201F01B
:10F280008FFC00BF01F030FA1148007810B101285E
:10F2900017D10FE00F4890ED1F0A0C4880ED010ACE
:10F2A0000C4890ED1F0A094880ED050A0020074927
:10F2B000886006E0012005498860084601F038FCB6
:10F2C00000BF00BF012004F08FFCDBE7AC09002089
:10F2D0001C0000201077002010B5F2F7BBFA802048
:10F2E000F2F780FC5520F2F77DFC5520F2F77AFC0E
:10F2F00050490870F2F7A4FA0120F4F743FBF2F743
:10F30000A9FA8020F2F76EFC5520F2F76BFC55202D
:10F31000F2F768FC47490870F2F792FA0120F4F717
:10F3200031FBF2F797FAB6217E20F2F76DFCF2F787
:10F3300087FA5020F4F726FBF2F78CFA8020F2F7D8
:10F3400051FC5520F2F74EFC5520F2F74BFC3949A1
:10F350000870F2F775FA0120F4F714FBF2F77AFA65
:10F360008020F2F73FFC5520F2F73CFC5520F2F7E5
:10F3700039FC30490870F2F763FA0120F4F702FB18
:10F380002C4800781E2801D0FF2010BD00202A49FB
:10F39000087049E0F2F75EFA274A127802EB42025F
:10F3A000264B1A445178244A127802EB4202985CA8
:10F3B000F2F72AFCF2F744FA0120F4F7E3FAF2F745
:10F3C00049FA1D49097801EB41011C4A515C41F0A1
:10F3D0008000F2F707FC5520F2F704FC5520F2F705
:10F3E00001FC14490870F2F72BFA0120F4F7CAFA6D
:10F3F0001148007800EB40001049084440780D495E
:10F40000097888420BD00C48007800EB40000B498B
:10F41000084480780A490978084309490870064871
:10F420000078401C04490870034800780628B1DBC6
:10F430000020AAE7480300204903002054030020CD
:10F440004A03002010B5F2F719FA45490020F2F7F7
:10F45000BCFBF2F709FA0120F4F794FAF2F70EFA7E
:10F460003F490020F2F7B1FBF2F7FEF90120F4F773
:10F4700089FAF2F703FAB6211420F2F7C5FBF2F786
:10F48000F3F95020F4F77EFAF2F7F8F93449002046
:10F49000F2F79BFBF2F7E8F90120F4F773FAF2F7C1
:10F4A000EDF92F490020F2F790FBF2F7DDF901208A
:10F4B000F4F768FA2A4800780F2801D0FF2010BD21
:10F4C00000202849087045E0F2F7D8F9254A12785B
:10F4D00002EB4202244B1A445178224A127802EB82
:10F4E0004202985CF2F790FBF2F7BEF90120F4F7C4
:10F4F00049FAF2F7C3F91B49097801EB41011A4AAD
:10F50000505C1749F2F761FBF2F7AEF90120F4F70E
:10F5100039FA1448007800EB400013490844407859
:10F520000F490978884210D00E480078401E0D49D6
:10F5300008700846007800EB40000C4908448078C9
:10F540000B49097808430A49087006480078401CAE
:10F5500004490870034800780628B5DB0020AEE7B0
:10F5600048030020490300206603002054030020C4
:10F570004A03002010B50120154908620020886167
:10F580000120C8610020086048608860C860486148
:10F590000E204862002008610E48F3F729FB0D4851
:10F5A000F3F76DFF02210B48F3F768FA0E200849C4
:10F5B00048614862012008610748F3F719FB0648D3
:10F5C000F3F75DFF10210448F3F758FA10BD00006F
:10F5D000B0750020480E0020700E0020064991ED05
:10F5E000050A80ED000A91ED060A80ED010A9FED03
:10F5F000030A80ED020A7047FC0A002000000000A8
:10F6000010B504460B4890F8220020B1012806D01E
:10F6100002280CD107E02046FFF7E0FF07E0204674
:10F62000FFF7DCFF03E0204600F00EF900BF00BF4B
:10F6300010BD0000FC0A002010B52DED068B04461D
:10F6400094F8220020B101280BD002284CD13FE0D1
:10F650009FED6F0A84ED050A9FED6D0A84ED060AA1
:10F6600042E06C49B1F902104842F1F73AFD41EC31
:10F670001A0B9FED690B53EC102BF1F751FC41EC89
:10F68000190B9FED670B53EC102BF1F749FC41EC84
:10F69000180BF1F7A7FD60615E49B1F9001048420F
:10F6A000F1F71FFD41EC1A0B9FED5B0B53EC102B98
:10F6B000F1F736FC41EC190B9FED590B53EC102B75
:10F6C000F1F72EFC41EC180BF1F78CFDA0610BE07B
:10F6D000554890ED000AB1EE400A84ED050A90ED20
:10F6E000010A84ED060A00BF00BF50480068401CB4
:10F6F0004E4908604C4890ED000A10EE101A08467A
:10F70000F1F72CFD41EC190BB0EE490AF0EE690A55
:10F71000FFF79EF8B0EE408AF0EE608A9FED440B52
:10F7200053EC102B51EC180BF1F72CFD23D23E4873
:10F7300090ED010A10EE101A0846F1F70FFD41ECAA
:10F74000190BB0EE490AF0EE690AFFF781F8B0EE46
:10F75000408AF0EE608A9FED360B53EC102B51EC93
:10F76000180BF1F70FFD06D233480088401C00B299
:10F770003149088002E000202F4908802B480068AA
:10F78000B0F5FA7F04DC2C48B0F90000642803DDF2
:10F7900001202549487502E0002023494875274883
:10F7A000C07C012828D194ED050A10EE101A0846F5
:10F7B000F1F7D4FC41EC190B9FED210B53EC102B0E
:10F7C000F1F7AEFB41EC180BF1F70CFD606194ED25
:10F7D000060A10EE101A0846F1F7C0FC41EC190BAE
:10F7E0009FED170B53EC102BF1F79AFB41EC180B24
:10F7F000F1F7F8FCA06107E094ED050A84ED050A35
:10F8000094ED060A84ED060ABDEC068B10BD0000DF
:10F81000000000005C7800200000000000001240A2
:10F82000809F71E14048363FE4080020000000203E
:10F83000333333333333C33F58000020C00B002031
:10F840001F85EB51B81ED53F10B52DED048B044636
:10F85000184890ED050A10EE101A0846F1F77EFCE4
:10F8600041EC190B9FED140B53EC102BF1F758FBE7
:10F8700041EC180BF1F7B6FC20600E4890ED060A3B
:10F8800010EE101A0846F1F769FC41EC190B9FEDD8
:10F890000A0B53EC102BF1F743FB41EC180BF1F77B
:10F8A000A1FC60609FED060A84ED020ABDEC048BAA
:10F8B00010BD0000FC0A0020000000000000D03F46
:10F8C0000000964400BF9FED090A094880ED060A32
:10F8D0009FED080A80ED070A00F03EFF044800F0A3
:10F8E00057FF012004F080F9EDE7000000002F44ED
:10F8F000A00B00200000FA440F49C96811F5C87F29
:10F9000009DA0E49B1F80110B1F5D27F03DA01210D
:10F9100080F823100AE00849C968C82906DA0849AE
:10F920000968C82902DD002180F823100249C9684E
:10F93000034A1160704700005C78002000790020C5
:10F940005C00002010B52DED068BB0EE408A18EE5D
:10F95000100AF1F703FC41EC1A0BB0EE4A0AF0EE84
:10F960006A0AFEF775FFB0EE409AF0EE609A9FEDDE
:10F97000140B53EC102B51EC190BF1F703FC04D2D0
:10F980009FED110AB0EE408A15E018EE100AF1F76B
:10F99000E5FB41EC1A0BB0EE4A0AF0EE6A0AFEF7FC
:10F9A00057FFB0EE409AF0EE609A51EC190BF1F768
:10F9B00019FC08EE100AB0EE480ABDEC068B10BD2B
:10F9C00000000000000049400000484200B5034626
:10F9D00012480078012805D1032083F8200018463A
:10F9E00001F0FCFD0D480078012806D10C48007894
:10F9F000012802D1184602F0E9FB93F8200093F8A1
:10FA00002110884205D013F8200F587000209872FA
:10FA1000203B184603F033FD00BD0000180800200D
:10FA20001908002010B52DED0C8BD0488079E8B373
:10FA3000CF4890F82A000D281FD0CD4890F82A0012
:10FA4000CC4901EBC00090ED000A0846D0ED000A59
:10FA500030EE600AC84880ED000AC54890F82A00D8
:10FA600001EBC00090ED010A0846D0ED010A30EE2E
:10FA7000600AC14880ED010A75E1BD4890F82A008E
:10FA8000BC4901EBC00090ED000A0846D0ED000A29
:10FA900030EE600AB84880ED000AB54890F82A00B8
:10FAA00001EBC00090ED010A084600E007E0D0ED50
:10FAB000010A30EE600AB04880ED010A53E1AB481C
:10FAC00080790028D8D1AA4890F82A000128D3D0FC
:10FAD000A649B1F904104800F1F703FB41EC1A0BF9
:10FAE0009FEDA60B53EC102BF1F71AFA41EC190B12
:10FAF0009FEDA40B53EC102BF1F784FA41EC180B9B
:10FB0000F1F770FBA149086008460068F1F726FB91
:10FB100041EC1B0BB0EE4B0AF0EE6B0AFEF734FE25
:10FB2000B0EE409AF0EE609A9049497A4842F1F777
:10FB3000D8FA41EC1A0B53EC192BF1F7F1F941EC1F
:10FB4000180BF1F74FFB9249086090480068F1F7F5
:10FB500005FB41EC1B0BB0EE4B0AF0EE6B0AFEF717
:10FB600083FEB0EE409AF0EE609A8049497A4842AE
:10FB7000F1F7B7FA41EC1A0B53EC192BF1F7D0F966
:10FB800041EC180BF1F72EFB82490860824890ED9A
:10FB90001E0ADFED820A30EE600A814880ED000A1D
:10FBA00090ED000ADFED7F0AB4EEE00AF1EE10FA04
:10FBB00008DD90ED000ADFED7C0A30EE600A80ED92
:10FBC000000A11E0764890ED000ADFED780AB4EE05
:10FBD000E00AF1EE10FA07D290ED000ADFED720AAA
:10FBE00030EE200A80ED000A6D4890ED000AF0EE3C
:10FBF000000A20EE200A10EE101A0846F1F7AEFABD
:10FC000041EC1A0B9FED5D0B53EC102BF1F788F9CB
:10FC100041EC190B9FED5B0B53EC102BF1F7F2F954
:10FC200041EC180BF1F7DEFA04462046F1F796FA9C
:10FC300041EC1D0BB0EE4D0AF0EE6D0AFEF714FE1E
:10FC4000B0EE40BAF0EE60BA52480068F1F786FABA
:10FC500041EC1C0B53EC1B2BF1F762F941EC190B37
:10FC60002046F1F77BFA41EC1D0BB0EE4D0AF0EEA9
:10FC70006D0AFEF789FDB0EE40BAF0EE60BA444876
:10FC80000068F1F76BFA41EC1C0B53EC1B2BF1F7FE
:10FC900047F941EC1A0B53EC192BF1F79AF841ECA8
:10FCA000180BF1F79FFA424908602046F1F756FA1F
:10FCB00041EC1D0BB0EE4D0AF0EE6D0AFEF764FD4F
:10FCC000B0EE40BAF0EE60BA32480068F1F746FA9A
:10FCD00041EC1C0B53EC1B2BF1F722F941EC190BF7
:10FCE0002046F1F73BFA41EC1D0BB0EE4D0AF0EE69
:10FCF0006D0AFEF7B9FDB0EE40BAF0EE60BA2448E6
:10FD000090ED000AB1EE400A10EE100AF1F726FA63
:10FD100041EC1C0B53EC1B2BF1F702F941EC1A0BD5
:10FD200053EC192BF1F755F841EC180BF1F75AFA8F
:10FD300020490860204890ED030A1D48D0ED000AD4
:10FD400030EE200A0C4880ED000A1B4890ED040AB2
:10FD50000846D0ED000AF1EE600A30EE200A0648AF
:10FD600080ED010A00BFBDEC0C8B10BD1C0700200C
:10FD7000C00B00206C000020FC0800201F85EB5108
:10FD8000B81E094000000000008076401C010020E1
:10FD9000140100201801002010770020000000004E
:10FDA00008010020000034430000B443000034C3C5
:10FDB0000C01002010010020E408002010B50A48C2
:10FDC00090ED090AB0EE402ADFED081A9FED071A00
:10FDD000DFED060A9FED050A054803C800F00AF8A2
:10FDE000012003F001FF10BDE876002000000000B4
:10FDF000900700202DE9F3412DED060B2DED068B2C
:10FE00008AB0B0EE40AAB0EE608AF0EE418AB0EE61
:10FE1000619AF0EE429A36480068401C3449086006
:10FE200010209FED341ADFED340AB0EE4A0A00F0DC
:10FE300015FC84B20C209FED311ADFED310AB0EED3
:10FE4000480A00F00BFC85B20C209FED2E1ADFED66
:10FE50002E0AB0EE680A00F001FC86B20C20B1EE6A
:10FE6000041ADFED290AB0EE490A00F0F7FB87B269
:10FE70000C20B3EE021AFBEE020AB0EE690A00F0A3
:10FE8000EDFB1FFA80F81798049000200690079069
:10FE90000820089020128DF80800E0B28DF80900C3
:10FEA000C5F307108DF80A002807000E40EA262047
:10FEB0008DF80B00F0B28DF80C00C7F307108DF829
:10FEC0000D003807000E40EA28208DF80E0008F0DB
:10FED000FF008DF80F0001AB02AA04A91698F2F7F3
:10FEE000E2FD0AB0BDEC068B08B0BDE8F081000071
:10FEF00098070020DC0F4940DC0F49C00000344265
:10FF0000000034C20000FA430000000003B589B0CD
:10FF10000A98039000200590069008200790FF2083
:10FF20008DF804008DF805008DF806008DF80700A7
:10FF30008DF808008DF809008DF80A00FC208DF876
:10FF40000B00012301AA03A90998F2F7ACFD0BB03D
:10FF500000BD03B589B00A98039000200590069073
:10FF600008200790FF208DF804008DF805008DF81B
:10FF700006008DF807008DF808008DF809008DF84F
:10FF80000A00FD208DF80B00012301AA03A909989E
:10FF9000F2F789FD0BB000BD816900EE101A816A8D
:10FFA00000EE901A20EE200AB5EEC00AF1EE10FA2B
:10FFB00065DD816900EE101AB5EEC00AF1EE10FAA7
:10FFC00003DD816900EE101A04E0816900EE101A69
:10FFD000B1EE400A416D00EE901AB4EEE00AF1EE87
:10FFE00010FA00D87047016D00EE101A416D00EE56
:10FFF000901A70EE200A816900EE101AB5EEC00A60
:020000040801F1
:10000000F1EE10FA03DD816900EE101A04E0816957
:1000100000EE101AB1EE400AF4EEC00AF1EE10FA4A
:1000200028DB016D00EE901A816900EE101AB5EE22
:10003000C00AF1EE10FA03DD816900EE101A04E047
:10004000816900EE101AB1EE400A70EEC00A416DEF
:1000500000EE101A30EE801A016D00EE101AC1EE9B
:10006000000A016B00EE101A20EE800A10EE101A42
:10007000016304E09FED030A10EE101A016300BF54
:10008000B0E700000000000050F82C1F00EE101A2E
:10009000416E00EE901A60EE201A016B00EE101A0D
:1000A000416E00EE901A30EE200A81EE801A01694E
:1000B00000EE101A016B00EE901A60EE201A00EEAE
:1000C000101A416E00EE901A30EE200AC1EE800A3E
:1000D00031EE200A10EE101A40F82C19704710B5B6
:1000E0000446D4F8940090BBB4F86000022817DDF1
:1000F000206901EE100AB1EE411AF0EE410AD4F87F
:10010000900000EE100A04F16200F9F7F9FBE068D4
:1001100000EE900A20EE200A10EE100AE06257E08E
:10012000606900EE100A206900EE900A70EE600A25
:10013000E06800EE100A20EE801AD4F8900000EE7D
:10014000100AC1EE000A10EE900AE06240E0FFE7FC
:10015000B4F8600002281EDD206901EE100AB1EE3D
:10016000411AF0EE410AD4F8900000EE100A04F1B2
:100170006200F9F7C5FBE06800EE900AD4F894003D
:10018000806801EE100A70EE810A20EE200A10EE5F
:10019000100AE0621CE0E06800EE100AD4F8940057
:1001A000806800EE900A30EE201A606900EE100AB6
:1001B000206900EE900A30EE600A21EE001AD4F8B1
:1001C000900000EE900A81EE200A10EE100AE06224
:1001D00010BD0000816A00EE101A016B00EE901A4B
:1001E00030EE200A344981ED000A416A00EE101A0F
:1001F000816A00EE901A70EE200AC16A00EE101AB1
:1002000030EE800A2D4981ED000A91ED000AB5EE2D
:10021000C00AF1EE10FA02DD91ED000A04E0274970
:1002200091ED000AB1EE400A016C00EE901AB4EEB6
:10023000E00AF1EE10FA11DD816900EE101A816A10
:1002400000EE901A20EE200AB5EEC00AF1EE10FA88
:1002500004DD9FED1B0A10EE101A0163416C00EEE5
:10026000101A1549D1ED000AB4EEE00AF1EE10FAC9
:1002700006D29FED130A10EE101A0163416C8162E1
:10028000416C00EE101AB1EE400A0B49D1ED000AA4
:10029000B4EEE00AF1EE10FA0CDD9FED090A10EE63
:1002A000101A0163416C00EE101AB1EE400A10EE14
:1002B000101A816270470000DC050020D80500207C
:1002C0000000000050F8341F00EE101AC16D00EE5F
:1002D000901A60EE201A416A00EE101AC16D00EE0D
:1002E000901A30EE200A81EE801A416800EE101A52
:1002F000416A00EE901A60EE201A00EE101AC16DED
:1003000000EE901A30EE200AC1EE800A31EE200A8B
:1003100010EE101A40F834197047416B00EE101AB5
:10032000016C00EE901AB4EEE00AF1EE10FA01DD75
:10033000016C4163416B00EE101A016C00EE901AE3
:10034000F1EE600AB4EEE00AF1EE10FA07D2016CA9
:1003500000EE101AB1EE400A10EE101A4163704719
:1003600010B5416B00EE101A016C00EE901A9FED73
:10037000261A60EE810AB4EEE00AF1EE10FA0BD311
:10038000016800EE101AB0EEC00ADFED200AB4EEEC
:10039000E00AF1EE10FA00D210BD016800EE101A6A
:1003A000016900EE901A30EE600AF0EEC00A0168B2
:1003B00000EE101AB0EEC00A80EE801A9FED140A0B
:1003C000B4EEC01AF1EE10FA09DD50F8994F416809
:1003D000631C41F1000103604160993804E0002290
:1003E000C0F89920C0F89D20D0F89940D0F89D30F1
:1003F0004FF4FA720021121B994102D20122A1216D
:100400000A5400BFC8E700006F12833A17B7D1380B
:100410003333733F416A00EE101A016C00EE901AFC
:10042000B4EEE00AF1EE10FA01DD016C4162416ABE
:1004300000EE101A016C00EE901AF1EE600AB4EEB4
:10044000E00AF1EE10FA07D2016C00EE101AB1EEDC
:10045000400A10EE101A41627047D0F89410D1B9DA
:10046000816900EE101AC16900EE901A30EE200A80
:10047000B0EE001AC0EE010A816800EE101A60EEBC
:10048000800AD0F8901000EE101A20EE800A10EECC
:10049000101A016320E0816900EE101AC16900EEB4
:1004A000901A30EE200AF0EE000A80EE201A8168E1
:1004B00000EE101AD0F89410496800EE901A30EE51
:1004C000200A61EE000AD0F8901000EE101A20EE1B
:1004D000800A10EE101A0163704782B0CDE9000166
:1004E00021F0004001909DED000B02B051EC100B8B
:1004F000704770B504460026FDF7C8FE054672B683
:1005000061682069884201D92068206120690678E5
:100510002069401C2061A068401CA060E068401E6B
:10052000E0602846FEF75DFE304670BD0346196068
:100530008818401E58609A600020D860196159617F
:1005400070472DE9F047044688461546FDF79EFEA4
:10055000824672B6B8F1000F00D13CE0A06800B945
:1005600039E061686069884201D920686061A068EB
:10057000A84201DD284600E0A06805466169606880
:10058000401A461CAE4209DB2E463246414660699F
:10059000F0F7FBFB6069304460610FE0A5EB0609F2
:1005A000324641466069F0F7F0FB08EB06014A4627
:1005B0002068F0F7EAFB206848446061A068401BAF
:1005C000A060E0682844E0602F465046FEF709FE30
:1005D0003846BDE8F0875046FEF703FE4FF0FF3087
:1005E000F7E70146C8687047F0EE401AF4EEE01AEB
:1005F000F1EE10FA02D2B0EE600A7047F4EEC11AC2
:10060000F1EE10FA02DDB0EE410AF6E7B0EE610A53
:10061000F3E70000FDEEC00A0E48C0ED000AD0ED81
:10062000000AF8EEE00A70EE600A0B48C0ED000A1E
:10063000D0ED000AB6EE001AF4EEC10AF1EE10FA9F
:1006400004DD04480068401C024908600148006855
:10065000704700002C03002030030020014671EE9B
:10066000602AF0EE621AB0EE602A30EE423A0120C3
:100670008840401E02EE900AF8EEE22A63EE222A3B
:1006800082EEA13AFDEEC32A12EE900A70470000F6
:1006900030B5034613B94FF6FF7030BD09E013F8CB
:1006A000014B82EA0400C0B2054D35F8100080EA23
:1006B0002222081EA1F10101F1D11046EDE7000050
:1006C000CE45010830B5034605E013F8010B80EA7A
:1006D00002040448025D081EA1F10101F5D1104693
:1006E00030BD0000CD44010810B515480068401C1D
:1006F00013490860134890F8220060B100F068F9CF
:10070000012808D01048007B00F0010018B10C4807
:100710000068C82803DD00200C49087002E00120B1
:100720000A4908700848007B00F0010010B9002059
:1007300007490870054800780649087010BD000098
:1007400024000020FC0A00202B7900201C0000203F
:10075000E87600201D00002010B50A4890F822001D
:1007600040B100F035F9012804D00748007BC0F300
:10077000400018B900200549087002E00120034933
:10078000087010BDFC0A00202B79002060000020BA
:1007900010B504460C48007810B1012811D10CE0C6
:1007A0009FED0A0A84ED000A9FED080A84ED010A14
:1007B0009FED060A84ED020A03E02046FEF720FFC3
:1007C00000BF00BF10BD000060000020000000005E
:1007D00070B504460D46287800112070A878697815
:1007E00040EA01206061E8780001297940EA21109F
:1007F000A0616879297901F00F0140EA0120E061E8
:100800001021DFED160A9FED160A606902F0ECFF79
:1008100084ED010A0C21DFED130A9FED130AA06994
:1008200002F0E2FF84ED030A0C21F3EE020ABBEEB4
:10083000020AE06902F0D8FF84ED040A94ED010A8F
:10084000DFED0A0A20EE200A84ED020AA87984F876
:100850002000E87984F8210070BD0000DC0F4940D9
:10086000DC0F49C000003442000034C2DE2E654275
:1008700010B50A48007B00F0010038B1084890F834
:10088000220018B100F0A4F8012803D10020054986
:10089000087002E001200349087010BD2B79002088
:1008A000FC0A0020480000200CB502788A714278CA
:1008B0008A7082788DF80420C2788DF8052002793C
:1008C0000A7242794A7282798DF80020C2798DF8D5
:1008D0000120BDF800208A80BDF9042000EE102A16
:1008E000B8EEC00ABDEEC00A10EE102A12B20A809D
:1008F0000022014B1A700CBD2607002070B52DEDAB
:10090000068B0446D4ED000AB0EE600AFFF71AF831
:1009100010EE105A2846F0F721FC41EC180B94ED2C
:10092000050AD4ED060A30EE600A10EE101A0846E9
:10093000F0F714FC41EC1A0BB0EE4A0AF0EE6A0A2A
:10094000FDF786FFB0EE409AF0EE609A53EC182B5C
:1009500051EC190BF0F716FC30D2E06970BB206A3D
:10096000401CA0B994ED050A10EE101A0846F0F7E5
:10097000F5FB41EC190B9FED140B53EC102BF0F72A
:10098000C9FA41EC180BF0F72DFC606113E094ED0F
:10099000050A10EE101A0846F0F7E0FB41EC190BBF
:1009A0009FED090B53EC102BF0F713FA41EC180BE9
:1009B000F0F718FC60610020E06101E00120E061D7
:1009C000BDEC068B70BD00009A9999999999C93F21
:1009D00010B5F3F7FBF80C490860084600680B49AE
:1009E0000968401A0A4908600846006840F2DC516C
:1009F000884203D901200749087002E00020054918
:100A000008700448007810BDA8070020A007002047
:100A1000AC0700209D07002013480078092808DC57
:100A200011480078002804DD0120104981F82D00CC
:100A30000CE00D480078652804DB02200B4981F8A2
:100A40002D0003E00020094981F82D00074890F8A7
:100A50002D00012803D107200549088002E06B2002
:100A600003490880704700002B790020C00B00204C
:100A70005C08002010B52DED088B0446206AF0F7C5
:100A800030FB41EC1B0B9FED230B53EC102BF0F7CD
:100A900047FA41EC190B94ED050A10EE101A0846BE
:100AA000F0F75CFB41EC1A0B53EC192BF0F791F9C2
:100AB00041EC180BF0F796FB60610120E0611748EC
:100AC00090ED1F0A84ED060A90ED1F0A144880ED90
:100AD000010A90ED051AF0EE410A104890ED1F1A38
:100AE000B0EE410A0F4801F019FC0D4880ED030AF1
:100AF00090ED031AF0EE410A084890ED061AB0EEA8
:100B0000410A094801F00AFC084880ED090ABDECD9
:100B1000088B10BDB81E85EB51B89E3F10770020A2
:100B2000AC090020480A0020840A0020E876002052
:100B300010B5044615480078401C14490870144844
:100B400090F8260020B1012811D002281BD116E010
:100B500010480068401C0F4908600F4890ED1F0ABC
:100B600084ED010A90ED1F0A84ED050A0BE00B48A5
:100B70000068401C0949086000F062F803E0204664
:100B800000F0A6F800BF00BF10BD0000260700203F
:100B9000FC0A0020280000201077002030000020F0
:100BA00010B5B2EE042ADFED201A9FED1F1ADFED1B
:100BB0001E0AB7EE000A1D4801F003FCB2EE042A3B
:100BC000DFED191A9FED181ADFED170AB7EE000ACC
:100BD000174801F0F6FBB1EE042ADFED131A9FED82
:100BE000121ADFED110AB0EE040A124801F0E9FB17
:100BF000B2EE042ADFED0C1A9FED0B1ADFED0A0AA4
:100C0000B7EE000A0C4801F0DCFBB2EE042ADFED7F
:100C1000061A9FED051ADFED040AB7EE000A074831
:100C200001F0CFFB10BD000000000000D009002043
:100C30000C0A0020C00A0020480A0020840A002074
:100C400010B51C4890ED010A1B48D0ED000A30EEAB
:100C5000600A184880ED010A18480068401C1749CE
:100C60000860174890ED1F0A124880ED050A012020
:100C70001049C861084690ED011AF0EE410A10488B
:100C800090ED1F1AB0EE410A0E4801F047FB0948EB
:100C900080ED030A90ED031AF0EE410A084890ED4A
:100CA000061AB0EE410A084801F038FB074880ED0B
:100CB000090A10BDAC090020FC0A00202C0000200D
:100CC00010770020D00900200C0A0020E8760020D0
:100CD00010B5044614480078642802DD0220134948
:100CE0008871134890F82A0003280BD110484078E7
:100CF000012807D102202074204600F01BF80120B3
:100D0000E06110E009488079022807D101202074B1
:100D10002046FFF7AFFE0120E06104E002202074CE
:100D2000204600F007F810BD260700201C07002011
:100D3000C00B002010B504463C480068401C3B49ED
:100D400008603B4890ED1F0A3A4880ED010A2046B2
:100D5000FFF7D4FD38488079022819D036488078CA
:100D6000012815D1E069012812D13348B0F90000FB
:100D700000EE100AB8EEC00A84ED000A2C4890ED8F
:100D80001F0A84ED060A012020620020E0612CE0A9
:100D90002948807902281AD027488078022816D15D
:100DA000E069012813D12448B0F9000000EE100AD0
:100DB000B8EEC00A84ED000A1D4890ED1F0A84EDCC
:100DC000060A4FF0FF3020620020E0610DE01A4873
:100DD0008079022809D01848807830B9E069012864
:100DE00003D194ED050A84ED050A124890ED051A29
:100DF000F0EE410A0E4890ED1F1AB0EE410A0F487E
:100E000001F08CFA0B4880ED030A90ED031AF0EE26
:100E1000410A074890ED061AB0EE410A084801F071
:100E20007DFA084880ED090A10BD00002800002066
:100E300010770020AC0900201C070020480A002081
:100E4000840A0020E876002010B5374800210160B0
:100E500001713648016001713548016041600181CE
:100E600081723448017020213348EFF7A7FF3348DF
:100E70000021016001713248018081703148018098
:100E800081700D213048EFF799FF10212F48EFF7BF
:100E900095FF2F4800210160416081602D4801606D
:100EA000818081712C4801702C48016081808171A2
:100EB0002B48016041602B4801602B480160818014
:100EC00028212A48EFF77AFF2948002101600171A3
:100ED0002848016081802848017012212748EFF7D7
:100EE0006DFF1E212648EFF769FF264800210160AB
:100EF000416081602448016041608160182123487D
:100F0000EFF75CFF22480021016041606921214820
:100F1000EFF754FF22212048EFF750FF1E211F4812
:100F2000EFF74CFF10BD0000D4070020D9070020C8
:100F300000790020DE0700200B790020DF07002069
:100F4000E4070020E70700202B79002038790020F3
:100F500048790020EA070020F1070020F30700206D
:100F6000FA0700200208002006080020547900201B
:100F70000C08002011080020170800207C790020B0
:100F80008E790020AC790020B8790020C479002047
:100F90001A080020DC790020457A0020677A0020BA
:100FA000F0EE400AF6EE001A60EEA11AB0EE611AF9
:100FB000B0EE600A10EE100A0749A1EB600000EEE7
:100FC000100A21EE002AF7EE081A42EE401A61EEEE
:100FD000801AB0EE610A7047865A375F10B52DED62
:100FE000048B204890ED1D0A10EE101A0846F0F709
:100FF000B5F841EC190BB0EE490AF0EE690AFDF7BD
:1010000027FCB0EE408AF0EE608A9FED170B53ECA0
:10101000102B51EC180BF0F7CDF81CD3114890EDC4
:101020001C0A10EE101A0846F0F798F841EC190B5C
:10103000B0EE490AF0EE690AFDF70AFCB0EE408A0C
:10104000F0EE608A9FED080B53EC102B51EC180B5F
:10105000F0F7B0F801D2012400E000242046BDECF6
:10106000048B10BD107700200000000000405040AD
:101070001D4AB2F80120C2F388021C4B1B889A4219
:101080000AD0194A9278C2F3C202032A04D1184A3C
:101090001288521C164B1A80134A9278C2F3C2026D
:1010A000042A02D10122134B1A700F4A9278C2F31C
:1010B000C202032A06D10C4AB2F80120C2F3880208
:1010C0000A4B1A8040F69802914207DD094A1278CD
:1010D000012A03D0064A1288042A02D10122427250
:1010E00001E0002242727047DF0700203E0100202D
:1010F0004001002042010020044949886E2902DC99
:101100000121017201E00021017270472B7900205A
:1011100004494988462902DC0121C17101E000210E
:10112000C17170472B79002005494988B1F5C87F06
:1011300002D10121817301E0002181737047000019
:101140002B79002004490988462902DA01214173DC
:1011500001E0002141737047FA0700200449098823
:101160001E2902DA0121017301E000210173704799
:10117000FA0700200648B0F801005A2803DA0121D6
:101180000448C17402E000210248C17470470000A5
:1011900000790020C00B0020094A1288121A282A60
:1011A00004DB8A7D12B90122CA7608E041F2883256
:1011B000904202D08A7D012A01D10022CA7670476E
:1011C0004C01002010B52DED048B0446274890ED0E
:1011D000030A2748D0ED000A30EE600A10EE101A1C
:1011E0000846EFF7BBFF41EC190BB0EE490AF0EEF1
:1011F000690AFDF72DFBB0EE408AF0EE608A9FEDA4
:101200001D0B53EC102B51EC180BEFF7BBFF21D249
:10121000164890ED040A1648D0ED010A30EE600A37
:1012200010EE101A0846EFF799FF41EC190BB0EEDB
:10123000490AF0EE690AFDF70BFBB0EE408AF0EECA
:10124000608A9FED0C0B53EC102B51EC180BEFF751
:1012500099FF02D32078012802D10120A07701E074
:101260000020A077BDEC048B10BD0000E408002036
:10127000FC080020000000000000F83F11B9012226
:10128000427601E00022427670470000417A01294F
:1012900004D00549B1F80110F02902DA01210176E4
:1012A00001E00021017670470079002002461048D5
:1012B0000088081A05280DD1507F58B90D48B0F89C
:1012C0000100782806DD0B48B0F801000A4B1880B1
:1012D00000205077507F012809D10648B0F801005E
:1012E000054B1B88181A282801DB0020507770470F
:1012F0005A01002000790020440100200849498853
:1013000031B90749097BC1F3800109B90121C172D3
:101310000349097BC1F3800109B10021C172704703
:101320002B7900200449C988322902DA012101758C
:1013300001E0002101757047FA07002010B52DED7E
:10134000068B04469D4890F82D0001287DD19C48CD
:1013500001690846EFF702FF41EC1A0B9FED990B6C
:1013600053EC102BEFF7D6FD41EC190BB0EE490A08
:10137000F0EE690AFDF76CFAB0EE408AF0EE608A92
:101380009FED920B53EC102B51EC180BEFF7FAFE7C
:1013900021D28B4841690846EFF7E0FE41EC1A0B79
:1013A0009FED8C0B53EC102BEFF7B4FD41EC190BB8
:1013B000B0EE490AF0EE690AFDF74AFAB0EE408A4B
:1013C000F0EE608A9FED810B53EC102B51EC180B63
:1013D000EFF7D8FE45D37A4801690846EFF7BEFE1D
:1013E00041EC1A0B9FED770B53EC102BEFF792FDAE
:1013F00041EC190BB0EE490AF0EE690AFDF728FA44
:10140000B0EE408AF0EE608A9FED700B53EC102B2B
:1014100051EC180BEFF7B6FE26D269484169084631
:10142000EFF79CFE41EC1A0B9FED6A0B53EC102B6F
:10143000EFF770FD41EC190BB0EE490AF0EE690AC6
:10144000FDF706FAB0EE408A00E00FE0F0EE608AA9
:101450009FED5E0B53EC102B51EC180BEFF792FE47
:1014600002D20020E07501E00120E075534890F8B9
:101470002D0002287DD15248006900EE100AF3EEDB
:10148000050A30EE600A10EE101A0846EFF766FE05
:1014900041EC1A0B9FED4B0B53EC102BEFF73AFD81
:1014A00041EC190BB0EE490AF0EE690AFDF7D0F9EC
:1014B000B0EE408AF0EE608A9FED440B53EC102BA7
:1014C00051EC180BEFF75EFE21D23D48416908460A
:1014D000EFF744FE41EC1A0B9FED3E0B53EC102B43
:1014E000EFF718FD41EC190BB0EE490AF0EE690A6E
:1014F000FDF7AEF9B0EE408AF0EE608A9FED330B57
:1015000053EC102B51EC180BEFF73CFE4DD32C484D
:10151000006900EE100AF3EE050A30EE600A10EEE4
:10152000101A0846EFF71AFE41EC1A0B9FED250B37
:1015300053EC102BEFF7EEFC41EC190BB0EE490A1F
:10154000F0EE690AFDF784F9B0EE408AF0EE608AA9
:101550009FED1E0B53EC102B51EC180BEFF712FE06
:1015600026D2174841690846EFF7F8FD41EC1A0BFF
:1015700000E01FE09FED170B53EC102BEFF7CAFCB8
:1015800041EC190BB0EE490AF0EE690AFDF760F97B
:10159000B0EE408AF0EE608A9FED0C0B53EC102BFE
:1015A00051EC180BEFF7EEFD02D20020E07501E0E0
:1015B0000120E075BDEC068B10BD0000C00B0020C3
:1015C00054790020000000000000254000000000C9
:1015D0000000E03F0000000000001E400B490978B9
:1015E000012907D10A49097A442903D1012180F848
:1015F00030100AE005490978012906D10449097A21
:10160000572902D1002180F83010704718080020B7
:10161000AC7900200449097D012901D1017001E064
:101620000021017070470000E408002070B52DED26
:10163000048B0546394890ED030A3948D0ED000A7D
:1016400030EE200A10EE104A344890ED040A344877
:10165000D0ED010A30EE200AB0EE408A2046EFF7C6
:101660007DFD41EC190B9FED2F0B53EC102BEFF789
:10167000A1FD1FD22046EFF771FD41EC190B9FED44
:101680002B0B53EC102BEFF77DFD13D2BFEE000AAE
:10169000B4EEC08AF1EE10FA0CDD18EE100AEFF786
:1016A0005DFD41EC190B9FED230B53EC102BEFF775
:1016B00069FD2BD32046EFF751FD41EC190B9FED4F
:1016C0001F0B53EC102BEFF775FD22D22046EFF7DE
:1016D00045FD41EC190B9FED1B0B53EC102BEFF765
:1016E00051FD16D218EE100AEFF738FD41EC190B38
:1016F0009FED160B53EC102BEFF75CFD09D2B3EE08
:10170000000AB4EEC08AF1EE10FA02D20120A876E7
:1017100001E00020A876BDEC048B70BDE408002039
:101720006C00002048E17A14AE470F403333333366
:1017300033331440295C8FC2F5280C40295C8FC2DA
:10174000F5A83640000000000080384033333333C2
:101750003333274028490988284A1288914209DDF5
:1017600025490988254A1288891A254A1288114470
:10177000234A11802349B1F80110C1F5D2713C22EE
:1017800091FBF2F101EBC10202EB01114FF6FF7286
:1017900002EA81011C4A11801A49B1F801103C2269
:1017A00091FBF2F302FB1311184A117012490988D8
:1017B00032290ADA1649C979022906D1124909885B
:1017C0000F4A1288891AC8290BDA0B49098805299A
:1017D0000ADA0E490978052906DA0C490978002940
:1017E00002DD0121C17401E00021C17402490988B0
:1017F000024A118070470000FA07002036010020DD
:101800003A01002000790020380100203C0100202E
:101810001C07002086B02F4989798DF814102D49B6
:10182000C9798DF815102B49097A8DF810102949BE
:10183000497A8DF811102749897A8DF80C102549BD
:10184000C97A8DF80D102349097B8DF808102149BC
:10185000497B8DF809101F49897B8DF804101D49BB
:10186000C97B8DF805101B49097C8DF800101949BA
:10187000497C8DF80110184991F82D1001290FD1DC
:10188000BDF81410002908DDBDF8141040F24C42D8
:10189000914202DA0121817517E00021817514E07F
:1018A0000D4991F82D1002290FD1BDF8141040F206
:1018B000A462914207DDBDF81410B1F52F6F02DA72
:1018C0000121817501E0002181750021817506B03B
:1018D000704700007C790020C00B002020498979E6
:1018E000022907D01F494978012903D100211E4A46
:1018F000116004E01C490968491C1B4A11601A491F
:101900000968B1F5FA7F02DD0121017101E00021D2
:1019100001711549096840F2DC52914202DD012152
:10192000417101E0002141710F49096840F6C4127C
:10193000914202DD0121817101E00021817109499B
:1019400091F82A10094A1278914203D000210171BE
:1019500041718171034991F82A10044A117070474E
:101960001C070020C00B002054010020580100205B
:1019700001461C4840881C4A1288101A0A2804DBB9
:101980001A48B0F801001A4A10601848B0F801006F
:10199000174A1268101A0A2802DD0120887001E037
:1019A000002088701148B0F80100114A1268101A1E
:1019B000052802DD0120C87001E00020C8700B4836
:1019C000B0F801000A4A1268101A032802DD01204B
:1019D000487001E00020487002484088024A1080A8
:1019E000704700002B7900204E0100200079002074
:1019F000E400002070B52DED048B05463C4890EDC9
:101A0000030A3C48D0ED000A30EE200A10EE104ADE
:101A1000374890ED040A3748D0ED010A30EE200A2D
:101A2000B0EE408A2046EFF799FB41EC190B9FED91
:101A3000320B53EC102BEFF7BDFB1FD22046EFF714
:101A40008DFB41EC190B9FED2E0B53EC102BEFF798
:101A500099FB13D218EE100AEFF780FB41EC190B3B
:101A60009FED290B53EC102BEFF7A4FB06D2B1EE40
:101A7000040AB4EEC08AF1EE10FA31D32046EFF733
:101A80006DFB41EC190B9FED220B53EC102BEFF784
:101A900091FB28D22046EFF761FB41EC190B9FED3B
:101AA0001E0B53EC102BEFF76DFB1CD218EE100A37
:101AB000EFF754FB41EC190B9FED190B53EC102B76
:101AC000EFF778FB0FD218EE100AEFF747FB41EC67
:101AD000190B9FED150B53EC102BEFF753FB02D2B4
:101AE0000120E87301E00020E873BDEC048B70BDB9
:101AF000E40800206C00002014AE47E17A942640F0
:101B00006666666666E62F40F6285C8FC2F504407E
:101B1000CDCCCCCCCCCC27403333333333B3304073
:101B20003D0AD7A3703D2440C3F5285C8FC22840EE
:101B3000FA2902DC0122827201E0002282727047DF
:101B400010B50446594800780421B1EB101F23D08A
:101B5000207820F00200801C2070207820F0040003
:101B6000001D2070207820F00800083020702078B8
:101B700020F0100010302070207820F0200020305D
:101B80002070207820F0400040302070207820F035
:101B900080008030207087E0454890F82D000128B3
:101BA00041D14449098A08B200F0D2F8217860F3A3
:101BB000410121703F49498A08B200F07DF821783F
:101BC00060F3820121703B49898A08B200F014F960
:101BD000217860F3C30121703649C98A08B200F048
:101BE0004FF9217860F304112170324A928B11B2BF
:101BF000304A528B10B200F099F9217860F3451108
:101C000021702C49888B00F07FF9217860F38611D0
:101C100021702849898B08B200F092F8217860F38E
:101C2000C711217040E02349098808B200F090F8FC
:101C3000217860F3410121701E49498808B200F003
:101C40003BF8217860F3820121701A49898808B233
:101C500000F0D2F8217860F3C30121701549C988DA
:101C600008B200F00DF9217860F304112170114AD7
:101C7000928911B20F4A528910B200F057F92178B7
:101C800060F3451121700B49888900F03DF92178F6
:101C900060F3861121700749898908B200F050F875
:101CA000217860F3C711217010BD00000079002079
:101CB000C00B00200B79002001463C2909DC0029DB
:101CC00007DD1B4A128822B91A4AB2F801201A4BC2
:101CD0001A80962907DB164A128822B9154AB2F8EB
:101CE0000120164B1A80134AB2F80120124B1B88B0
:101CF0009A1A092A06DA0F4AB2F801200E4B1B88FD
:101D00009A1A0ED50B4AB2F801200C4B1B889A1A6E
:101D1000032A08DA074AB2F80120084B1B889A1AEE
:101D200001D4002000E00120014B19807047000021
:101D30006801002000790020660100206401002075
:101D400001460020002900DD00E00120704700006E
:101D500010B50146234A1268521C224B1A603C29D6
:101D600009DC002907DD204A128822B91F4AB2F88F
:101D700001201F4B1A80C82907DB1B4A128822B991
:101D80001A4AB2F801201B4B1A80184AB2F80120F7
:101D9000174B1B889A1A092A08DA144AB2F801204C
:101DA000134B1B889A1A01D4012200E000220F4B2A
:101DB000B3F801300F4C2488E31A022B08DA0B4BDE
:101DC000B3F801300B4C2488E31A01D4012300E05E
:101DD00000231A430AB1002000E00120024B1980C1
:101DE00010BD0000480100206201002000790020A1
:101DF000600100205E0100200146282909DC00293D
:101E000007DD1B4A128822B91A4AB2F801201A4B80
:101E10001A80962907DB164A128822B9154AB2F8A9
:101E20000120164B1A80134AB2F80120124B1B886E
:101E30009A1A092A06DA0F4AB2F801200E4B1B88BB
:101E40009A1A0ED50B4AB2F801200C4B1B889A1A2D
:101E5000032A08DA074AB2F80120084B1B889A1AAD
:101E600001D4002000E00120014B198070470000E0
:101E70006E010020007900206C0100206A01002022
:101E80000146282909DC002907DD1B4A128822B9EE
:101E90001A4AB2F801201A4B1A80962907DB164A13
:101EA000128822B9154AB2F80120164B1A80134A3B
:101EB000B2F80120124B1B889A1A092A06DA0F4A37
:101EC000B2F801200E4B1B889A1A0ED50B4AB2F8B5
:101ED00001200C4B1B889A1A032A08DA074AB2F829
:101EE0000120084B1B889A1A01D4002000E0012031
:101EF000014B198070470000740100200079002018
:101F0000720100207001002001460020064A92F86C
:101F10002A20072A04D0044A92F82A200C2A01D148
:101F2000012000E000207047C00B002010B50246E1
:101F3000502A0CDC002A0ADD184B1B883BB9012310
:101F4000174C2370174BB3F80130174C2380502ADD
:101F500002DD0023124C2370962A07DB0F4B1B88EF
:101F600023B9104BB3F80130104C23800C4B1B7875
:101F700073B90C4BB3F801300C4C2488E31A022BD4
:101F800008DA084BB3F80130084C2488E31A01D46E
:101F9000002000E00120014C228010BD7A010020C9
:101FA0007C010020007900207801002076010020CB
:101FB00005488079022803D001210448817402E099
:101FC00000210248817470471C070020C00B0020CC
:101FD0000146424A92F82D20012A29D1404A127A1C
:101FE000012A02D13F4A108A50E03D4A127A022A61
:101FF00002D13C4A508A49E0394A127A032A02D176
:10200000384A908A42E0364A127A042A02D1354A86
:10201000D08A3BE0324A127A062A02D1314A508BEA
:1020200034E02F4A127A072A30D12E4A908B2DE0C5
:102030002A4A92F82D20012A28D1294A127A012A07
:1020400002D1284A108821E0254A127A022A02D1B8
:10205000244A50881AE0224A127A032A02D1214ADD
:10206000908813E01E4A127A042A02D11D4AD088B1
:102070000CE01B4A127A062A02D11A4A508905E05E
:10208000174A127A072A01D1164A9089052801DDDC
:10209000322803DD124A127A012A04D1104A127A38
:1020A00081F82E2019E00D4A92F82A200C2A03D13B
:1020B000022281F82E2010E0084A92F82A20082AED
:1020C00008D1064A92F82A200B2A03D1012281F86E
:1020D0002E2002E0012281F82E207047C00B002044
:1020E0001C0700200B790020F1F782FDF8F730FC87
:1020F000F7F764F9F7F774F8F7F760FAF7F778FA93
:10210000F7F7D0FAF7F798FAF7F776FBF7F756FBF9
:10211000F7F728FBF7F720F8F7F740F8F7F788FB11
:1021200000F000FFFDF726FAA820F0F7ABFA00BF99
:1021300001210648EFF7EAFC0028F9D1F8F7C0FBC7
:10214000F7F7AAF800F0B6F800BFFEE7B80E0020D7
:1021500001460020842901D0CA1C104470470000A9
:10216000F0B50B30154D20F007010024144A0FE0A4
:1021700003688B420BD38B4205D95E1A431847681C
:10218000C3E9006700E04368136002C004E0021D79
:1021900010680028ECD12046002802D1286808B138
:1021A0000020F0BD064A07481060074A121A22F0C4
:1021B0000702C0E9002401202860D7E76808002052
:1021C000640800205C84002058A4002003490968AA
:1021D000034A916601494968D1667047AC7900208D
:1021E0006C00002000BFF0F7A5F9FDF7E7FD012026
:1021F00001F0FAFCF7E7000030B585B0034625484A
:102200000068401C234C20600BB905B030BD187825
:10221000A5283DD1481E185CAA2839D100201E4CA3
:10222000206000BF17E0441C1C5D04AD2C54441D0D
:102230001C5D03AD2C5400F109041C5D02AD2C544F
:1022400000F10D041C5D01AD2C5400F111041C5D66
:102250000DF80040401C0428E5DB00200E4C2060F7
:10226000C81E185CD0759DED040A82ED000A9DED34
:10227000030A82ED010A9DED020A82ED020A9DED3C
:10228000010A82ED030A9DED000A82ED040A00BFF7
:1022900000BFBAE7040000200000002070B504462B
:1022A00025460DB1294600E00121084601F09CFCBD
:1022B000002070BD10B501F0C5FC002010BD7FB539
:1022C00004460D46606998B1A06988B1B4F9080068
:1022D000FFF73EFF0646D4E90510CDE90061029004
:1022E0002B462269D4E9001001F070FE039013E040
:1022F000B4F90800FFF72CFF064603A8CDE90060FB
:10230000238A9AB22B46D4E9001001F02DFE012851
:1023100002D0002004B070BD0398FBE710B52DED8E
:10232000028B0446B0EE408AF0EE608A84ED0A8AA1
:10233000C4ED098A38EEC80A84ED080A94ED000A53
:10234000D4ED080A20EE200A84ED0B0A94ED0C0A65
:10235000D4ED010A94ED081A00EE810A84ED0C0A0E
:1023600094ED080AD4ED070A30EE600AD4ED020AB3
:1023700020EE200A84ED0D0AD4ED030AB0EE600AC7
:1023800004F13000FCF736FF94ED0B0AD4ED0C0A93
:1023900030EE200AD4ED0D0A30EE200A84ED0E0A4C
:1023A000D4ED040AB0EE600A04F13800FCF722FF15
:1023B00094ED080A84ED070A94ED0E0ABDEC028B39
:1023C00010BD80ED000AC0ED010A80ED021AC0EDDB
:1023D000031A80ED042A704710B5002407E0054871
:1023E00003C8FDF793FD012001F0FEFB641C0A2CDD
:1023F000F5DB10BD9007002010B5044803C8FDF7B9
:10240000A8FD012001F0F0FB10BD000090070020A6
:102410002DE9F04105460E461C4807681C48006837
:10242000001D01F0DDFA50B91948006890F82C1031
:102430000120884017490968814316480160681CDB
:1024400038B936B112480168091D134801F012FB72
:102450001AE07C190E4800684460BC4207D20C4860
:102460000168091D0D48006801F0EAFA0CE008480F
:102470000168091D0A48006801F0E2FA094800688D
:10248000844201D207480460BDE8F0814002002088
:102490002C020020440200201C30002034020020C6
:1024A000300200205C02002010B5044601F0EEFA74
:1024B00023480068401C224908602248006840B94F
:1024C000204804600846006801280DD100F03EF95C
:1024D0000AE01D48006838B91A480068C06AE16A15
:1024E000884201D81748046018480068401C174902
:1024F000086094F82C1001208840154909680843A9
:1025000013490860E16A01EB8101124A02EB810084
:10251000211D01F0AFFA01F0E3FA0B48006868B141
:1025200008480068C06AE16A884207D24FF08050CC
:1025300009490860BFF34F8FBFF36F8F10BD0000D4
:102540003C0200202C0200204802002058020020FB
:1025500044020020402F002004ED00E010B516E0FA
:1025600001F094FA0C48C068C468201D01F038FAE4
:102570000A480068401E0949086009480068401E72
:102580000749086001F0ACFA204600F00BF8044857
:1025900000680028E4D110BD083000203C02002073
:1025A0003802002010B5044694F8510030B9206B71
:1025B00001F0B4FA204601F0B1FA1AE094F85100A3
:1025C000012803D1204601F0A9FA12E094F8510045
:1025D000022801D1012000E0002050B900BF5020A6
:1025E00080F31188BFF34F8FBFF36F8F00BF00BF21
:1025F000FEE710BD30B544F2D023174800F00704C1
:102600002CB1C01D20F00700134C041B1B1B0246FD
:10261000124C22600024114D6C60D018083820F054
:1026200007000F4C206000240D4D2D686C600C4D90
:102630002D682C601146441A4C60094C24680C60CB
:10264000084D4C682C60084D4C682C604FF00044DD
:10265000064D2C6030BD00003030002068020020A4
:102660007002002078020020740200208402002002
:1026700000BFFFF773FF064800680128F9D94FF043
:10268000805004490860BFF34F8FBFF36F8FF0E7AE
:10269000402F002004ED00E02DE9FF5F81460E464B
:1026A0009246DDE90E7B109CAAF10100216B01EB43
:1026B000800828F0070808F0070008B9012000E0AA
:1026C000002050B900BF502080F31188BFF34F8F16
:1026D000BFF36F8F00BF00BFFEE786B1002507E0A4
:1026E000715D04F134004155705D00B902E06D1C6C
:1026F000102DF5D300BF00214320015502E000203A
:1027000084F83400072F00D30627E76267640020AF
:10271000A064201D01F091F904F1180001F08DF979
:102720002461C7F10700A06164620020E06484F8BE
:10273000500049464046039A00F050F92060BBF132
:10274000000F01D0CBF80040BDE8FF9F10B500247A
:1027500007E004EB84010F4A02EB810001F060F90D
:10276000641C072CF5D30C4801F05AF90B4801F012
:1027700057F90B4801F054F90A4801F051F90A4899
:1027800001F04EF904480949086004480849086006
:1027900010BD0000402F0020CC2F0020E02F002093
:1027A000F42F0020083000201C30002030020020D0
:1027B0003402002010B50146164800E000680368A6
:1027C0008B42FBD30246436813448B4204D14368D7
:1027D0004C682344436001460A464B68134404682E
:1027E000A34211D10C4C03682468A34208D04B6863
:1027F0000468646823444B6003681B680B6005E051
:10280000054B1B680B6001E003680B60884200D039
:10281000016010BD68020020700200200A490968AA
:10282000096809B9012100E0002121B14FF0FF3111
:10283000064A116006E004490968C968C868034A85
:102840004168116070470000300200205C020020E7
:102850000E480068401C08B9012000E0002050B973
:1028600000BF502080F31188BFF34F8FBFF36F8FED
:1028700000BF00BFFEE700BF502080F31188BFF308
:102880004F8FBFF36F8F00BF00BFFEE788020020AD
:102890002DE9F04104464FF0000801F02BFA4948B9
:1028A000006808B9FFF7A6FE4748006820400028E6
:1028B00070D1D4B1083404F00700B0B104F00700BF
:1028C000C0F10800044404F0070008B9012000E04A
:1028D000002050B900BF502080F31188BFF34F8F04
:1028E000BFF36F8F00BF00BFFEE7002C52D0374808
:1028F000006884424ED8364E3046056801E02E46C8
:102900002D686868A04202D228680028F7D12D48B7
:10291000006885423ED0306800F1080828683060C1
:102920006868001B102819D92F1907F0070008B98B
:10293000012000E0002050B900BF502080F3118832
:10294000BFF34F8FBFF36F8F00BF00BFFEE7686814
:10295000001B78606C603846FFF72CFF1B496868E5
:102960000968081A19490860084600681949096881
:10297000884203D215480068164908601249686801
:102980000968084368600020286013480068401CFC
:102990001149086001F01CFC08F0070008B901208B
:1029A00000E0002050B900BF502080F31188BFF331
:1029B0004F8FBFF36F8F00BF00BFFEE74046BDE8FB
:1029C000F0810000700200208402002074020020C8
:1029D00068020020780200207C020020001F4FF0D7
:1029E00080730360001F21F001030360001F054B8B
:1029F000036014380260001F6FF002030360203888
:102A0000704700005128010838B5044600200090A6
:102A10000025B54821680160217901716D1D60199B
:102A200000880090AD1C0620B0490860BDF8001079
:102A300040F20A22881A91426FD024DC40F202222E
:102A4000A1EB020091426AD015DC40F20112A1EB29
:102A50000200914246D006DC01292ED0022937D04F
:102A6000032974D138E0032843D0042848D0B0F5B6
:102A7000807FF6D14BE0082869D2DFE800F0685685
:102A80005F6869758E95F9287DD00EDC04287BD0AF
:102A900006DC012879D0022878D00328E1D19CE017
:102AA000F72874D0F828DCD1A8E0FA380628E3D259
:102AB000DFE800F0E4F2F8FFEEED60198C490268FF
:102AC0000A6042684A6002890A81807A887208E155
:102AD0008848615D017004E1611920228648EEF7A3
:102AE00054F9FEE0611985480A68026009790171AC
:102AF000F7E06019824902880A8080788870F0E0E7
:102B0000611980480A88028089788170E9E061193A
:102B10000D227D48EEF739F9E3E04AE0FFE761195D
:102B200010227A48EEF731F9DBE060197849026843
:102B30000A6042684A6080688860D2E0601975491E
:102B400002680A6082888A8080798871C9E0C7E05B
:102B50007148615D0170012070490870704800780B
:102B6000401C6F490870BCE061196E480A68026039
:102B70008A888280897981716B480088401C6A4903
:102B80000880684804E03FE02EE019E01EE02FE0F6
:102B9000D0F8030065490860A3E0611964480A6839
:102BA0000260496841609CE06119624809680160FF
:102BB00097E0611960480A6802608988818090E026
:102BC000611928225D48EEF7E0F88AE060195C4957
:102BD00002680A600079087183E0611959480A683F
:102BE0000260898881807CE05748615D017078E0EF
:102BF000611912225548EEF7C8F872E061191E22D9
:102C00005348EEF7C2F86CE06019524902680A6056
:102C100042684A60806888600846006800EE100AD2
:102C2000B5EEC00AF1EE10FA24DD0846006800EEA9
:102C3000100AF3EE0C0AB4EEE00AF1EE10FA19D223
:102C40000846006800EE100AB5EEC00AF1EE10FA70
:102C500010DD0846406800EE100AF2EE0E0AB4EEEF
:102C6000E00AF1EE10FA05D201203B4908703B4919
:102C7000087002E000203949087032E061193848D4
:102C80000A6802604A6842608968816029E01CE045
:102C900015E00EE006E0FFE7611918223148EEF773
:102CA00074F81EE06019304902680A6040684860A4
:102CB00017E0611969222D48EEF767F811E06119F4
:102CC00022222B48EEF761F80BE02A480078401CDE
:102CD0002849087061191E222748EEF756F800E0CF
:102CE00000BF00BF38BD0000D4070020300800201E
:102CF00000790020DE0700200B790020DF0700208C
:102D0000E4070020E70700202B7900203879002015
:102D100048790020EA070020F1070020F207002090
:102D200034080020F3070020220800202808002093
:102D3000FA0700200208002006080020547900202D
:102D40000C08002011080020170800207C790020C2
:102D50008E790020AC790020180800201908002086
:102D6000B8790020C47900201A080020DC790020FE
:102D7000457A002035080020677A00204FF4FA7069
:102D800000F032FF00BFF7F70BFA4FF4967000F037
:102D90002BFF0D480088401C0B4908800B488078A9
:102DA000C0F3C0000A4991F82310012900D100E0C6
:102DB000002108400028E6D00648F8F76FFB6420A1
:102DC00000F012FFDFE70000580800201108002083
:102DD000C00B00206400002070B50025A5264F4CD4
:102DE00095E04F48FDF785FB054694F886000628D8
:102DF0007ED2DFE800F003142038445FB5420AD1E8
:102E00000120873404F8010C2188481C24F8870924
:102E1000A01D455402E00020A4F8870076E0A580BC
:102E2000B4F88710481CA4F88700A01D4554022060
:102E300084F886006AE0A08840EA0520A080B4F803
:102E40008710481CA4F88700A01D4554A088772847
:102E500003D2032084F8860004E0002084F8860072
:102E6000A4F8870052E034F8871F2088401C24F81B
:102E70008709A01D4554042084F8860046E034F8F4
:102E8000871F2088401C24F88709A01D4554B4F8EA
:102E9000870005280DD10521A01D00F099FF18B16C
:102EA000052084F8860004E0002084F88600A4F859
:102EB00087002BE0B4F88710A0880930814207D240
:102EC00034F8871F2088401C24F88709A01D45542A
:102ED000B4F88710A0880930814210D3002084F80C
:102EE0008600A4F88700A08800F10901A01D00E079
:102EF00006E000F04DFF10B1A01DFFF785FD05E0D5
:102F0000002084F88600A4F8870000BF00BF0448B2
:102F1000FDF767FB00287FF464AF70BDC882002016
:102F2000B07E002010B524220249A1F12400F7F759
:102F3000A7FA10BDDC7800209FED0A0A80ED050A93
:102F40009FED080A80ED060A9FED060A80ED000A53
:102F5000002180F822109FED030A80ED000A80F81E
:102F6000201070470000000000B503460A4603B178
:102F700002B900BD1878597840EA0120C0F30A0070
:102F800010805878C010997840EA4110C0F30A00C8
:102F9000508098788011D97840EA8100197940EA08
:102FA0008120C0F30A00908018794010597940EAD6
:102FB000C110C0F30A00D0805879C0F301105072DC
:102FC0005879001180081072187C597C40EA012061
:102FD000D0609879D97940EA012001B25182187AFB
:102FE000597A40EA012001B29182987AD97A40EA6E
:102FF000012001B2D182197B1176597B5176987BE1
:10300000D97B40EA01201084987B00F00101222046
:103010008154987BC0F3400123208154987BC0F3F6
:10302000800124208154987BC0F3C0012520815465
:10303000987BC0F3001126208154987BC0F3401187
:1030400027208154987BC0F3801128208154987BDD
:10305000C10929208154D87B00F001012A20815424
:10306000D87BC0F340012B208154D87BC0F3800172
:103070002C208154D87BC0F3C0012D208154D87BF3
:10308000C0F300112E208154D87BC0F340112F20B3
:103090008154D87BC0F3801130208154D87BC10982
:1030A000312081541088A0F5806000B210805088D3
:1030B000A0F5806000B250809088A0F5806000B2DA
:1030C0009080D088A0F5806000B2D080D068A0F554
:1030D0008060D0602D20805C01280AD13D20805C7A
:1030E00038B992F84D0008B9012100E0002182F8BA
:1030F0004D102D20815C3D2081542E20805C0128C4
:103100000AD13E20805C38B992F84E0008B90121FE
:1031100000E0002182F84E102E20815C3E20815478
:103120002F20805C01280AD13F20805C38B992F8BA
:103130004F0008B9012100E0002182F84F102F2034
:10314000815C3F2081543020805C01280AD192F8B4
:10315000400038B992F8500008B9012100E0002180
:1031600082F850103020815C82F840102720805C6B
:1031700001280AD13720805C38B992F8470008B995
:10318000012100E0002182F847102720815C3720D0
:1031900081542820805C01280AD13820805C38B90D
:1031A00092F8480008B9012100E0002182F8481097
:1031B0002820815C382081542920805C01280AD194
:1031C0003920805C38B992F8490008B9012100E043
:1031D000002182F849102920815C392081542B205C
:1031E000805C01280AD13B20805C38B992F84B0002
:1031F00008B9012100E0002182F84B102B20815CEE
:103200003B2081542C20805C01280AD13C20805C2A
:1032100038B992F84C0008B9012100E0002182F889
:103220004C102C20815C3C2081543120805C012892
:103230000AD192F8410038B992F8510008B9012139
:1032400000E0002182F851103120815C82F84110A9
:103250002A20805C01280AD13A20805C38B992F893
:103260004A0008B9012100E0002182F84A102A2012
:10327000815C3A208154507E012807D1107F28B903
:10328000D07E08B9012100E00021D176517E11776E
:10329000FAF728FFF5F798F900BF6AE670B58CB029
:1032A00006460D4614460695002008900990082011
:1032B0000A903548808803903348C088029032488D
:1032C000808900B20190314890F82510207D61F38B
:1032D000010020752E480079217D60F304112175CD
:1032E0002C4890F82D10207D61F38300207527482D
:1032F00090F82010207D61F345102075234890F848
:103300002110207D61F386102075204890F824104C
:10331000207D61F3C71020751E48417E607D61F3FA
:10332000000060751C480178607D61F343006075A2
:1033300018484178607D61F307106075207D8DF835
:1033400010009DF80C008DF811009DF80D008DF80F
:1033500012009DF808008DF813009DF809008DF803
:103360001400607D8DF815000A4890F82E008DF845
:10337000160000208DF81700012304AA06A9304684
:10338000EFF791FB0CB070BD5C780020FC0A0020C8
:103390004C000020C00B0020C007002070B58CB08E
:1033A00006460D4614460695002008900990082010
:1033B0000A90294800880390284890ED000AF2EE10
:1033C000040A20EE200ABCEEC00A10EE100A80B2F9
:1033D000029023484089019022484078012812D168
:1033E0002148006A10B90020E0740EE01E48006A0F
:1033F000401C10B90220E07407E01B48006A012855
:1034000003D1E07401E00020E074164800788DF8E4
:1034100010009DF80C008DF811009DF80D008DF83E
:1034200012009DF808008DF813009DF809008DF832
:1034300014009DF804008DF815009DF805008DF826
:103440001600E07C8DF81700012304AA06A9304677
:10345000EFF729FB0CB070BD2208002028080020DF
:1034600038790020C00B0020AC09002010B50446BC
:103470002046FEF765FB2046FEF7AAFD10BD417A07
:1034800019B1012180F82A1002E00C2180F82A10DD
:10349000704700001F49497A012904D0022930D021
:1034A000032934D127E090F8211029B9012180F8AF
:1034B000201080F824101DE090F82110012919D166
:1034C000154909780422B2EB111F0ED1134949782E
:1034D000012904D180F8201080F824100AE001218D
:1034E00080F8201080F8241004E0012180F82010DA
:1034F00080F824100BE0002180F8201080F82410C0
:1035000005E0002180F8201080F8241000BF00BFE3
:10351000704700005C78002000790020C00B00207C
:103520003849097A01293AD13649497A012904D022
:1035300002292CD0032931D121E033490978042212
:10354000B2EB111F13D131494978012907D102216A
:1035500080F825100121816280F821100EE00221FF
:1035600080F825100121816280F8211006E00221F7
:1035700080F825100121816280F821100EE00121E0
:1035800080F825108162002180F8211006E00021DA
:1035900080F82510816280F8211000BF26E01949CB
:1035A000097A03291CD11749497A012904D0022933
:1035B0000CD003290FD104E0012180F8251081628D
:1035C00009E0012180F82510816204E0002180F8E3
:1035D0002510816200BF00BF002180F8211005E0A6
:1035E000002180F82510816280F821100849097BAC
:1035F00001F0010129B9002180F82510816280F8CD
:10360000211070475C78002000790020C00B00205A
:103610002B79002000BFFDF72BF90A48007828B16C
:10362000012809D1084800F031F805E000200649DA
:1036300048800880486000BF00BF022000F0D4FA34
:10364000E9E70000480000204C00002010B500EE23
:10365000100A2DED028BB1EEC08A18EE100A20F090
:103660000040C0F1FF40C00F0AD010EE100A20F059
:103670000040C0F1FF40C00F04BF0120FBF7B4FDC4
:1036800018EE100ABDEC028B10BD00000E4991F837
:10369000251091B1012907D0022913D100214180C1
:1036A0000180012141600DE00849C9884180074936
:1036B000898801800121416004E00021418001806E
:1036C000416000BF00BF7047FC0A00205C7800200A
:1036D000B7EE002ADFED3D1A9FED3C1ADFED3B0A05
:1036E0009FED3B0A3B48FEF76CFEB7EE002ADFED8C
:1036F000371A9FED361ADFED350A9FED350A364849
:10370000FEF75FFE0020354981F823003448007B36
:1037100020F00200801C324908730846007B20F02C
:103720000100401C08730846007B20F00400001DC7
:10373000087300BF2A48007B20F00200801C284943
:1037400008730846007B20F00100401C08730846FF
:10375000007B20F00400001D0873FDF739F90128F3
:1037600007D0204890F83000012802D0FDF736FC41
:1037700018B11A48FFF7E0FB24E01848FCF7BCF842
:10378000164890F8230010B101281AD10CE0134814
:10379000EDF766FF1148EDF717FF1048FFF77AFEC7
:1037A0000E48FFF7BDFE0CE00E48EDF73BFE0B4860
:1037B000EDF790FF0948EDF7FFFF0848EEF71CF81A
:1037C00000BF00BF012000F00FFAB3E700000000C7
:1037D000CDCCCC3D280B0020640B0020FC0A00203F
:1037E0002B790020C00B0020B0EE401A30EEC10A49
:1037F000F0EE401AB0EE412A00EE100AB8EEC00A10
:1038000060EE212A01228A40521E00EE102AB8EEF4
:10381000C03A82EE830A30EE020A704710B5474B79
:103820001B685B6943F04003444C24686361434B6D
:103830001B685B6943F08003404C246863613F4B25
:103840001B68DB6843F010033C4C2468E3603C4B8E
:103850001B681B6823F00103394C2468236007E0D0
:10386000374B1B681B6823F00103354C2468236029
:10387000334B1B681B6803F00103002BF0D1304B66
:103880001B68304CA34204D9E3142E4C4C3C2360FB
:1038900019E02B4B1B682C4CA34204D9E314294C90
:1038A000503C23600FE0264B1B68274C603CA34232
:1038B00004D9E314244CB83CE36004E04FF4006303
:1038C000214CB83CA360214B1D4C2468A3601C4BC9
:1038D0001B68D8601A4B1B681961194B1B685A602A
:1038E000174B1B681B6843F48023154C2468236026
:1038F000134B1B681B6843F00103114C24682360C1
:10390000134B1B681B6823F00103114C24682360D0
:1039100007E00F4B1B681B6823F001030C4C246865
:1039200023600B4B1B681B6803F00103002BF0D1D5
:10393000064B074C2468A36010BD0000F010002067
:103940005812002058640240B8600240041401403C
:10395000B8120020194909894182194991F82210A9
:10396000417018490978012901D1017001E0002155
:103970000170154991ED000A80ED010A91ED010AEF
:1039800080ED020A114991ED1E0ADFED110A20EEC9
:10399000200ABDEEC00A10EE101A09B201820D49CC
:1039A0000978090941750C49C97C01760B49498997
:1039B000418300210177417770470000387900206A
:1039C000FC0A002060000020A00B002010770020DF
:1039D0000000C84200790020C00B00202B79002095
:1039E00001460A69D1E901309860D1E901035860C4
:1039F0005068884201D188685060002008611068D2
:103A0000401E106010687047034B0360034B0B604F
:103A10008023136070470000F40B0020480C002046
:103A200000F1080141604FF0FF31816000F10801B1
:103A3000C160016100210160704700210161704790
:103A400010B502460B685C1C0CB9106907E002F166
:103A5000080000E04068446824689C42FAD9446841
:103A60004C604C68A160886041600A611468641C05
:103A7000146010BD42684A6093688B609368596017
:103A80009160086103685B1C0360704700BF5020B1
:103A900080F31188BFF34F8FBFF36F8F00BF0E48C5
:103AA0000068401C0C49086008460068012812D1D3
:103AB0000A480068C0B208B9012000E0002050B9EF
:103AC00000BF502080F31188BFF34F8FBFF36F8F7B
:103AD00000BF00BFFEE770478802002004ED00E051
:103AE0000D48006850B900BF502080F31188BFF323
:103AF0004F8FBFF36F8F00BF00BFFEE7064800681F
:103B0000401E054908600846006820B9002080F37F
:103B1000118800BF00BF70478802002070B50646BC
:103B20003546002E44D0083D2C462249606809687D
:103B3000084008B1012000E0002050B900BF50202B
:103B400080F31188BFF34F8FBFF36F8F00BF00BFAB
:103B5000FEE7206808B9012000E0002050B900BF4E
:103B6000502080F31188BFF34F8FBFF36F8F00BFDA
:103B700000BFFEE70F49606809680840C0B12068CF
:103B8000B0B90C49606809688843606000F0B2F819
:103B90000949606809680844074908602046FEF73B
:103BA00009FE06480068401C0449086000F010FB4C
:103BB00070BD0000840200207402002080020020FA
:103BC00000204FF0E02108618861064800684FF44A
:103BD0007A71B0FBF1F0401E4FF0E0214861072000
:103BE000086170472802002070B504460025D4B152
:103BF0001248006808B9012000E0002050B900BF59
:103C0000502080F31188BFF34F8FBFF36F8F00BF39
:103C100000BFFEE700F06EF800212046FEF7F8FB3B
:103C200000F0D6FA05463DB94FF0805004490860CF
:103C3000BFF34F8FBFF36F8F70BD00006402002091
:103C400004ED00E010B586B000200590049003AAB2
:103C500004A905A8FFF7D8FE0022DDE904101346E9
:103C6000CDE9002102901CA11D48039A00F0AEF995
:103C70001C4908600846006808B1012400E00024DF
:103C8000012C15D100BF502080F31188BFF34F8F56
:103C9000BFF36F8F00BF4FF0FF3013490860012062
:103CA0001249086000201249086000F0A9F810E0ED
:103CB000601C08B1012000E0002050B900BF502076
:103CC00080F31188BFF34F8FBFF36F8F00BF00BF2A
:103CD000FEE706B010BD000049444C45000000005E
:103CE00071260108600200205C02002048020020CA
:103CF0004002002002480068401C014908607047EB
:103D0000640200201D48006818B101201C490860A9
:103D100032E000201A4908601A480068B0FA80F0C2
:103D2000C0F11F0101EB8100174A52F8200008B1D1
:103D3000012000E0002050B900BF502080F311881E
:103D4000BFF34F8FBFF36F8F00BF00BFFEE701EBE4
:103D500081020D4B03EB820042685268426000F121
:103D600008024368934202D1426852684260426846
:103D7000D268064B1A6000BF704700006402002042
:103D80005002002044020020402F00202C0200207E
:103D900070B505460C4600260DB1022C01D8002056
:103DA00070BDA11E094802882846FCF771FC064632
:103DB000F1B2A01E285C814206D1601E285CB0EBE7
:103DC000162F01D10120EBE70020E9E73808002099
:103DD00070B505460C4600260DB1022C01D8002016
:103DE00070BD611EFF222846FCF76CFC0646601E73
:103DF000285CB04201D10120F2E70020F0E700008A
:103E00001CB5524800685249884201D0012000E0A8
:103E1000002050B900BF502080F31188BFF34F8FAE
:103E2000BFF36F8F00BF00BFFEE7484800684849F6
:103E3000491E884201D0012000E0002050B900BF97
:103E4000502080F31188BFF34F8FBFF36F8F00BFF7
:103E500000BFFEE73F49084600780190FF200A4670
:103E600010700846007800909DF8000000F0F00007
:103E70009DF80020904201D1012000E0002050B9BF
:103E800000BF502080F31188BFF34F8FBFF36F8FB7
:103E900000BF00BFFEE79DF8000000F050002E4A72
:103EA000107007202D4A106009E02C480068401E61
:103EB0002A4A10609DF800004006000E00909DF810
:103EC000000000F080008028EFD024480068C0F196
:103ED0000700042801D1012000E0002050B900BFF4
:103EE000502080F31188BFF34F8FBFF36F8F00BF57
:103EF00000BFFEE7194800680002184A106010462B
:103F0000008800F4E0601060124A019810700F48B9
:103F10002030006840F470000C49203108600846E9
:103F2000006840F070400860FFF74AFE00200C492E
:103F30000860ECF759F90B48006840F04040094927
:103F40000860ECF73DF900201CBD000000ED00E02A
:103F500071C20F4100E400E08C02002090020020BA
:103F60008802002034EF00E02DE9FF4F85B0804645
:103F700089461746DDE912ABB800FEF789FC064614
:103F800056B15420FEF784FC04460CB1266304E0CD
:103F90003046FFF7C3FD00E000248CB1002084F818
:103FA0005100CDE900ABCDE902403A4649464046D2
:103FB000089BFEF771FB2046FEF776FA012501E02B
:103FC0004FF0FF35284609B0BDE8F08F2DE9F04FDE
:103FD00085B00746884691469A46DDE90EB6109CA4
:103FE0000EB1012000E0002050B900BF502080F346
:103FF0001188BFF34F8FBFF36F8F00BF00BFFEE785
:104000000CB1012000E0002050B900BF502080F327
:104010001188BFF34F8FBFF36F8F00BF00BFFEE764
:10402000542003900398542801D1012000E000207F
:1040300050B900BF502080F31188BFF34F8FBFF3FA
:104040006F8F00BF00BFFEE700BFB4B1AEB1254621
:104050002C462E63022085F85100002004A9534607
:104060004A46CDE900B1CDE9025041463846FEF757
:1040700013FB2846FEF718FA01E00020049004988C
:1040800005B0BDE8F08F00002DE9F0414FF00008C9
:104090004448006800287CD143480068451C4248D9
:1040A000056015BB41480068006808B9012000E0C0
:1040B000002050B900BF502080F31188BFF34F8F0C
:1040C000BFF36F8F00BF00BFFEE73848076838486E
:1040D0000068364908603648076036480068401C6A
:1040E00034490860FEF79AFB00BF334800688542F8
:1040F0003CD300BF2D480068006808B9012000E0EB
:10410000002020B14FF0FF302B4908602DE02748F8
:104110000068C068C4686668B54202D22648066076
:1041200023E0201DFFF75CFCA06A18B104F1180021
:10413000FFF756FC94F82C10012088401F490968AD
:1041400008431E490860E16A01EB81011C4A02EB49
:104150008100211DFFF78EFC1A49E06A0968C96ACF
:104160008842C7D34FF00108C4E700BF1548006874
:10417000C06A00EB8000124951F82000012801D9E3
:104180004FF001081048006808B14FF0010805E041
:10419000FFE70E480068401C0C4908604046BDE837
:1041A000F081000064020020400200203002002064
:1041B00034020020540200205C020020440200204F
:1041C000402F00202C020020500200204C02002032
:1041D00070B5002400263648006850B900BF502052
:1041E00080F31188BFF34F8FBFF36F8F00BF00BF05
:1041F000FEE7FFF74BFC2E480068401E2C49086084
:104200000846006800284FD12A48006800284BD093
:1042100024E02948C068C46804F11800FFF7E0FBF7
:10422000201DFFF7DDFB94F82C1001208840234966
:104230000968084321490860E16A01EB8101204ACD
:1042400002EB8100211DFFF715FC1E49E06A096899
:10425000C96A884202D301201B49086016480068D9
:1042600008B9012000E000200028D2D00CB1FEF7F0
:10427000D5FA1648056865B100BFFFF705FF10B114
:104280000120114908606D1E002DF6D100200F4954
:1042900008600D48006838B1012630070C490860F5
:1042A000BFF34F8FBFF36F8FFFF71AFC304670BD1F
:1042B000640200203C020020F42F00204402002071
:1042C000402F00202C020020500200204C02002031
:1042D00004ED00E0085101087D2D010800000000F8
:1042E000000000008000000000000000000000004E
:1042F00014510108D1360108000000000000000040
:104300000001000000000000000000000051010852
:10431000ADA800080000000000000000000200003E
:1043200000000000000000003C510108E5210108E8
:1043300000000000000000008000000000000000FD
:104340000000000048510108C5F800080000000006
:1043500000000000800000000000000000000000DD
:1043600058510108B1AD0008000000000000000035
:1043700080000000000000000000000068510108FB
:1043800079F200080000000000000000800000003A
:10439000000000000000000020510108153601084F
:1043A000000000000000000080000000000000008D
:1043B00000000000F85001081DA5000800000000E2
:1043C00000000000000100000000000000000000EC
:1043D00030510108411700080000000000000000F3
:1043E000000200000000000000000000000610169F
:1043F0000006101600000000000000000102030487
:104400000607080900000000010203040000803FC5
:10441000000000000000000000000000000000009C
:1044200000000000000000000000803F00000000CD
:10443000000000000000000000000000000000007C
:10444000000000000000803F0000000000000000AD
:10445000000000000000000000000000000000005C
:104460000000803F0000000000000000000000008D
:104470000000000000000000000000000000803F7D
:10448000000000000000000000000000000000002C
:1044900000000000000000000000803F0000803F9E
:1044A0000000000000000000000000000000803F4D
:1044B0000000000000000000000000000000803F3D
:1044C0000000000000000000C3F51C41FF005EBCBE
:1044D000E2613FDD83C29C7E20A3FD1F419DC3217D
:1044E0007FFCA2401E5F01E3BD3E6082DC237D9F16
:1044F000C1421CFEA0E1BF5D0380DE3C62BEE00263
:104500005CDF81633D7C22C09E1D43A1FF4618FAFB
:10451000A427799BC584DA3866E5BB5907DB856734
:1045200039BAE406581947A5FB7826C49A653BD9E1
:1045300087045AB8E6A7F91B45C6987A24F8A6441A
:104540001A99C7257B3A6486D85B05E7B98CD230C7
:104550006EEDB3510F4E10F2AC2F7193CD114FADE4
:10456000F3702ECC92D38D6F31B2EC0E50AFF113AD
:104570004DCE90722C6D33D18F0C52B0EE326C8ECA
:10458000D0530DEFB1F0AE4C1291CF2D73CA94768B
:1045900028ABF517490856B4EA6937D58B5709EBAC
:1045A000B536688AD495CB2977F4AA4816E9B75569
:1045B0000B88D6346A2B7597C94A14F6A8742AC892
:1045C00096154BA9F7B6E80A54D7896B3500000059
:1045D000891112239B322446AD573665BF74488C2F
:1045E000C19D5AAFD3BE6CCAE5DB7EE9F7F88110F6
:1045F000080193331A22A5562C47B7753E64C99C0F
:10460000408DDBBF52AEEDDA64CBFFF976E80221D4
:104610008B30100299132667AF763444BD554AADEE
:10462000C3BC588ED19F6EEBE7FA7CC8F5D98331B5
:104630000A2091121803A7772E66B5543C45CBBDCE
:1046400042ACD99E508FEFFB66EAFDD874C9044294
:104650008D5316619F702004A9153227BB364CCEAE
:10466000C5DF5EEDD7FC6888E1997AABF3BA855275
:104670000C4397711E60A1142805B3373A26CDDE8E
:1046800044CFDFFD56ECE9986089FBBB72AA066354
:104690008F7214409D512225AB343006B9174EEF6E
:1046A000C7FE5CCCD5DD6AA9E3B8788AF19B877335
:1046B0000E6295501C41A3352A24B1163807CFFF4E
:1046C00046EEDDDC54CDEBB962A8F99A708B088414
:1046D00081951AA793B62CC2A5D33EE1B7F0400846
:1046E000C919522BDB3A644EED5F766DFF7C8994DD
:1046F00000859BB712A6ADD224C3BFF136E0C11826
:104700004809D33B5A2AE55E6C4FF77D7E6C0AA5BB
:1047100083B4188691972EE3A7F23CC0B5D1422905
:10472000CB38500AD91B666FEF7E744CFD5D8BB59C
:1047300002A499961087AFF326E2BDD034C1C339E5
:104740004A28D11A580BE77F6E6EF55C7C4D0CC67B
:1047500085D71EE597F42880A1913AA3B3B2444AC5
:10476000CD5B5669DF78600CE91D722FFB3E8DD65C
:1047700004C79FF516E4A9902081BBB332A2C55AA5
:104780004C4BD7795E68E11C680DF33F7A2E0EE73B
:1047900087F61CC495D52AA1A3B03882B193466B85
:1047A000CF7A5448DD59622DEB3C700EF91F8FF71C
:1047B00006E69DD414C5ABB122A0B9923083C77B65
:1047C0004E6AD5585C49E33D6A2CF11E780F000013
:1047D00000000000920E493CB10AC93C2BC3163DB3
:1047E0002EFB483D752B7B3D04A9963D80B6AF3D21
:1047F00036BDC83D2FBCE13D73B2FA3D87CF093EBF
:104800008340163EB5AB223EA2102F3ECF6E3B3EFC
:10481000C2C5473E0115543E135C603E7F9A6C3E14
:10482000CCCF783EC07D823E938E883E229A8E3ECB
:1048300032A0943E86A09A3EE59AA03E128FA63EF4
:10484000D47CAC3EEF63B23E2A44B83E491DBE3E26
:1048500015EFC33E53B9C93ECA7BCF3E4136D53E64
:1048600080E8DA3E4F92E03E7533E63EBBCBEB3E4E
:10487000EA5AF13ECBE0F63E275DFC3EE4E7003F1E
:104880003D9C033F824B063F9BF5083F6B9A0B3FD5
:10489000DA390E3FCDD3103F2A68133FD9F6153FC2
:1048A000C07F183FC6021B3FD17F1D3FCBF61F3F85
:1048B0009967223F25D2243F5636273F1594293F3A
:1048C0004AEB2B3FDE3B2E3FBB85303FC9C8323F12
:1048D000F304353F233A373F4268393F3B8F3B3F34
:1048E000F9AE3D3F67C73F3F70D8413F01E2433FCC
:1048F00003E4453F65DE473F12D1493FF8BB4B3FDC
:10490000029F4D3F207A4F3F3D4D513F4918533F45
:1049100031DB543FE595563F5348583F6AF2593FC3
:104920001A945B3F532D5D3F05BE5E3F2146603FBD
:1049300097C5613F5A3C633F59AA643F880F663F61
:10494000D86B673F3CBF683FA7096A3F0C4B6B3F82
:104950005E836C3F93B26D3F9ED86E3F73F56F3FA1
:104960000809713F5213723F4714733FDD0B743FC8
:104970000BFA743FC6DE753F07BA763FC58B773FAB
:10498000F853783F9812793F9DC7793F02737A3F79
:10499000BE147B3FCDAC7B3F283B7C3FC9BF7C3FF7
:1049A000AC3A7D3FCCAB7D3F23137E3FB0707E3F62
:1049B0006DC47E3F580E7F3F6D4E7F3FAB847F3F7F
:1049C0000FB17F3F97D37F3F43EC7F3F11FB7F3F8A
:1049D0000000803F11FB7F3F43EC7F3F97D37F3F39
:1049E0000FB17F3FAB847F3F6D4E7F3F580E7F3FBF
:1049F0006DC47E3FB0707E3F23137E3FCCAB7D3FC6
:104A0000AC3A7D3FC9BF7C3F283B7C3FCDAC7B3F70
:104A1000BE147B3F02737A3F9DC7793F9812793F5E
:104A2000F853783FC58B773F07BA763FC6DE753FB0
:104A30000BFA743FDD0B743F4714733F5213723F00
:104A40000809713F73F56F3F9ED86E3F93B26D3F7B
:104A50005E836C3F0C4B6B3FA7096A3F3CBF683FCE
:104A6000D86B673F880F663F59AA643F5A3C633F43
:104A700097C5613F2146603F05BE5E3F532D5D3FB8
:104A80001A945B3F6AF2593F5348583FE595563FA9
:104A900031DB543F4918533F3D4D513F207A4F3F42
:104AA000029F4D3FF8BB4B3F12D1493F65DE473F68
:104AB00003E4453F01E2433F70D8413F67C73F3FB2
:104AC000F9AE3D3F3B8F3B3F4268393F233A373F8A
:104AD000F304353FC9C8323FBB85303FDE3B2E3F34
:104AE0004AEB2B3F1594293F5636273F25D2243FCA
:104AF0009967223FCBF61F3FD17F1D3FC6021B3F68
:104B0000C07F183FD9F6153F2A68133FCDD3103F19
:104B1000DA390E3F6B9A0B3F9BF5083F824B063FFD
:104B20003D9C033FE4E7003F275DFC3ECBE0F63EC3
:104B3000EA5AF13EBBCBEB3E7533E63E4F92E03E88
:104B400080E8DA3E4136D53ECA7BCF3E53B9C93EF6
:104B500015EFC33E491DBE3E2A44B83EEF63B23E48
:104B6000D47CAC3E128FA63EE59AA03E86A09A3E2B
:104B700032A0943E229A8E3E938E883EC07D823E25
:104B8000CCCF783E7F9A6C3E135C603E0115543E5C
:104B9000C2C5473ECF6E3B3EA2102F3EB5AB223E74
:104BA0008340163E87CF093E73B2FA3D2FBCE13DEC
:104BB00036BDC83D80B6AF3D04A9963D752B7B3D03
:104BC0002EFB483D2BC3163DB10AC93C920E493C11
:104BD00000000000920E49BCB10AC9BC2BC316BD2F
:104BE0002EFB48BD752B7BBD04A996BD80B6AFBD1D
:104BF00036BDC8BD2FBCE1BD73B2FABD87CF09BEBB
:104C0000834016BEB5AB22BEA2102FBECF6E3BBEF8
:104C1000C2C547BE011554BE135C60BE7F9A6CBE10
:104C2000CCCF78BEC07D82BE938E88BE229A8EBEC7
:104C300032A094BE86A09ABEE59AA0BE128FA6BEF0
:104C4000D47CACBEEF63B2BE2A44B8BE491DBEBE22
:104C500015EFC3BE53B9C9BECA7BCFBE4136D5BE60
:104C600080E8DABE4F92E0BE7533E6BEBBCBEBBE4A
:104C7000EA5AF1BECBE0F6BE275DFCBEE4E700BF1A
:104C80003D9C03BF824B06BF9BF508BF6B9A0BBFD1
:104C9000DA390EBFCDD310BF2A6813BFD9F615BFBE
:104CA000C07F18BFC6021BBFD17F1DBFCBF61FBF81
:104CB000996722BF25D224BF563627BF159429BF36
:104CC0004AEB2BBFDE3B2EBFBB8530BFC9C832BF0E
:104CD000F30435BF233A37BF426839BF3B8F3BBF30
:104CE000F9AE3DBF67C73FBF70D841BF01E243BFC8
:104CF00003E445BF65DE47BF12D149BFF8BB4BBFD8
:104D0000029F4DBF207A4FBF3D4D51BF491853BF41
:104D100031DB54BFE59556BF534858BF6AF259BFBF
:104D20001A945BBF532D5DBF05BE5EBF214660BFB9
:104D300097C561BF5A3C63BF59AA64BF880F66BF5D
:104D4000D86B67BF3CBF68BFA7096ABF0C4B6BBF7E
:104D50005E836CBF93B26DBF9ED86EBF73F56FBF9D
:104D6000080971BF521372BF471473BFDD0B74BFC4
:104D70000BFA74BFC6DE75BF07BA76BFC58B77BFA7
:104D8000F85378BF981279BF9DC779BF02737ABF75
:104D9000BE147BBFCDAC7BBF283B7CBFC9BF7CBFF3
:104DA000AC3A7DBFCCAB7DBF23137EBFB0707EBF5E
:104DB0006DC47EBF580E7FBF6D4E7FBFAB847FBF7B
:104DC0000FB17FBF97D37FBF43EC7FBF11FB7FBF86
:104DD000000080BF11FB7FBF43EC7FBF97D37FBF35
:104DE0000FB17FBFAB847FBF6D4E7FBF580E7FBFBB
:104DF0006DC47EBFB0707EBF23137EBFCCAB7DBFC2
:104E0000AC3A7DBFC9BF7CBF283B7CBFCDAC7BBF6C
:104E1000BE147BBF02737ABF9DC779BF981279BF5A
:104E2000F85378BFC58B77BF07BA76BFC6DE75BFAC
:104E30000BFA74BFDD0B74BF471473BF521372BFFC
:104E4000080971BF73F56FBF9ED86EBF93B26DBF77
:104E50005E836CBF0C4B6BBFA7096ABF3CBF68BFCA
:104E6000D86B67BF880F66BF59AA64BF5A3C63BF3F
:104E700097C561BF214660BF05BE5EBF532D5DBFB4
:104E80001A945BBF6AF259BF534858BFE59556BFA5
:104E900031DB54BF491853BF3D4D51BF207A4FBF3E
:104EA000029F4DBFF8BB4BBF12D149BF65DE47BF64
:104EB00003E445BF01E243BF70D841BF67C73FBFAE
:104EC000F9AE3DBF3B8F3BBF426839BF233A37BF86
:104ED000F30435BFC9C832BFBB8530BFDE3B2EBF30
:104EE0004AEB2BBF159429BF563627BF25D224BFC6
:104EF000996722BFCBF61FBFD17F1DBFC6021BBF64
:104F0000C07F18BFD9F615BF2A6813BFCDD310BF15
:104F1000DA390EBF6B9A0BBF9BF508BF824B06BFF9
:104F20003D9C03BFE4E700BF275DFCBECBE0F6BEBF
:104F3000EA5AF1BEBBCBEBBE7533E6BE4F92E0BE84
:104F400080E8DABE4136D5BECA7BCFBE53B9C9BEF2
:104F500015EFC3BE491DBEBE2A44B8BEEF63B2BE44
:104F6000D47CACBE128FA6BEE59AA0BE86A09ABE27
:104F700032A094BE229A8EBE938E88BEC07D82BE21
:104F8000CCCF78BE7F9A6CBE135C60BE011554BE58
:104F9000C2C547BECF6E3BBEA2102FBEB5AB22BE70
:104FA000834016BE87CF09BE73B2FABD2FBCE1BDE8
:104FB00036BDC8BD80B6AFBD04A996BD752B7BBDFF
:104FC0002EFB48BD2BC316BDB10AC9BC920E49BC0D
:104FD00000000080000000004C5555555555A53F78
:104FE0007751C1166CC156BF9015CB19A001FA3E7E
:104FF000AD529C804F7E92BEC4B1B4BD9EEE213EA8
:10500000D43888BEE9FAA8BD00004054FB21F93F1E
:105010003163621A61B4D03D0000601A61B4D03DC2
:105020007370032E8A19A33B0000002E8A19A33B3C
:10503000C14920259A837B39000000000000000050
:105040006E83F9A22915444ED15727FCC0DD34F5F3
:10505000999562DB4190433CAB6351FE61C5BBDE79
:105060003A6E24B7E0D24D42EA2E49061C92D1098D
:105070001CEB1DFE3EA729B1F53582E88444BB2E0A
:1050800026709CE9417E5FB439D69139F439538357
:105090008B5F849C3B28F9BDFF97F81F0F9805DEB6
:1050A0008B112FEF1F6D0A5ACF7E366DB709CB27B4
:1050B000663F464F2DEA5F9EC7BA27757BF1E5EB49
:1050C000F739073DEA92528AB15FFB6B085D8D1F8D
:1050D000A6F810111111813FD561C119A0012ABF95
:1050E0007DFEB157E31DC73EEB9C2B8AE6E55ABE19
:1050F0007CD5CF5A3AD9E53D524546455245450003
:10510000494E535461736B0064656661756C7454E9
:1051100061736B0073797374656D5F7461736B0099
:10512000736D616C6C5F67696D5F7461736B0000B8
:105130004175746F5F7461736B0000006D6F746F05
:10514000725F7461736B0000636861737369735F8E
:105150007461736B000000007472616E736D69742A
:105160005F7461736B0000006269675F7961775FEC
:105170007461736B0000000098510108000000206A
:1051800070080000CC130008985301087008002034
:10519000E8BB0000D4F100080138253333F33F1A8F
:1051A000800421022F01201148E11A40666616C0D2
:1051B0009A992541EC5164411A08046BF040081893
:1051C00010CDCCD4409A991141C3F5C84048E1DADA
:1051D00018180A7C41713D1641A470A9041AB53C07
:1051E0001EBE4148E1F21C6F36411F858B401819E5
:1051F0009019045E40C066660E500156BCA4012C96
:10520000F3BAF40E016613C5C014080DC11B081DC6
:10521000041A49041A89041A91141AD504131201A4
:10522000140202021640830440571D02010203A02B
:10523000071A040309041A0313051E1B08010413AB
:10524000BD1D1B0829081A550441321039DF035DC2
:1052500024F41AAA01C1130A0632022A407C137DE3
:10526000BB140879B94C08C7BD94134DBA14086D26
:10527000B81B083114C11AF1181AAD041A39301AC2
:105280009D08140902431302011DC0320904C51A06
:10529000020B130524161001052401100901042432
:1052A00002020524061701070582030815100904E8
:1052B0000133020A2E0705010240072A8107648193
:1052C000018202170780093333EB3A58A08B3A3931
:1052D000B01404017C100F0240AB034101055308D8
:1052E000065804070F160810810911160A15800BBD
:1052F00016450C18010D031070171A40732904117C
:1053000059040B14803F1C2918691C3908091134F1
:105310007924091118A914092A30290439847995A6
:10532000C918A904092AC4691C094AC4A9A8E9180A
:10533000E91CE9C46930E9D06918691C0912E4095B
:10534000169CA988A9040120A990E980A984A970C4
:10535000A9E0011B08081250C347CDCCCC3D04097D
:10536000531C110B1AC8421C01960217020A332063
:10537000B013480E2A2053290823FF015A70102920
:10538000082910291802A303E3FFFF19BB0111121A
:085390000703108080000000FB
:040000050800018965
:00000001FF
